ID_Producto,Nombre,Categoria,Marca,Modelo,Descripcion,Precio_MXN,Stock,Proveedor,Estado
1,Monitor TP-Link Business-381,Electrónica,TP-Link,Business-381,"Monitor de TP-Link, modelo Business-381, diseñado para uso doméstico, empresarial o profesional.",8759.99,35,Proveedor 24,Disponible
2,Monitor Tripp Lite Basic-704,Electrónica,Tripp Lite,Basic-704,"Monitor de Tripp Lite, modelo Basic-704, diseñado para uso doméstico, empresarial o profesional.",14911.78,7,Proveedor 03,Disponible
3,Mouse Epson Max-716,Electrónica,Epson,Max-716,"Mouse de Epson, modelo Max-716, diseñado para uso doméstico, empresarial o profesional.",1172.12,50,Proveedor 23,Disponible
4,Memoria USB Ubiquiti Pro-559,Electrónica,Ubiquiti,Pro-559,"Memoria USB de Ubiquiti, modelo Pro-559, diseñado para uso doméstico, empresarial o profesional.",20726.98,1,Proveedor 25,Disponible
5,Teclado Ubiquiti Plus-384,Electrónica,Ubiquiti,Plus-384,"Teclado de Ubiquiti, modelo Plus-384, diseñado para uso doméstico, empresarial o profesional.",5652.91,86,Proveedor 04,Disponible
6,Monitor Huawei Basic-467,Electrónica,Huawei,Basic-467,"Monitor de Huawei, modelo Basic-467, diseñado para uso doméstico, empresarial o profesional.",29700.43,67,Proveedor 02,Disponible
7,Webcam Tripp Lite Basic-487,Electrónica,Tripp Lite,Basic-487,"Webcam de Tripp Lite, modelo Basic-487, diseñado para uso doméstico, empresarial o profesional.",2988.31,75,Proveedor 21,Disponible
8,Disco SSD LG Max-296,Electrónica,LG,Max-296,"Disco SSD de LG, modelo Max-296, diseñado para uso doméstico, empresarial o profesional.",24733.87,11,Proveedor 22,Disponible
9,Mouse Kingston Basic-975,Electrónica,Kingston,Basic-975,"Mouse de Kingston, modelo Basic-975, diseñado para uso doméstico, empresarial o profesional.",8339.48,25,Proveedor 13,Disponible
10,Audífonos Hikvision Business-954,Electrónica,Hikvision,Business-954,"Audífonos de Hikvision, modelo Business-954, diseñado para uso doméstico, empresarial o profesional.",12927.92,94,Proveedor 12,Disponible
11,Mouse Logitech Business-799,Electrónica,Logitech,Business-799,"Mouse de Logitech, modelo Business-799, diseñado para uso doméstico, empresarial o profesional.",22769.23,43,Proveedor 18,Disponible
12,Mouse ASUS Ultra-488,Electrónica,ASUS,Ultra-488,"Mouse de ASUS, modelo Ultra-488, diseñado para uso doméstico, empresarial o profesional.",9630.69,142,Proveedor 08,Disponible
13,Bocina Bluetooth Cisco Pro-941,Electrónica,Cisco,Pro-941,"Bocina Bluetooth de Cisco, modelo Pro-941, diseñado para uso doméstico, empresarial o profesional.",1365.48,80,Proveedor 13,Disponible
14,Audífonos Dell Pro-680,Electrónica,Dell,Pro-680,"Audífonos de Dell, modelo Pro-680, diseñado para uso doméstico, empresarial o profesional.",30703.78,80,Proveedor 07,Disponible
15,Webcam Huawei Business-569,Electrónica,Huawei,Business-569,"Webcam de Huawei, modelo Business-569, diseñado para uso doméstico, empresarial o profesional.",5214.79,35,Proveedor 08,Disponible
16,Memoria USB Tripp Lite Plus-864,Electrónica,Tripp Lite,Plus-864,"Memoria USB de Tripp Lite, modelo Plus-864, diseñado para uso doméstico, empresarial o profesional.",20564.36,149,Proveedor 13,Disponible
17,Bocina Bluetooth Epson Pro-621,Electrónica,Epson,Pro-621,"Bocina Bluetooth de Epson, modelo Pro-621, diseñado para uso doméstico, empresarial o profesional.",17399.68,12,Proveedor 04,Disponible
18,Teclado ASUS Enterprise-796,Electrónica,ASUS,Enterprise-796,"Teclado de ASUS, modelo Enterprise-796, diseñado para uso doméstico, empresarial o profesional.",14920.06,16,Proveedor 13,Disponible
19,Tablet AMD Ultra-641,Electrónica,AMD,Ultra-641,"Tablet de AMD, modelo Ultra-641, diseñado para uso doméstico, empresarial o profesional.",8986.64,141,Proveedor 01,Disponible
20,Monitor Tripp Lite Enterprise-373,Electrónica,Tripp Lite,Enterprise-373,"Monitor de Tripp Lite, modelo Enterprise-373, diseñado para uso doméstico, empresarial o profesional.",26958.81,87,Proveedor 04,Disponible
21,Audífonos Ubiquiti Pro-564,Electrónica,Ubiquiti,Pro-564,"Audífonos de Ubiquiti, modelo Pro-564, diseñado para uso doméstico, empresarial o profesional.",362.77,67,Proveedor 17,Disponible
22,Teclado APC Basic-991,Electrónica,APC,Basic-991,"Teclado de APC, modelo Basic-991, diseñado para uso doméstico, empresarial o profesional.",21979.18,129,Proveedor 20,Disponible
23,Mouse Lenovo Plus-880,Electrónica,Lenovo,Plus-880,"Mouse de Lenovo, modelo Plus-880, diseñado para uso doméstico, empresarial o profesional.",5863.83,135,Proveedor 01,Disponible
24,Disco SSD Samsung Ultra-119,Electrónica,Samsung,Ultra-119,"Disco SSD de Samsung, modelo Ultra-119, diseñado para uso doméstico, empresarial o profesional.",4137.4,92,Proveedor 10,Disponible
25,Mouse Cisco Pro-999,Electrónica,Cisco,Pro-999,"Mouse de Cisco, modelo Pro-999, diseñado para uso doméstico, empresarial o profesional.",19965.65,20,Proveedor 03,Disponible
26,Webcam Dell Enterprise-645,Electrónica,Dell,Enterprise-645,"Webcam de Dell, modelo Enterprise-645, diseñado para uso doméstico, empresarial o profesional.",26862.75,32,Proveedor 22,Disponible
27,Webcam Tripp Lite Pro-371,Electrónica,Tripp Lite,Pro-371,"Webcam de Tripp Lite, modelo Pro-371, diseñado para uso doméstico, empresarial o profesional.",18586.66,108,Proveedor 07,Disponible
28,Memoria USB Acer Business-419,Electrónica,Acer,Business-419,"Memoria USB de Acer, modelo Business-419, diseñado para uso doméstico, empresarial o profesional.",14114.98,95,Proveedor 15,Disponible
29,Memoria USB Hikvision Basic-353,Electrónica,Hikvision,Basic-353,"Memoria USB de Hikvision, modelo Basic-353, diseñado para uso doméstico, empresarial o profesional.",8058.23,86,Proveedor 01,Disponible
30,Disco SSD Tripp Lite Pro-702,Electrónica,Tripp Lite,Pro-702,"Disco SSD de Tripp Lite, modelo Pro-702, diseñado para uso doméstico, empresarial o profesional.",7902.55,18,Proveedor 23,Disponible
31,Laptop Epson Basic-132,Electrónica,Epson,Basic-132,"Laptop de Epson, modelo Basic-132, diseñado para uso doméstico, empresarial o profesional.",30122.33,18,Proveedor 17,Disponible
32,Mouse Logitech Business-597,Electrónica,Logitech,Business-597,"Mouse de Logitech, modelo Business-597, diseñado para uso doméstico, empresarial o profesional.",7694.73,33,Proveedor 24,Disponible
33,Disco SSD Intel Ultra-348,Electrónica,Intel,Ultra-348,"Disco SSD de Intel, modelo Ultra-348, diseñado para uso doméstico, empresarial o profesional.",27515.52,104,Proveedor 07,Disponible
34,Monitor HP Business-541,Electrónica,HP,Business-541,"Monitor de HP, modelo Business-541, diseñado para uso doméstico, empresarial o profesional.",12561.84,105,Proveedor 15,Disponible
35,Laptop HP Basic-512,Electrónica,HP,Basic-512,"Laptop de HP, modelo Basic-512, diseñado para uso doméstico, empresarial o profesional.",25555.42,27,Proveedor 08,Disponible
36,Mouse Acer Max-559,Electrónica,Acer,Max-559,"Mouse de Acer, modelo Max-559, diseñado para uso doméstico, empresarial o profesional.",5121.33,46,Proveedor 09,Disponible
37,Webcam Epson Enterprise-177,Electrónica,Epson,Enterprise-177,"Webcam de Epson, modelo Enterprise-177, diseñado para uso doméstico, empresarial o profesional.",15648.79,140,Proveedor 04,Disponible
38,Laptop Tripp Lite Enterprise-115,Electrónica,Tripp Lite,Enterprise-115,"Laptop de Tripp Lite, modelo Enterprise-115, diseñado para uso doméstico, empresarial o profesional.",33922.62,60,Proveedor 06,Disponible
39,Tablet Brother Ultra-318,Electrónica,Brother,Ultra-318,"Tablet de Brother, modelo Ultra-318, diseñado para uso doméstico, empresarial o profesional.",30296.6,15,Proveedor 06,Disponible
40,Tablet TP-Link Ultra-371,Electrónica,TP-Link,Ultra-371,"Tablet de TP-Link, modelo Ultra-371, diseñado para uso doméstico, empresarial o profesional.",32446.5,116,Proveedor 10,Disponible
41,Tablet Tripp Lite Business-835,Electrónica,Tripp Lite,Business-835,"Tablet de Tripp Lite, modelo Business-835, diseñado para uso doméstico, empresarial o profesional.",17161.83,48,Proveedor 10,Disponible
42,Mouse Cisco Max-853,Electrónica,Cisco,Max-853,"Mouse de Cisco, modelo Max-853, diseñado para uso doméstico, empresarial o profesional.",19091.28,80,Proveedor 02,Disponible
43,Laptop Intel Ultra-614,Electrónica,Intel,Ultra-614,"Laptop de Intel, modelo Ultra-614, diseñado para uso doméstico, empresarial o profesional.",32198.7,135,Proveedor 06,Disponible
44,Laptop APC Basic-971,Electrónica,APC,Basic-971,"Laptop de APC, modelo Basic-971, diseñado para uso doméstico, empresarial o profesional.",6707.42,17,Proveedor 22,Disponible
45,Mouse Huawei Basic-683,Electrónica,Huawei,Basic-683,"Mouse de Huawei, modelo Basic-683, diseñado para uso doméstico, empresarial o profesional.",8805.98,10,Proveedor 20,Disponible
46,Monitor Ubiquiti Business-697,Electrónica,Ubiquiti,Business-697,"Monitor de Ubiquiti, modelo Business-697, diseñado para uso doméstico, empresarial o profesional.",19891.64,80,Proveedor 09,Disponible
47,Mouse Samsung Pro-371,Electrónica,Samsung,Pro-371,"Mouse de Samsung, modelo Pro-371, diseñado para uso doméstico, empresarial o profesional.",14003.56,76,Proveedor 15,Disponible
48,Bocina Bluetooth Dell Basic-569,Electrónica,Dell,Basic-569,"Bocina Bluetooth de Dell, modelo Basic-569, diseñado para uso doméstico, empresarial o profesional.",21835.28,144,Proveedor 04,Disponible
49,Monitor Tripp Lite Pro-618,Electrónica,Tripp Lite,Pro-618,"Monitor de Tripp Lite, modelo Pro-618, diseñado para uso doméstico, empresarial o profesional.",9465.71,89,Proveedor 03,Disponible
50,Mouse LG Plus-261,Electrónica,LG,Plus-261,"Mouse de LG, modelo Plus-261, diseñado para uso doméstico, empresarial o profesional.",15476.91,139,Proveedor 23,Disponible
51,Audífonos AMD Enterprise-769,Electrónica,AMD,Enterprise-769,"Audífonos de AMD, modelo Enterprise-769, diseñado para uso doméstico, empresarial o profesional.",18630.69,141,Proveedor 10,Disponible
52,Monitor Lenovo Plus-218,Electrónica,Lenovo,Plus-218,"Monitor de Lenovo, modelo Plus-218, diseñado para uso doméstico, empresarial o profesional.",31167.52,141,Proveedor 05,Disponible
53,Audífonos Kingston Max-315,Electrónica,Kingston,Max-315,"Audífonos de Kingston, modelo Max-315, diseñado para uso doméstico, empresarial o profesional.",25187.02,52,Proveedor 22,Disponible
54,Audífonos APC Ultra-357,Electrónica,APC,Ultra-357,"Audífonos de APC, modelo Ultra-357, diseñado para uso doméstico, empresarial o profesional.",31710.44,13,Proveedor 03,Disponible
55,Tablet Logitech Basic-103,Electrónica,Logitech,Basic-103,"Tablet de Logitech, modelo Basic-103, diseñado para uso doméstico, empresarial o profesional.",11841.09,33,Proveedor 21,Disponible
56,Audífonos ASUS Business-552,Electrónica,ASUS,Business-552,"Audífonos de ASUS, modelo Business-552, diseñado para uso doméstico, empresarial o profesional.",19420.89,109,Proveedor 18,Disponible
57,Laptop HP Basic-807,Electrónica,HP,Basic-807,"Laptop de HP, modelo Basic-807, diseñado para uso doméstico, empresarial o profesional.",31661.52,139,Proveedor 02,Disponible
58,Bocina Bluetooth Intel Max-251,Electrónica,Intel,Max-251,"Bocina Bluetooth de Intel, modelo Max-251, diseñado para uso doméstico, empresarial o profesional.",15185.09,10,Proveedor 10,Disponible
59,Bocina Bluetooth Cisco Plus-315,Electrónica,Cisco,Plus-315,"Bocina Bluetooth de Cisco, modelo Plus-315, diseñado para uso doméstico, empresarial o profesional.",23951.82,26,Proveedor 12,Disponible
60,Memoria USB Ubiquiti Max-867,Electrónica,Ubiquiti,Max-867,"Memoria USB de Ubiquiti, modelo Max-867, diseñado para uso doméstico, empresarial o profesional.",5620.73,60,Proveedor 06,Disponible
61,Teclado Ubiquiti Basic-283,Electrónica,Ubiquiti,Basic-283,"Teclado de Ubiquiti, modelo Basic-283, diseñado para uso doméstico, empresarial o profesional.",25845.62,85,Proveedor 14,Disponible
62,Mouse Logitech Pro-906,Electrónica,Logitech,Pro-906,"Mouse de Logitech, modelo Pro-906, diseñado para uso doméstico, empresarial o profesional.",24619.42,97,Proveedor 02,Disponible
63,Webcam Epson Pro-936,Electrónica,Epson,Pro-936,"Webcam de Epson, modelo Pro-936, diseñado para uso doméstico, empresarial o profesional.",32166.2,89,Proveedor 10,Disponible
64,Mouse Epson Basic-775,Electrónica,Epson,Basic-775,"Mouse de Epson, modelo Basic-775, diseñado para uso doméstico, empresarial o profesional.",6961.26,84,Proveedor 09,Disponible
65,Monitor Logitech Plus-756,Electrónica,Logitech,Plus-756,"Monitor de Logitech, modelo Plus-756, diseñado para uso doméstico, empresarial o profesional.",17951.85,137,Proveedor 11,Disponible
66,Laptop HP Plus-282,Electrónica,HP,Plus-282,"Laptop de HP, modelo Plus-282, diseñado para uso doméstico, empresarial o profesional.",20425.49,67,Proveedor 02,Disponible
67,Monitor AMD Ultra-453,Electrónica,AMD,Ultra-453,"Monitor de AMD, modelo Ultra-453, diseñado para uso doméstico, empresarial o profesional.",25566.94,80,Proveedor 14,Disponible
68,Disco SSD APC Basic-494,Electrónica,APC,Basic-494,"Disco SSD de APC, modelo Basic-494, diseñado para uso doméstico, empresarial o profesional.",31507.79,48,Proveedor 09,Disponible
69,Laptop Ubiquiti Basic-632,Electrónica,Ubiquiti,Basic-632,"Laptop de Ubiquiti, modelo Basic-632, diseñado para uso doméstico, empresarial o profesional.",32413.74,137,Proveedor 22,Disponible
70,Mouse LG Ultra-171,Electrónica,LG,Ultra-171,"Mouse de LG, modelo Ultra-171, diseñado para uso doméstico, empresarial o profesional.",33223.39,84,Proveedor 20,Disponible
71,Bocina Bluetooth HP Business-407,Electrónica,HP,Business-407,"Bocina Bluetooth de HP, modelo Business-407, diseñado para uso doméstico, empresarial o profesional.",17872.51,104,Proveedor 11,Disponible
72,Tablet Kingston Max-230,Electrónica,Kingston,Max-230,"Tablet de Kingston, modelo Max-230, diseñado para uso doméstico, empresarial o profesional.",6916.44,97,Proveedor 22,Disponible
73,Teclado AMD Max-408,Electrónica,AMD,Max-408,"Teclado de AMD, modelo Max-408, diseñado para uso doméstico, empresarial o profesional.",14361.11,0,Proveedor 10,Agotado
74,Audífonos Acer Ultra-904,Electrónica,Acer,Ultra-904,"Audífonos de Acer, modelo Ultra-904, diseñado para uso doméstico, empresarial o profesional.",20404.47,82,Proveedor 15,Disponible
75,Webcam Hikvision Business-318,Electrónica,Hikvision,Business-318,"Webcam de Hikvision, modelo Business-318, diseñado para uso doméstico, empresarial o profesional.",18013.3,43,Proveedor 22,Disponible
76,Monitor Kingston Max-779,Electrónica,Kingston,Max-779,"Monitor de Kingston, modelo Max-779, diseñado para uso doméstico, empresarial o profesional.",22244.69,85,Proveedor 03,Disponible
77,Mouse Kingston Pro-925,Electrónica,Kingston,Pro-925,"Mouse de Kingston, modelo Pro-925, diseñado para uso doméstico, empresarial o profesional.",7169.77,6,Proveedor 02,Disponible
78,Mouse Brother Max-970,Electrónica,Brother,Max-970,"Mouse de Brother, modelo Max-970, diseñado para uso doméstico, empresarial o profesional.",26955.0,116,Proveedor 14,Disponible
79,Disco SSD Acer Business-813,Electrónica,Acer,Business-813,"Disco SSD de Acer, modelo Business-813, diseñado para uso doméstico, empresarial o profesional.",13593.25,102,Proveedor 08,Disponible
80,Teclado TP-Link Enterprise-981,Electrónica,TP-Link,Enterprise-981,"Teclado de TP-Link, modelo Enterprise-981, diseñado para uso doméstico, empresarial o profesional.",27009.11,27,Proveedor 25,Disponible
81,Tablet Epson Pro-923,Electrónica,Epson,Pro-923,"Tablet de Epson, modelo Pro-923, diseñado para uso doméstico, empresarial o profesional.",33539.32,132,Proveedor 15,Disponible
82,Laptop Tripp Lite Pro-968,Electrónica,Tripp Lite,Pro-968,"Laptop de Tripp Lite, modelo Pro-968, diseñado para uso doméstico, empresarial o profesional.",4467.21,34,Proveedor 15,Disponible
83,Memoria USB Tripp Lite Max-424,Electrónica,Tripp Lite,Max-424,"Memoria USB de Tripp Lite, modelo Max-424, diseñado para uso doméstico, empresarial o profesional.",33263.88,113,Proveedor 20,Disponible
84,Memoria USB Ubiquiti Enterprise-661,Electrónica,Ubiquiti,Enterprise-661,"Memoria USB de Ubiquiti, modelo Enterprise-661, diseñado para uso doméstico, empresarial o profesional.",15745.5,40,Proveedor 24,Disponible
85,Webcam Hikvision Plus-869,Electrónica,Hikvision,Plus-869,"Webcam de Hikvision, modelo Plus-869, diseñado para uso doméstico, empresarial o profesional.",8841.58,70,Proveedor 25,Disponible
86,Memoria USB Brother Business-344,Electrónica,Brother,Business-344,"Memoria USB de Brother, modelo Business-344, diseñado para uso doméstico, empresarial o profesional.",9792.26,19,Proveedor 23,Disponible
87,Audífonos Epson Plus-443,Electrónica,Epson,Plus-443,"Audífonos de Epson, modelo Plus-443, diseñado para uso doméstico, empresarial o profesional.",11359.91,138,Proveedor 03,Disponible
88,Teclado Lenovo Pro-492,Electrónica,Lenovo,Pro-492,"Teclado de Lenovo, modelo Pro-492, diseñado para uso doméstico, empresarial o profesional.",24364.76,54,Proveedor 03,Disponible
89,Tablet Ubiquiti Plus-655,Electrónica,Ubiquiti,Plus-655,"Tablet de Ubiquiti, modelo Plus-655, diseñado para uso doméstico, empresarial o profesional.",16440.87,15,Proveedor 07,Disponible
90,Tablet Huawei Enterprise-698,Electrónica,Huawei,Enterprise-698,"Tablet de Huawei, modelo Enterprise-698, diseñado para uso doméstico, empresarial o profesional.",33125.66,5,Proveedor 25,Disponible
91,Disco SSD Huawei Ultra-106,Electrónica,Huawei,Ultra-106,"Disco SSD de Huawei, modelo Ultra-106, diseñado para uso doméstico, empresarial o profesional.",33010.27,76,Proveedor 25,Disponible
92,Tablet Ubiquiti Max-865,Electrónica,Ubiquiti,Max-865,"Tablet de Ubiquiti, modelo Max-865, diseñado para uso doméstico, empresarial o profesional.",25778.53,56,Proveedor 16,Disponible
93,Mouse Logitech Ultra-597,Electrónica,Logitech,Ultra-597,"Mouse de Logitech, modelo Ultra-597, diseñado para uso doméstico, empresarial o profesional.",1258.61,86,Proveedor 22,Disponible
94,Tablet ASUS Enterprise-578,Electrónica,ASUS,Enterprise-578,"Tablet de ASUS, modelo Enterprise-578, diseñado para uso doméstico, empresarial o profesional.",32204.07,136,Proveedor 01,Disponible
95,Tablet Intel Max-778,Electrónica,Intel,Max-778,"Tablet de Intel, modelo Max-778, diseñado para uso doméstico, empresarial o profesional.",1191.8,109,Proveedor 05,Disponible
96,Webcam ASUS Basic-366,Electrónica,ASUS,Basic-366,"Webcam de ASUS, modelo Basic-366, diseñado para uso doméstico, empresarial o profesional.",13423.86,54,Proveedor 15,Disponible
97,Bocina Bluetooth Samsung Enterprise-488,Electrónica,Samsung,Enterprise-488,"Bocina Bluetooth de Samsung, modelo Enterprise-488, diseñado para uso doméstico, empresarial o profesional.",9919.42,107,Proveedor 09,Disponible
98,Monitor Brother Basic-867,Electrónica,Brother,Basic-867,"Monitor de Brother, modelo Basic-867, diseñado para uso doméstico, empresarial o profesional.",18994.81,89,Proveedor 08,Disponible
99,Monitor Cisco Enterprise-131,Electrónica,Cisco,Enterprise-131,"Monitor de Cisco, modelo Enterprise-131, diseñado para uso doméstico, empresarial o profesional.",33249.01,51,Proveedor 01,Disponible
100,Disco SSD Lenovo Pro-229,Electrónica,Lenovo,Pro-229,"Disco SSD de Lenovo, modelo Pro-229, diseñado para uso doméstico, empresarial o profesional.",16706.25,29,Proveedor 19,Disponible
101,Mouse Hikvision Business-362,Electrónica,Hikvision,Business-362,"Mouse de Hikvision, modelo Business-362, diseñado para uso doméstico, empresarial o profesional.",26899.71,42,Proveedor 20,Disponible
102,Disco SSD HP Enterprise-938,Electrónica,HP,Enterprise-938,"Disco SSD de HP, modelo Enterprise-938, diseñado para uso doméstico, empresarial o profesional.",5940.86,79,Proveedor 04,Disponible
103,Disco SSD TP-Link Plus-689,Electrónica,TP-Link,Plus-689,"Disco SSD de TP-Link, modelo Plus-689, diseñado para uso doméstico, empresarial o profesional.",23787.82,96,Proveedor 13,Disponible
104,Mouse Dell Max-807,Electrónica,Dell,Max-807,"Mouse de Dell, modelo Max-807, diseñado para uso doméstico, empresarial o profesional.",29112.36,62,Proveedor 04,Disponible
105,Audífonos AMD Enterprise-223,Electrónica,AMD,Enterprise-223,"Audífonos de AMD, modelo Enterprise-223, diseñado para uso doméstico, empresarial o profesional.",27918.9,144,Proveedor 02,Disponible
106,Bocina Bluetooth Tripp Lite Ultra-777,Electrónica,Tripp Lite,Ultra-777,"Bocina Bluetooth de Tripp Lite, modelo Ultra-777, diseñado para uso doméstico, empresarial o profesional.",13127.34,129,Proveedor 21,Disponible
107,Bocina Bluetooth TP-Link Enterprise-530,Electrónica,TP-Link,Enterprise-530,"Bocina Bluetooth de TP-Link, modelo Enterprise-530, diseñado para uso doméstico, empresarial o profesional.",28826.0,27,Proveedor 14,Disponible
108,Bocina Bluetooth Hikvision Business-256,Electrónica,Hikvision,Business-256,"Bocina Bluetooth de Hikvision, modelo Business-256, diseñado para uso doméstico, empresarial o profesional.",15383.18,133,Proveedor 21,Disponible
109,Audífonos AMD Enterprise-651,Electrónica,AMD,Enterprise-651,"Audífonos de AMD, modelo Enterprise-651, diseñado para uso doméstico, empresarial o profesional.",27168.79,119,Proveedor 14,Disponible
110,Disco SSD Logitech Plus-972,Electrónica,Logitech,Plus-972,"Disco SSD de Logitech, modelo Plus-972, diseñado para uso doméstico, empresarial o profesional.",8780.96,22,Proveedor 09,Disponible
111,Webcam Epson Enterprise-575,Electrónica,Epson,Enterprise-575,"Webcam de Epson, modelo Enterprise-575, diseñado para uso doméstico, empresarial o profesional.",20052.28,97,Proveedor 11,Disponible
112,Laptop Brother Enterprise-432,Electrónica,Brother,Enterprise-432,"Laptop de Brother, modelo Enterprise-432, diseñado para uso doméstico, empresarial o profesional.",6568.94,54,Proveedor 12,Disponible
113,Audífonos Samsung Plus-710,Electrónica,Samsung,Plus-710,"Audífonos de Samsung, modelo Plus-710, diseñado para uso doméstico, empresarial o profesional.",24616.14,70,Proveedor 18,Disponible
114,Laptop APC Pro-187,Electrónica,APC,Pro-187,"Laptop de APC, modelo Pro-187, diseñado para uso doméstico, empresarial o profesional.",8637.12,104,Proveedor 16,Disponible
115,Memoria USB Epson Business-587,Electrónica,Epson,Business-587,"Memoria USB de Epson, modelo Business-587, diseñado para uso doméstico, empresarial o profesional.",22695.13,125,Proveedor 15,Disponible
116,Laptop Dell Plus-326,Electrónica,Dell,Plus-326,"Laptop de Dell, modelo Plus-326, diseñado para uso doméstico, empresarial o profesional.",14302.94,62,Proveedor 10,Disponible
117,Disco SSD LG Ultra-666,Electrónica,LG,Ultra-666,"Disco SSD de LG, modelo Ultra-666, diseñado para uso doméstico, empresarial o profesional.",18699.54,108,Proveedor 24,Disponible
118,Memoria USB Samsung Plus-819,Electrónica,Samsung,Plus-819,"Memoria USB de Samsung, modelo Plus-819, diseñado para uso doméstico, empresarial o profesional.",16017.65,78,Proveedor 09,Disponible
119,Mouse HP Business-297,Electrónica,HP,Business-297,"Mouse de HP, modelo Business-297, diseñado para uso doméstico, empresarial o profesional.",11215.29,137,Proveedor 25,Disponible
120,Teclado Acer Pro-856,Electrónica,Acer,Pro-856,"Teclado de Acer, modelo Pro-856, diseñado para uso doméstico, empresarial o profesional.",17075.9,150,Proveedor 25,Disponible
121,Memoria USB AMD Plus-202,Electrónica,AMD,Plus-202,"Memoria USB de AMD, modelo Plus-202, diseñado para uso doméstico, empresarial o profesional.",29183.84,75,Proveedor 08,Disponible
122,Bocina Bluetooth ASUS Plus-114,Electrónica,ASUS,Plus-114,"Bocina Bluetooth de ASUS, modelo Plus-114, diseñado para uso doméstico, empresarial o profesional.",24853.64,32,Proveedor 09,Disponible
123,Laptop Cisco Max-399,Electrónica,Cisco,Max-399,"Laptop de Cisco, modelo Max-399, diseñado para uso doméstico, empresarial o profesional.",24485.25,32,Proveedor 21,Disponible
124,Webcam HP Enterprise-112,Electrónica,HP,Enterprise-112,"Webcam de HP, modelo Enterprise-112, diseñado para uso doméstico, empresarial o profesional.",20198.73,120,Proveedor 16,Disponible
125,Webcam Samsung Pro-152,Electrónica,Samsung,Pro-152,"Webcam de Samsung, modelo Pro-152, diseñado para uso doméstico, empresarial o profesional.",9023.62,122,Proveedor 04,Disponible
126,Monitor Huawei Ultra-175,Electrónica,Huawei,Ultra-175,"Monitor de Huawei, modelo Ultra-175, diseñado para uso doméstico, empresarial o profesional.",20301.49,13,Proveedor 05,Disponible
127,Teclado Intel Plus-187,Electrónica,Intel,Plus-187,"Teclado de Intel, modelo Plus-187, diseñado para uso doméstico, empresarial o profesional.",34788.65,30,Proveedor 18,Disponible
128,Tablet AMD Max-909,Electrónica,AMD,Max-909,"Tablet de AMD, modelo Max-909, diseñado para uso doméstico, empresarial o profesional.",21740.04,133,Proveedor 13,Disponible
129,Webcam Hikvision Plus-980,Electrónica,Hikvision,Plus-980,"Webcam de Hikvision, modelo Plus-980, diseñado para uso doméstico, empresarial o profesional.",20701.25,109,Proveedor 10,Disponible
130,Disco SSD AMD Basic-724,Electrónica,AMD,Basic-724,"Disco SSD de AMD, modelo Basic-724, diseñado para uso doméstico, empresarial o profesional.",33613.78,25,Proveedor 25,Disponible
131,Mouse Acer Plus-776,Electrónica,Acer,Plus-776,"Mouse de Acer, modelo Plus-776, diseñado para uso doméstico, empresarial o profesional.",3071.26,61,Proveedor 06,Disponible
132,Memoria USB Dell Pro-102,Electrónica,Dell,Pro-102,"Memoria USB de Dell, modelo Pro-102, diseñado para uso doméstico, empresarial o profesional.",14445.99,120,Proveedor 10,Disponible
133,Laptop Epson Plus-823,Electrónica,Epson,Plus-823,"Laptop de Epson, modelo Plus-823, diseñado para uso doméstico, empresarial o profesional.",10074.46,116,Proveedor 03,Disponible
134,Mouse Logitech Enterprise-910,Electrónica,Logitech,Enterprise-910,"Mouse de Logitech, modelo Enterprise-910, diseñado para uso doméstico, empresarial o profesional.",21970.77,50,Proveedor 14,Disponible
135,Monitor Tripp Lite Pro-763,Electrónica,Tripp Lite,Pro-763,"Monitor de Tripp Lite, modelo Pro-763, diseñado para uso doméstico, empresarial o profesional.",5427.38,68,Proveedor 05,Disponible
136,Monitor Cisco Pro-911,Electrónica,Cisco,Pro-911,"Monitor de Cisco, modelo Pro-911, diseñado para uso doméstico, empresarial o profesional.",10939.51,145,Proveedor 10,Disponible
137,Webcam HP Ultra-805,Electrónica,HP,Ultra-805,"Webcam de HP, modelo Ultra-805, diseñado para uso doméstico, empresarial o profesional.",10817.17,103,Proveedor 09,Disponible
138,Memoria USB Tripp Lite Ultra-548,Electrónica,Tripp Lite,Ultra-548,"Memoria USB de Tripp Lite, modelo Ultra-548, diseñado para uso doméstico, empresarial o profesional.",3045.35,10,Proveedor 14,Disponible
139,Bocina Bluetooth AMD Plus-126,Electrónica,AMD,Plus-126,"Bocina Bluetooth de AMD, modelo Plus-126, diseñado para uso doméstico, empresarial o profesional.",3423.61,147,Proveedor 19,Disponible
140,Laptop Logitech Max-141,Electrónica,Logitech,Max-141,"Laptop de Logitech, modelo Max-141, diseñado para uso doméstico, empresarial o profesional.",26768.04,44,Proveedor 16,Disponible
141,Memoria USB Hikvision Plus-285,Electrónica,Hikvision,Plus-285,"Memoria USB de Hikvision, modelo Plus-285, diseñado para uso doméstico, empresarial o profesional.",34893.86,111,Proveedor 21,Disponible
142,Webcam Dell Ultra-456,Electrónica,Dell,Ultra-456,"Webcam de Dell, modelo Ultra-456, diseñado para uso doméstico, empresarial o profesional.",14440.1,82,Proveedor 22,Disponible
143,Monitor ASUS Plus-521,Electrónica,ASUS,Plus-521,"Monitor de ASUS, modelo Plus-521, diseñado para uso doméstico, empresarial o profesional.",24355.16,73,Proveedor 22,Disponible
144,Tablet Tripp Lite Basic-565,Electrónica,Tripp Lite,Basic-565,"Tablet de Tripp Lite, modelo Basic-565, diseñado para uso doméstico, empresarial o profesional.",3310.08,64,Proveedor 11,Disponible
145,Monitor Huawei Enterprise-626,Electrónica,Huawei,Enterprise-626,"Monitor de Huawei, modelo Enterprise-626, diseñado para uso doméstico, empresarial o profesional.",28916.22,0,Proveedor 22,Agotado
146,Memoria USB Hikvision Ultra-155,Electrónica,Hikvision,Ultra-155,"Memoria USB de Hikvision, modelo Ultra-155, diseñado para uso doméstico, empresarial o profesional.",6768.49,92,Proveedor 20,Disponible
147,Webcam Hikvision Enterprise-152,Electrónica,Hikvision,Enterprise-152,"Webcam de Hikvision, modelo Enterprise-152, diseñado para uso doméstico, empresarial o profesional.",7323.65,140,Proveedor 05,Disponible
148,Audífonos Hikvision Business-596,Electrónica,Hikvision,Business-596,"Audífonos de Hikvision, modelo Business-596, diseñado para uso doméstico, empresarial o profesional.",4469.56,61,Proveedor 23,Disponible
149,Teclado Kingston Max-114,Electrónica,Kingston,Max-114,"Teclado de Kingston, modelo Max-114, diseñado para uso doméstico, empresarial o profesional.",19440.74,23,Proveedor 08,Disponible
150,Monitor Hikvision Basic-763,Electrónica,Hikvision,Basic-763,"Monitor de Hikvision, modelo Basic-763, diseñado para uso doméstico, empresarial o profesional.",29166.98,127,Proveedor 23,Disponible
151,Audífonos APC Business-379,Electrónica,APC,Business-379,"Audífonos de APC, modelo Business-379, diseñado para uso doméstico, empresarial o profesional.",14688.29,123,Proveedor 16,Disponible
152,Mouse Hikvision Max-248,Electrónica,Hikvision,Max-248,"Mouse de Hikvision, modelo Max-248, diseñado para uso doméstico, empresarial o profesional.",13579.61,130,Proveedor 24,Disponible
153,Teclado Dell Plus-891,Electrónica,Dell,Plus-891,"Teclado de Dell, modelo Plus-891, diseñado para uso doméstico, empresarial o profesional.",27702.71,106,Proveedor 11,Disponible
154,Memoria USB Logitech Enterprise-102,Electrónica,Logitech,Enterprise-102,"Memoria USB de Logitech, modelo Enterprise-102, diseñado para uso doméstico, empresarial o profesional.",10078.65,76,Proveedor 19,Disponible
155,Disco SSD Brother Enterprise-252,Electrónica,Brother,Enterprise-252,"Disco SSD de Brother, modelo Enterprise-252, diseñado para uso doméstico, empresarial o profesional.",15767.52,123,Proveedor 12,Disponible
156,Bocina Bluetooth Tripp Lite Enterprise-656,Electrónica,Tripp Lite,Enterprise-656,"Bocina Bluetooth de Tripp Lite, modelo Enterprise-656, diseñado para uso doméstico, empresarial o profesional.",13358.05,82,Proveedor 07,Disponible
157,Mouse Intel Ultra-339,Electrónica,Intel,Ultra-339,"Mouse de Intel, modelo Ultra-339, diseñado para uso doméstico, empresarial o profesional.",29996.45,105,Proveedor 02,Disponible
158,Bocina Bluetooth Brother Business-930,Electrónica,Brother,Business-930,"Bocina Bluetooth de Brother, modelo Business-930, diseñado para uso doméstico, empresarial o profesional.",13497.78,38,Proveedor 16,Disponible
159,Laptop Lenovo Max-704,Electrónica,Lenovo,Max-704,"Laptop de Lenovo, modelo Max-704, diseñado para uso doméstico, empresarial o profesional.",11786.82,25,Proveedor 15,Disponible
160,Monitor APC Ultra-115,Electrónica,APC,Ultra-115,"Monitor de APC, modelo Ultra-115, diseñado para uso doméstico, empresarial o profesional.",25354.92,104,Proveedor 21,Disponible
161,Teclado Dell Ultra-900,Electrónica,Dell,Ultra-900,"Teclado de Dell, modelo Ultra-900, diseñado para uso doméstico, empresarial o profesional.",33929.83,86,Proveedor 20,Disponible
162,Tablet Dell Enterprise-436,Electrónica,Dell,Enterprise-436,"Tablet de Dell, modelo Enterprise-436, diseñado para uso doméstico, empresarial o profesional.",29868.86,136,Proveedor 13,Disponible
163,Bocina Bluetooth Brother Enterprise-654,Electrónica,Brother,Enterprise-654,"Bocina Bluetooth de Brother, modelo Enterprise-654, diseñado para uso doméstico, empresarial o profesional.",1497.49,17,Proveedor 08,Disponible
164,Audífonos Epson Business-192,Electrónica,Epson,Business-192,"Audífonos de Epson, modelo Business-192, diseñado para uso doméstico, empresarial o profesional.",15330.51,25,Proveedor 25,Disponible
165,Monitor Hikvision Pro-810,Electrónica,Hikvision,Pro-810,"Monitor de Hikvision, modelo Pro-810, diseñado para uso doméstico, empresarial o profesional.",10656.45,7,Proveedor 02,Disponible
166,Bocina Bluetooth Cisco Plus-467,Electrónica,Cisco,Plus-467,"Bocina Bluetooth de Cisco, modelo Plus-467, diseñado para uso doméstico, empresarial o profesional.",13275.73,37,Proveedor 08,Disponible
167,Memoria USB Ubiquiti Max-798,Electrónica,Ubiquiti,Max-798,"Memoria USB de Ubiquiti, modelo Max-798, diseñado para uso doméstico, empresarial o profesional.",27790.05,43,Proveedor 06,Disponible
168,Monitor AMD Enterprise-491,Electrónica,AMD,Enterprise-491,"Monitor de AMD, modelo Enterprise-491, diseñado para uso doméstico, empresarial o profesional.",21784.94,61,Proveedor 16,Disponible
169,Disco SSD Lenovo Pro-572,Electrónica,Lenovo,Pro-572,"Disco SSD de Lenovo, modelo Pro-572, diseñado para uso doméstico, empresarial o profesional.",22417.19,117,Proveedor 09,Disponible
170,Laptop Hikvision Plus-793,Electrónica,Hikvision,Plus-793,"Laptop de Hikvision, modelo Plus-793, diseñado para uso doméstico, empresarial o profesional.",19244.29,18,Proveedor 15,Disponible
171,Bocina Bluetooth Intel Plus-754,Electrónica,Intel,Plus-754,"Bocina Bluetooth de Intel, modelo Plus-754, diseñado para uso doméstico, empresarial o profesional.",33680.51,64,Proveedor 15,Disponible
172,Audífonos Acer Ultra-973,Electrónica,Acer,Ultra-973,"Audífonos de Acer, modelo Ultra-973, diseñado para uso doméstico, empresarial o profesional.",17041.48,60,Proveedor 13,Disponible
173,Disco SSD LG Max-402,Electrónica,LG,Max-402,"Disco SSD de LG, modelo Max-402, diseñado para uso doméstico, empresarial o profesional.",34746.05,75,Proveedor 01,Disponible
174,Tablet Logitech Basic-679,Electrónica,Logitech,Basic-679,"Tablet de Logitech, modelo Basic-679, diseñado para uso doméstico, empresarial o profesional.",30311.09,12,Proveedor 20,Disponible
175,Webcam Kingston Enterprise-918,Electrónica,Kingston,Enterprise-918,"Webcam de Kingston, modelo Enterprise-918, diseñado para uso doméstico, empresarial o profesional.",8246.61,90,Proveedor 08,Disponible
176,Mouse AMD Plus-794,Electrónica,AMD,Plus-794,"Mouse de AMD, modelo Plus-794, diseñado para uso doméstico, empresarial o profesional.",26506.31,35,Proveedor 21,Disponible
177,Monitor Cisco Plus-907,Electrónica,Cisco,Plus-907,"Monitor de Cisco, modelo Plus-907, diseñado para uso doméstico, empresarial o profesional.",15568.61,148,Proveedor 12,Disponible
178,Teclado Dell Plus-434,Electrónica,Dell,Plus-434,"Teclado de Dell, modelo Plus-434, diseñado para uso doméstico, empresarial o profesional.",26224.96,44,Proveedor 07,Disponible
179,Teclado Tripp Lite Plus-643,Electrónica,Tripp Lite,Plus-643,"Teclado de Tripp Lite, modelo Plus-643, diseñado para uso doméstico, empresarial o profesional.",17687.37,69,Proveedor 06,Disponible
180,Audífonos Brother Enterprise-402,Electrónica,Brother,Enterprise-402,"Audífonos de Brother, modelo Enterprise-402, diseñado para uso doméstico, empresarial o profesional.",26192.94,86,Proveedor 04,Disponible
181,Webcam Dell Pro-872,Electrónica,Dell,Pro-872,"Webcam de Dell, modelo Pro-872, diseñado para uso doméstico, empresarial o profesional.",33835.88,101,Proveedor 18,Disponible
182,Bocina Bluetooth Dell Enterprise-504,Electrónica,Dell,Enterprise-504,"Bocina Bluetooth de Dell, modelo Enterprise-504, diseñado para uso doméstico, empresarial o profesional.",733.67,137,Proveedor 04,Disponible
183,Webcam LG Business-866,Electrónica,LG,Business-866,"Webcam de LG, modelo Business-866, diseñado para uso doméstico, empresarial o profesional.",23613.84,149,Proveedor 13,Disponible
184,Bocina Bluetooth HP Business-339,Electrónica,HP,Business-339,"Bocina Bluetooth de HP, modelo Business-339, diseñado para uso doméstico, empresarial o profesional.",16633.82,143,Proveedor 11,Disponible
185,Disco SSD Epson Business-164,Electrónica,Epson,Business-164,"Disco SSD de Epson, modelo Business-164, diseñado para uso doméstico, empresarial o profesional.",22330.29,118,Proveedor 23,Disponible
186,Audífonos Ubiquiti Basic-243,Electrónica,Ubiquiti,Basic-243,"Audífonos de Ubiquiti, modelo Basic-243, diseñado para uso doméstico, empresarial o profesional.",1825.8,9,Proveedor 10,Disponible
187,Webcam HP Basic-340,Electrónica,HP,Basic-340,"Webcam de HP, modelo Basic-340, diseñado para uso doméstico, empresarial o profesional.",31082.26,34,Proveedor 13,Disponible
188,Webcam LG Business-860,Electrónica,LG,Business-860,"Webcam de LG, modelo Business-860, diseñado para uso doméstico, empresarial o profesional.",24452.82,138,Proveedor 14,Disponible
189,Disco SSD Lenovo Ultra-770,Electrónica,Lenovo,Ultra-770,"Disco SSD de Lenovo, modelo Ultra-770, diseñado para uso doméstico, empresarial o profesional.",3691.0,125,Proveedor 20,Disponible
190,Tablet Logitech Basic-806,Electrónica,Logitech,Basic-806,"Tablet de Logitech, modelo Basic-806, diseñado para uso doméstico, empresarial o profesional.",13125.92,113,Proveedor 15,Disponible
191,Mouse LG Basic-802,Electrónica,LG,Basic-802,"Mouse de LG, modelo Basic-802, diseñado para uso doméstico, empresarial o profesional.",13014.89,91,Proveedor 02,Disponible
192,Tablet Logitech Pro-225,Electrónica,Logitech,Pro-225,"Tablet de Logitech, modelo Pro-225, diseñado para uso doméstico, empresarial o profesional.",33228.12,116,Proveedor 03,Disponible
193,Mouse AMD Basic-151,Electrónica,AMD,Basic-151,"Mouse de AMD, modelo Basic-151, diseñado para uso doméstico, empresarial o profesional.",27591.11,62,Proveedor 05,Disponible
194,Disco SSD Acer Basic-949,Electrónica,Acer,Basic-949,"Disco SSD de Acer, modelo Basic-949, diseñado para uso doméstico, empresarial o profesional.",26839.22,53,Proveedor 19,Disponible
195,Mouse Epson Plus-892,Electrónica,Epson,Plus-892,"Mouse de Epson, modelo Plus-892, diseñado para uso doméstico, empresarial o profesional.",5377.51,0,Proveedor 09,Agotado
196,Teclado Lenovo Max-356,Electrónica,Lenovo,Max-356,"Teclado de Lenovo, modelo Max-356, diseñado para uso doméstico, empresarial o profesional.",27998.36,28,Proveedor 22,Disponible
197,Laptop Lenovo Basic-466,Electrónica,Lenovo,Basic-466,"Laptop de Lenovo, modelo Basic-466, diseñado para uso doméstico, empresarial o profesional.",27701.97,60,Proveedor 19,Disponible
198,Bocina Bluetooth TP-Link Pro-371,Electrónica,TP-Link,Pro-371,"Bocina Bluetooth de TP-Link, modelo Pro-371, diseñado para uso doméstico, empresarial o profesional.",2070.87,107,Proveedor 17,Disponible
199,Monitor Dell Ultra-559,Electrónica,Dell,Ultra-559,"Monitor de Dell, modelo Ultra-559, diseñado para uso doméstico, empresarial o profesional.",27286.09,131,Proveedor 19,Disponible
200,Monitor Hikvision Max-326,Electrónica,Hikvision,Max-326,"Monitor de Hikvision, modelo Max-326, diseñado para uso doméstico, empresarial o profesional.",33103.19,11,Proveedor 24,Disponible
201,Memoria USB Kingston Ultra-758,Electrónica,Kingston,Ultra-758,"Memoria USB de Kingston, modelo Ultra-758, diseñado para uso doméstico, empresarial o profesional.",33749.91,15,Proveedor 16,Disponible
202,Tablet Ubiquiti Business-210,Electrónica,Ubiquiti,Business-210,"Tablet de Ubiquiti, modelo Business-210, diseñado para uso doméstico, empresarial o profesional.",17286.84,113,Proveedor 03,Disponible
203,Monitor Samsung Max-251,Electrónica,Samsung,Max-251,"Monitor de Samsung, modelo Max-251, diseñado para uso doméstico, empresarial o profesional.",2532.46,70,Proveedor 20,Disponible
204,Disco SSD Tripp Lite Business-432,Electrónica,Tripp Lite,Business-432,"Disco SSD de Tripp Lite, modelo Business-432, diseñado para uso doméstico, empresarial o profesional.",13486.43,135,Proveedor 10,Disponible
205,Webcam APC Max-540,Electrónica,APC,Max-540,"Webcam de APC, modelo Max-540, diseñado para uso doméstico, empresarial o profesional.",3696.45,29,Proveedor 21,Disponible
206,Memoria USB Acer Ultra-562,Electrónica,Acer,Ultra-562,"Memoria USB de Acer, modelo Ultra-562, diseñado para uso doméstico, empresarial o profesional.",31111.16,105,Proveedor 11,Disponible
207,Webcam Huawei Ultra-847,Electrónica,Huawei,Ultra-847,"Webcam de Huawei, modelo Ultra-847, diseñado para uso doméstico, empresarial o profesional.",3554.23,109,Proveedor 11,Disponible
208,Audífonos LG Pro-803,Electrónica,LG,Pro-803,"Audífonos de LG, modelo Pro-803, diseñado para uso doméstico, empresarial o profesional.",32323.73,17,Proveedor 03,Disponible
209,Monitor Dell Ultra-198,Electrónica,Dell,Ultra-198,"Monitor de Dell, modelo Ultra-198, diseñado para uso doméstico, empresarial o profesional.",26124.47,95,Proveedor 05,Disponible
210,Memoria USB Cisco Max-675,Electrónica,Cisco,Max-675,"Memoria USB de Cisco, modelo Max-675, diseñado para uso doméstico, empresarial o profesional.",19768.5,31,Proveedor 14,Disponible
211,Bocina Bluetooth Ubiquiti Enterprise-838,Electrónica,Ubiquiti,Enterprise-838,"Bocina Bluetooth de Ubiquiti, modelo Enterprise-838, diseñado para uso doméstico, empresarial o profesional.",2037.75,73,Proveedor 20,Disponible
212,Audífonos LG Basic-691,Electrónica,LG,Basic-691,"Audífonos de LG, modelo Basic-691, diseñado para uso doméstico, empresarial o profesional.",17882.59,39,Proveedor 22,Disponible
213,Webcam Epson Enterprise-210,Electrónica,Epson,Enterprise-210,"Webcam de Epson, modelo Enterprise-210, diseñado para uso doméstico, empresarial o profesional.",12416.46,142,Proveedor 12,Disponible
214,Monitor Logitech Max-331,Electrónica,Logitech,Max-331,"Monitor de Logitech, modelo Max-331, diseñado para uso doméstico, empresarial o profesional.",28300.94,143,Proveedor 25,Disponible
215,Disco SSD AMD Business-758,Electrónica,AMD,Business-758,"Disco SSD de AMD, modelo Business-758, diseñado para uso doméstico, empresarial o profesional.",19596.71,68,Proveedor 01,Disponible
216,Teclado Logitech Business-880,Electrónica,Logitech,Business-880,"Teclado de Logitech, modelo Business-880, diseñado para uso doméstico, empresarial o profesional.",10987.22,86,Proveedor 12,Disponible
217,Laptop ASUS Enterprise-246,Electrónica,ASUS,Enterprise-246,"Laptop de ASUS, modelo Enterprise-246, diseñado para uso doméstico, empresarial o profesional.",19929.66,102,Proveedor 03,Disponible
218,Teclado TP-Link Basic-864,Electrónica,TP-Link,Basic-864,"Teclado de TP-Link, modelo Basic-864, diseñado para uso doméstico, empresarial o profesional.",18684.27,96,Proveedor 14,Disponible
219,Webcam Samsung Pro-478,Electrónica,Samsung,Pro-478,"Webcam de Samsung, modelo Pro-478, diseñado para uso doméstico, empresarial o profesional.",11079.4,83,Proveedor 25,Disponible
220,Disco SSD AMD Basic-153,Electrónica,AMD,Basic-153,"Disco SSD de AMD, modelo Basic-153, diseñado para uso doméstico, empresarial o profesional.",5656.4,12,Proveedor 22,Disponible
221,Monitor Logitech Ultra-777,Electrónica,Logitech,Ultra-777,"Monitor de Logitech, modelo Ultra-777, diseñado para uso doméstico, empresarial o profesional.",14984.51,113,Proveedor 14,Disponible
222,Audífonos Acer Enterprise-624,Electrónica,Acer,Enterprise-624,"Audífonos de Acer, modelo Enterprise-624, diseñado para uso doméstico, empresarial o profesional.",4205.16,110,Proveedor 04,Disponible
223,Audífonos Intel Ultra-639,Electrónica,Intel,Ultra-639,"Audífonos de Intel, modelo Ultra-639, diseñado para uso doméstico, empresarial o profesional.",23432.86,11,Proveedor 08,Disponible
224,Tablet AMD Basic-107,Electrónica,AMD,Basic-107,"Tablet de AMD, modelo Basic-107, diseñado para uso doméstico, empresarial o profesional.",7353.7,54,Proveedor 25,Disponible
225,Teclado Logitech Plus-435,Electrónica,Logitech,Plus-435,"Teclado de Logitech, modelo Plus-435, diseñado para uso doméstico, empresarial o profesional.",4419.46,127,Proveedor 24,Disponible
226,Tablet ASUS Pro-489,Electrónica,ASUS,Pro-489,"Tablet de ASUS, modelo Pro-489, diseñado para uso doméstico, empresarial o profesional.",18757.24,58,Proveedor 17,Disponible
227,Memoria USB LG Basic-506,Electrónica,LG,Basic-506,"Memoria USB de LG, modelo Basic-506, diseñado para uso doméstico, empresarial o profesional.",30196.31,10,Proveedor 14,Disponible
228,Laptop Hikvision Basic-982,Electrónica,Hikvision,Basic-982,"Laptop de Hikvision, modelo Basic-982, diseñado para uso doméstico, empresarial o profesional.",11128.86,109,Proveedor 19,Disponible
229,Tablet Ubiquiti Plus-217,Electrónica,Ubiquiti,Plus-217,"Tablet de Ubiquiti, modelo Plus-217, diseñado para uso doméstico, empresarial o profesional.",14324.87,83,Proveedor 06,Disponible
230,Disco SSD Hikvision Enterprise-806,Electrónica,Hikvision,Enterprise-806,"Disco SSD de Hikvision, modelo Enterprise-806, diseñado para uso doméstico, empresarial o profesional.",32212.0,22,Proveedor 14,Disponible
231,Monitor Epson Ultra-703,Electrónica,Epson,Ultra-703,"Monitor de Epson, modelo Ultra-703, diseñado para uso doméstico, empresarial o profesional.",14165.63,20,Proveedor 13,Disponible
232,Audífonos Samsung Pro-441,Electrónica,Samsung,Pro-441,"Audífonos de Samsung, modelo Pro-441, diseñado para uso doméstico, empresarial o profesional.",27324.35,19,Proveedor 17,Disponible
233,Monitor APC Max-298,Electrónica,APC,Max-298,"Monitor de APC, modelo Max-298, diseñado para uso doméstico, empresarial o profesional.",31730.81,89,Proveedor 12,Disponible
234,Teclado Epson Basic-249,Electrónica,Epson,Basic-249,"Teclado de Epson, modelo Basic-249, diseñado para uso doméstico, empresarial o profesional.",9144.9,44,Proveedor 20,Disponible
235,Teclado Dell Pro-891,Electrónica,Dell,Pro-891,"Teclado de Dell, modelo Pro-891, diseñado para uso doméstico, empresarial o profesional.",22071.22,118,Proveedor 25,Disponible
236,Disco SSD Intel Ultra-797,Electrónica,Intel,Ultra-797,"Disco SSD de Intel, modelo Ultra-797, diseñado para uso doméstico, empresarial o profesional.",32364.36,144,Proveedor 21,Disponible
237,Disco SSD Samsung Enterprise-742,Electrónica,Samsung,Enterprise-742,"Disco SSD de Samsung, modelo Enterprise-742, diseñado para uso doméstico, empresarial o profesional.",11235.83,112,Proveedor 03,Disponible
238,Webcam Hikvision Business-410,Electrónica,Hikvision,Business-410,"Webcam de Hikvision, modelo Business-410, diseñado para uso doméstico, empresarial o profesional.",27922.46,14,Proveedor 12,Disponible
239,Memoria USB Dell Plus-572,Electrónica,Dell,Plus-572,"Memoria USB de Dell, modelo Plus-572, diseñado para uso doméstico, empresarial o profesional.",15954.01,14,Proveedor 12,Disponible
240,Audífonos Dell Business-984,Electrónica,Dell,Business-984,"Audífonos de Dell, modelo Business-984, diseñado para uso doméstico, empresarial o profesional.",34213.56,23,Proveedor 20,Disponible
241,Disco SSD APC Ultra-573,Electrónica,APC,Ultra-573,"Disco SSD de APC, modelo Ultra-573, diseñado para uso doméstico, empresarial o profesional.",20416.45,10,Proveedor 15,Disponible
242,Disco SSD Acer Plus-719,Electrónica,Acer,Plus-719,"Disco SSD de Acer, modelo Plus-719, diseñado para uso doméstico, empresarial o profesional.",16778.11,38,Proveedor 02,Disponible
243,Webcam HP Enterprise-957,Electrónica,HP,Enterprise-957,"Webcam de HP, modelo Enterprise-957, diseñado para uso doméstico, empresarial o profesional.",12184.46,21,Proveedor 17,Disponible
244,Teclado Cisco Pro-824,Electrónica,Cisco,Pro-824,"Teclado de Cisco, modelo Pro-824, diseñado para uso doméstico, empresarial o profesional.",15462.1,112,Proveedor 17,Disponible
245,Memoria USB AMD Pro-472,Electrónica,AMD,Pro-472,"Memoria USB de AMD, modelo Pro-472, diseñado para uso doméstico, empresarial o profesional.",13206.61,72,Proveedor 13,Disponible
246,Tablet Samsung Business-712,Electrónica,Samsung,Business-712,"Tablet de Samsung, modelo Business-712, diseñado para uso doméstico, empresarial o profesional.",2069.7,85,Proveedor 03,Disponible
247,Bocina Bluetooth HP Max-794,Electrónica,HP,Max-794,"Bocina Bluetooth de HP, modelo Max-794, diseñado para uso doméstico, empresarial o profesional.",13683.11,64,Proveedor 24,Disponible
248,Disco SSD Lenovo Plus-183,Electrónica,Lenovo,Plus-183,"Disco SSD de Lenovo, modelo Plus-183, diseñado para uso doméstico, empresarial o profesional.",20500.2,36,Proveedor 12,Disponible
249,Audífonos Huawei Pro-709,Electrónica,Huawei,Pro-709,"Audífonos de Huawei, modelo Pro-709, diseñado para uso doméstico, empresarial o profesional.",24881.98,21,Proveedor 10,Disponible
250,Memoria USB Huawei Business-910,Electrónica,Huawei,Business-910,"Memoria USB de Huawei, modelo Business-910, diseñado para uso doméstico, empresarial o profesional.",11664.56,32,Proveedor 22,Disponible
251,Memoria USB Dell Business-786,Electrónica,Dell,Business-786,"Memoria USB de Dell, modelo Business-786, diseñado para uso doméstico, empresarial o profesional.",14963.37,92,Proveedor 01,Disponible
252,Bocina Bluetooth Kingston Pro-319,Electrónica,Kingston,Pro-319,"Bocina Bluetooth de Kingston, modelo Pro-319, diseñado para uso doméstico, empresarial o profesional.",12125.2,124,Proveedor 07,Disponible
253,Mouse Lenovo Pro-179,Electrónica,Lenovo,Pro-179,"Mouse de Lenovo, modelo Pro-179, diseñado para uso doméstico, empresarial o profesional.",10528.78,25,Proveedor 17,Disponible
254,Memoria USB APC Basic-777,Electrónica,APC,Basic-777,"Memoria USB de APC, modelo Basic-777, diseñado para uso doméstico, empresarial o profesional.",11952.56,33,Proveedor 20,Disponible
255,Tablet Lenovo Pro-285,Electrónica,Lenovo,Pro-285,"Tablet de Lenovo, modelo Pro-285, diseñado para uso doméstico, empresarial o profesional.",29139.24,42,Proveedor 24,Disponible
256,Webcam Cisco Ultra-473,Electrónica,Cisco,Ultra-473,"Webcam de Cisco, modelo Ultra-473, diseñado para uso doméstico, empresarial o profesional.",23753.61,60,Proveedor 15,Disponible
257,Disco SSD Kingston Enterprise-866,Electrónica,Kingston,Enterprise-866,"Disco SSD de Kingston, modelo Enterprise-866, diseñado para uso doméstico, empresarial o profesional.",27487.06,59,Proveedor 18,Disponible
258,Mouse Kingston Enterprise-903,Electrónica,Kingston,Enterprise-903,"Mouse de Kingston, modelo Enterprise-903, diseñado para uso doméstico, empresarial o profesional.",16548.29,49,Proveedor 12,Disponible
259,Disco SSD Hikvision Ultra-887,Electrónica,Hikvision,Ultra-887,"Disco SSD de Hikvision, modelo Ultra-887, diseñado para uso doméstico, empresarial o profesional.",10041.57,97,Proveedor 17,Disponible
260,Memoria USB Ubiquiti Pro-936,Electrónica,Ubiquiti,Pro-936,"Memoria USB de Ubiquiti, modelo Pro-936, diseñado para uso doméstico, empresarial o profesional.",7189.5,35,Proveedor 09,Disponible
261,Laptop Brother Enterprise-480,Electrónica,Brother,Enterprise-480,"Laptop de Brother, modelo Enterprise-480, diseñado para uso doméstico, empresarial o profesional.",19520.29,26,Proveedor 23,Disponible
262,Memoria USB HP Plus-185,Electrónica,HP,Plus-185,"Memoria USB de HP, modelo Plus-185, diseñado para uso doméstico, empresarial o profesional.",26768.31,69,Proveedor 15,Disponible
263,Memoria USB Lenovo Enterprise-547,Electrónica,Lenovo,Enterprise-547,"Memoria USB de Lenovo, modelo Enterprise-547, diseñado para uso doméstico, empresarial o profesional.",3437.05,56,Proveedor 15,Disponible
264,Bocina Bluetooth TP-Link Ultra-154,Electrónica,TP-Link,Ultra-154,"Bocina Bluetooth de TP-Link, modelo Ultra-154, diseñado para uso doméstico, empresarial o profesional.",14026.78,95,Proveedor 08,Disponible
265,Tablet Dell Plus-329,Electrónica,Dell,Plus-329,"Tablet de Dell, modelo Plus-329, diseñado para uso doméstico, empresarial o profesional.",1229.52,25,Proveedor 23,Disponible
266,Bocina Bluetooth Lenovo Pro-139,Electrónica,Lenovo,Pro-139,"Bocina Bluetooth de Lenovo, modelo Pro-139, diseñado para uso doméstico, empresarial o profesional.",10219.06,120,Proveedor 23,Disponible
267,Teclado Brother Ultra-730,Electrónica,Brother,Ultra-730,"Teclado de Brother, modelo Ultra-730, diseñado para uso doméstico, empresarial o profesional.",432.48,20,Proveedor 01,Disponible
268,Audífonos Acer Enterprise-253,Electrónica,Acer,Enterprise-253,"Audífonos de Acer, modelo Enterprise-253, diseñado para uso doméstico, empresarial o profesional.",19320.95,135,Proveedor 14,Disponible
269,Monitor Kingston Pro-408,Electrónica,Kingston,Pro-408,"Monitor de Kingston, modelo Pro-408, diseñado para uso doméstico, empresarial o profesional.",4484.23,61,Proveedor 14,Disponible
270,Disco SSD Hikvision Basic-213,Electrónica,Hikvision,Basic-213,"Disco SSD de Hikvision, modelo Basic-213, diseñado para uso doméstico, empresarial o profesional.",29324.9,127,Proveedor 20,Disponible
271,Memoria USB TP-Link Business-627,Electrónica,TP-Link,Business-627,"Memoria USB de TP-Link, modelo Business-627, diseñado para uso doméstico, empresarial o profesional.",20232.9,36,Proveedor 10,Disponible
272,Tablet TP-Link Max-461,Electrónica,TP-Link,Max-461,"Tablet de TP-Link, modelo Max-461, diseñado para uso doméstico, empresarial o profesional.",8609.61,106,Proveedor 06,Disponible
273,Monitor APC Plus-169,Electrónica,APC,Plus-169,"Monitor de APC, modelo Plus-169, diseñado para uso doméstico, empresarial o profesional.",33380.78,139,Proveedor 17,Disponible
274,Memoria USB Tripp Lite Basic-499,Electrónica,Tripp Lite,Basic-499,"Memoria USB de Tripp Lite, modelo Basic-499, diseñado para uso doméstico, empresarial o profesional.",30598.27,11,Proveedor 21,Disponible
275,Tablet LG Plus-865,Electrónica,LG,Plus-865,"Tablet de LG, modelo Plus-865, diseñado para uso doméstico, empresarial o profesional.",814.42,17,Proveedor 12,Disponible
276,Mouse HP Enterprise-695,Electrónica,HP,Enterprise-695,"Mouse de HP, modelo Enterprise-695, diseñado para uso doméstico, empresarial o profesional.",25797.75,85,Proveedor 05,Disponible
277,Laptop LG Max-446,Electrónica,LG,Max-446,"Laptop de LG, modelo Max-446, diseñado para uso doméstico, empresarial o profesional.",28519.43,44,Proveedor 25,Disponible
278,Webcam Brother Business-286,Electrónica,Brother,Business-286,"Webcam de Brother, modelo Business-286, diseñado para uso doméstico, empresarial o profesional.",28449.54,16,Proveedor 23,Disponible
279,Webcam Cisco Plus-306,Electrónica,Cisco,Plus-306,"Webcam de Cisco, modelo Plus-306, diseñado para uso doméstico, empresarial o profesional.",1772.27,51,Proveedor 02,Disponible
280,Bocina Bluetooth Kingston Max-507,Electrónica,Kingston,Max-507,"Bocina Bluetooth de Kingston, modelo Max-507, diseñado para uso doméstico, empresarial o profesional.",34622.01,139,Proveedor 16,Disponible
281,Audífonos Cisco Enterprise-762,Electrónica,Cisco,Enterprise-762,"Audífonos de Cisco, modelo Enterprise-762, diseñado para uso doméstico, empresarial o profesional.",6890.84,91,Proveedor 25,Disponible
282,Laptop Samsung Plus-227,Electrónica,Samsung,Plus-227,"Laptop de Samsung, modelo Plus-227, diseñado para uso doméstico, empresarial o profesional.",28027.15,111,Proveedor 13,Disponible
283,Webcam Huawei Plus-291,Electrónica,Huawei,Plus-291,"Webcam de Huawei, modelo Plus-291, diseñado para uso doméstico, empresarial o profesional.",17493.06,127,Proveedor 12,Disponible
284,Memoria USB Logitech Enterprise-184,Electrónica,Logitech,Enterprise-184,"Memoria USB de Logitech, modelo Enterprise-184, diseñado para uso doméstico, empresarial o profesional.",25516.08,20,Proveedor 14,Disponible
285,Disco SSD ASUS Max-400,Electrónica,ASUS,Max-400,"Disco SSD de ASUS, modelo Max-400, diseñado para uso doméstico, empresarial o profesional.",11412.1,20,Proveedor 11,Disponible
286,Audífonos Kingston Ultra-717,Electrónica,Kingston,Ultra-717,"Audífonos de Kingston, modelo Ultra-717, diseñado para uso doméstico, empresarial o profesional.",25188.79,42,Proveedor 23,Disponible
287,Webcam LG Ultra-143,Electrónica,LG,Ultra-143,"Webcam de LG, modelo Ultra-143, diseñado para uso doméstico, empresarial o profesional.",25506.8,90,Proveedor 20,Disponible
288,Tablet Logitech Business-910,Electrónica,Logitech,Business-910,"Tablet de Logitech, modelo Business-910, diseñado para uso doméstico, empresarial o profesional.",33189.68,19,Proveedor 22,Disponible
289,Tablet LG Max-920,Electrónica,LG,Max-920,"Tablet de LG, modelo Max-920, diseñado para uso doméstico, empresarial o profesional.",26308.95,40,Proveedor 01,Disponible
290,Teclado AMD Business-900,Electrónica,AMD,Business-900,"Teclado de AMD, modelo Business-900, diseñado para uso doméstico, empresarial o profesional.",15476.51,32,Proveedor 03,Disponible
291,Mouse LG Plus-492,Electrónica,LG,Plus-492,"Mouse de LG, modelo Plus-492, diseñado para uso doméstico, empresarial o profesional.",33243.98,8,Proveedor 20,Disponible
292,Teclado Hikvision Plus-480,Electrónica,Hikvision,Plus-480,"Teclado de Hikvision, modelo Plus-480, diseñado para uso doméstico, empresarial o profesional.",15676.89,19,Proveedor 19,Disponible
293,Teclado APC Plus-507,Electrónica,APC,Plus-507,"Teclado de APC, modelo Plus-507, diseñado para uso doméstico, empresarial o profesional.",11174.89,71,Proveedor 08,Disponible
294,Monitor TP-Link Business-290,Electrónica,TP-Link,Business-290,"Monitor de TP-Link, modelo Business-290, diseñado para uso doméstico, empresarial o profesional.",17591.78,99,Proveedor 18,Disponible
295,Monitor Logitech Enterprise-366,Electrónica,Logitech,Enterprise-366,"Monitor de Logitech, modelo Enterprise-366, diseñado para uso doméstico, empresarial o profesional.",24715.31,54,Proveedor 20,Disponible
296,Audífonos Brother Pro-225,Electrónica,Brother,Pro-225,"Audífonos de Brother, modelo Pro-225, diseñado para uso doméstico, empresarial o profesional.",4966.56,18,Proveedor 15,Disponible
297,Teclado Hikvision Basic-929,Electrónica,Hikvision,Basic-929,"Teclado de Hikvision, modelo Basic-929, diseñado para uso doméstico, empresarial o profesional.",23947.04,81,Proveedor 22,Disponible
298,Bocina Bluetooth Dell Max-655,Electrónica,Dell,Max-655,"Bocina Bluetooth de Dell, modelo Max-655, diseñado para uso doméstico, empresarial o profesional.",10340.09,76,Proveedor 06,Disponible
299,Teclado LG Max-329,Electrónica,LG,Max-329,"Teclado de LG, modelo Max-329, diseñado para uso doméstico, empresarial o profesional.",4467.35,51,Proveedor 05,Disponible
300,Mouse Brother Basic-469,Electrónica,Brother,Basic-469,"Mouse de Brother, modelo Basic-469, diseñado para uso doméstico, empresarial o profesional.",19502.24,94,Proveedor 15,Disponible
301,Memoria USB Lenovo Max-188,Electrónica,Lenovo,Max-188,"Memoria USB de Lenovo, modelo Max-188, diseñado para uso doméstico, empresarial o profesional.",2534.75,101,Proveedor 23,Disponible
302,Webcam APC Ultra-887,Electrónica,APC,Ultra-887,"Webcam de APC, modelo Ultra-887, diseñado para uso doméstico, empresarial o profesional.",14477.82,147,Proveedor 03,Disponible
303,Teclado Samsung Business-175,Electrónica,Samsung,Business-175,"Teclado de Samsung, modelo Business-175, diseñado para uso doméstico, empresarial o profesional.",15886.61,132,Proveedor 12,Disponible
304,Teclado Tripp Lite Business-701,Electrónica,Tripp Lite,Business-701,"Teclado de Tripp Lite, modelo Business-701, diseñado para uso doméstico, empresarial o profesional.",6573.22,33,Proveedor 14,Disponible
305,Memoria USB Cisco Enterprise-227,Electrónica,Cisco,Enterprise-227,"Memoria USB de Cisco, modelo Enterprise-227, diseñado para uso doméstico, empresarial o profesional.",18254.05,77,Proveedor 06,Disponible
306,Teclado Samsung Business-330,Electrónica,Samsung,Business-330,"Teclado de Samsung, modelo Business-330, diseñado para uso doméstico, empresarial o profesional.",12274.3,132,Proveedor 10,Disponible
307,Monitor Logitech Pro-750,Electrónica,Logitech,Pro-750,"Monitor de Logitech, modelo Pro-750, diseñado para uso doméstico, empresarial o profesional.",33483.22,70,Proveedor 05,Disponible
308,Audífonos AMD Max-195,Electrónica,AMD,Max-195,"Audífonos de AMD, modelo Max-195, diseñado para uso doméstico, empresarial o profesional.",17714.42,43,Proveedor 19,Disponible
309,Disco SSD Lenovo Pro-774,Electrónica,Lenovo,Pro-774,"Disco SSD de Lenovo, modelo Pro-774, diseñado para uso doméstico, empresarial o profesional.",21950.65,86,Proveedor 19,Disponible
310,Laptop TP-Link Basic-146,Electrónica,TP-Link,Basic-146,"Laptop de TP-Link, modelo Basic-146, diseñado para uso doméstico, empresarial o profesional.",33212.0,147,Proveedor 09,Disponible
311,Mouse Intel Ultra-732,Electrónica,Intel,Ultra-732,"Mouse de Intel, modelo Ultra-732, diseñado para uso doméstico, empresarial o profesional.",22454.94,127,Proveedor 21,Disponible
312,Memoria USB Kingston Business-409,Electrónica,Kingston,Business-409,"Memoria USB de Kingston, modelo Business-409, diseñado para uso doméstico, empresarial o profesional.",17032.33,103,Proveedor 10,Disponible
313,Webcam Dell Business-161,Electrónica,Dell,Business-161,"Webcam de Dell, modelo Business-161, diseñado para uso doméstico, empresarial o profesional.",5743.3,106,Proveedor 16,Disponible
314,Webcam Acer Plus-721,Electrónica,Acer,Plus-721,"Webcam de Acer, modelo Plus-721, diseñado para uso doméstico, empresarial o profesional.",5242.49,81,Proveedor 24,Disponible
315,Bocina Bluetooth Huawei Pro-878,Electrónica,Huawei,Pro-878,"Bocina Bluetooth de Huawei, modelo Pro-878, diseñado para uso doméstico, empresarial o profesional.",13126.27,143,Proveedor 04,Disponible
316,Bocina Bluetooth Epson Ultra-225,Electrónica,Epson,Ultra-225,"Bocina Bluetooth de Epson, modelo Ultra-225, diseñado para uso doméstico, empresarial o profesional.",9544.64,63,Proveedor 05,Disponible
317,Monitor Cisco Plus-493,Electrónica,Cisco,Plus-493,"Monitor de Cisco, modelo Plus-493, diseñado para uso doméstico, empresarial o profesional.",30279.69,107,Proveedor 08,Disponible
318,Teclado Samsung Max-838,Electrónica,Samsung,Max-838,"Teclado de Samsung, modelo Max-838, diseñado para uso doméstico, empresarial o profesional.",11116.84,40,Proveedor 16,Disponible
319,Memoria USB Hikvision Ultra-415,Electrónica,Hikvision,Ultra-415,"Memoria USB de Hikvision, modelo Ultra-415, diseñado para uso doméstico, empresarial o profesional.",17533.62,23,Proveedor 13,Disponible
320,Memoria USB Hikvision Pro-320,Electrónica,Hikvision,Pro-320,"Memoria USB de Hikvision, modelo Pro-320, diseñado para uso doméstico, empresarial o profesional.",20521.21,12,Proveedor 02,Disponible
321,Audífonos Brother Max-963,Electrónica,Brother,Max-963,"Audífonos de Brother, modelo Max-963, diseñado para uso doméstico, empresarial o profesional.",22985.54,120,Proveedor 10,Disponible
322,Memoria USB TP-Link Enterprise-210,Electrónica,TP-Link,Enterprise-210,"Memoria USB de TP-Link, modelo Enterprise-210, diseñado para uso doméstico, empresarial o profesional.",15224.74,67,Proveedor 24,Disponible
323,Bocina Bluetooth Huawei Plus-146,Electrónica,Huawei,Plus-146,"Bocina Bluetooth de Huawei, modelo Plus-146, diseñado para uso doméstico, empresarial o profesional.",14170.21,145,Proveedor 18,Disponible
324,Mouse LG Max-395,Electrónica,LG,Max-395,"Mouse de LG, modelo Max-395, diseñado para uso doméstico, empresarial o profesional.",2805.23,129,Proveedor 15,Disponible
325,Memoria USB Logitech Enterprise-738,Electrónica,Logitech,Enterprise-738,"Memoria USB de Logitech, modelo Enterprise-738, diseñado para uso doméstico, empresarial o profesional.",23893.85,30,Proveedor 05,Disponible
326,Monitor Huawei Plus-913,Electrónica,Huawei,Plus-913,"Monitor de Huawei, modelo Plus-913, diseñado para uso doméstico, empresarial o profesional.",34540.87,142,Proveedor 12,Disponible
327,Teclado Acer Max-621,Electrónica,Acer,Max-621,"Teclado de Acer, modelo Max-621, diseñado para uso doméstico, empresarial o profesional.",14198.2,10,Proveedor 02,Disponible
328,Laptop Lenovo Business-441,Electrónica,Lenovo,Business-441,"Laptop de Lenovo, modelo Business-441, diseñado para uso doméstico, empresarial o profesional.",28187.81,132,Proveedor 15,Disponible
329,Teclado AMD Max-243,Electrónica,AMD,Max-243,"Teclado de AMD, modelo Max-243, diseñado para uso doméstico, empresarial o profesional.",11646.81,81,Proveedor 06,Disponible
330,Tablet AMD Business-962,Electrónica,AMD,Business-962,"Tablet de AMD, modelo Business-962, diseñado para uso doméstico, empresarial o profesional.",10648.39,86,Proveedor 17,Disponible
331,Memoria USB Tripp Lite Ultra-825,Electrónica,Tripp Lite,Ultra-825,"Memoria USB de Tripp Lite, modelo Ultra-825, diseñado para uso doméstico, empresarial o profesional.",19811.62,121,Proveedor 01,Disponible
332,Bocina Bluetooth Samsung Business-212,Electrónica,Samsung,Business-212,"Bocina Bluetooth de Samsung, modelo Business-212, diseñado para uso doméstico, empresarial o profesional.",34301.46,149,Proveedor 10,Disponible
333,Laptop AMD Ultra-371,Electrónica,AMD,Ultra-371,"Laptop de AMD, modelo Ultra-371, diseñado para uso doméstico, empresarial o profesional.",33855.71,148,Proveedor 19,Disponible
334,Mouse Cisco Max-591,Electrónica,Cisco,Max-591,"Mouse de Cisco, modelo Max-591, diseñado para uso doméstico, empresarial o profesional.",6175.29,97,Proveedor 05,Disponible
335,Mouse Cisco Max-817,Electrónica,Cisco,Max-817,"Mouse de Cisco, modelo Max-817, diseñado para uso doméstico, empresarial o profesional.",4068.87,4,Proveedor 15,Disponible
336,Bocina Bluetooth Ubiquiti Pro-522,Electrónica,Ubiquiti,Pro-522,"Bocina Bluetooth de Ubiquiti, modelo Pro-522, diseñado para uso doméstico, empresarial o profesional.",24244.88,105,Proveedor 17,Disponible
337,Disco SSD Brother Enterprise-968,Electrónica,Brother,Enterprise-968,"Disco SSD de Brother, modelo Enterprise-968, diseñado para uso doméstico, empresarial o profesional.",25820.35,15,Proveedor 23,Disponible
338,Teclado APC Pro-674,Electrónica,APC,Pro-674,"Teclado de APC, modelo Pro-674, diseñado para uso doméstico, empresarial o profesional.",11545.47,122,Proveedor 17,Disponible
339,Tablet Samsung Pro-570,Electrónica,Samsung,Pro-570,"Tablet de Samsung, modelo Pro-570, diseñado para uso doméstico, empresarial o profesional.",31946.31,87,Proveedor 18,Disponible
340,Bocina Bluetooth Logitech Max-595,Electrónica,Logitech,Max-595,"Bocina Bluetooth de Logitech, modelo Max-595, diseñado para uso doméstico, empresarial o profesional.",6931.18,63,Proveedor 09,Disponible
341,Memoria USB Kingston Pro-404,Electrónica,Kingston,Pro-404,"Memoria USB de Kingston, modelo Pro-404, diseñado para uso doméstico, empresarial o profesional.",27048.31,53,Proveedor 23,Disponible
342,Webcam Samsung Ultra-457,Electrónica,Samsung,Ultra-457,"Webcam de Samsung, modelo Ultra-457, diseñado para uso doméstico, empresarial o profesional.",19726.94,70,Proveedor 10,Disponible
343,Monitor Intel Business-656,Electrónica,Intel,Business-656,"Monitor de Intel, modelo Business-656, diseñado para uso doméstico, empresarial o profesional.",13444.37,101,Proveedor 12,Disponible
344,Teclado Kingston Basic-394,Electrónica,Kingston,Basic-394,"Teclado de Kingston, modelo Basic-394, diseñado para uso doméstico, empresarial o profesional.",33447.15,20,Proveedor 12,Disponible
345,Webcam Logitech Business-590,Electrónica,Logitech,Business-590,"Webcam de Logitech, modelo Business-590, diseñado para uso doméstico, empresarial o profesional.",7686.04,137,Proveedor 09,Disponible
346,Memoria USB Logitech Pro-211,Electrónica,Logitech,Pro-211,"Memoria USB de Logitech, modelo Pro-211, diseñado para uso doméstico, empresarial o profesional.",21644.78,150,Proveedor 08,Disponible
347,Mouse Cisco Business-643,Electrónica,Cisco,Business-643,"Mouse de Cisco, modelo Business-643, diseñado para uso doméstico, empresarial o profesional.",8092.09,59,Proveedor 02,Disponible
348,Monitor Ubiquiti Plus-834,Electrónica,Ubiquiti,Plus-834,"Monitor de Ubiquiti, modelo Plus-834, diseñado para uso doméstico, empresarial o profesional.",16666.04,35,Proveedor 01,Disponible
349,Memoria USB ASUS Ultra-768,Electrónica,ASUS,Ultra-768,"Memoria USB de ASUS, modelo Ultra-768, diseñado para uso doméstico, empresarial o profesional.",32742.37,121,Proveedor 16,Disponible
350,Mouse Kingston Plus-392,Electrónica,Kingston,Plus-392,"Mouse de Kingston, modelo Plus-392, diseñado para uso doméstico, empresarial o profesional.",22694.95,22,Proveedor 21,Disponible
351,Disco SSD Epson Max-856,Electrónica,Epson,Max-856,"Disco SSD de Epson, modelo Max-856, diseñado para uso doméstico, empresarial o profesional.",25378.34,9,Proveedor 06,Disponible
352,Tablet ASUS Basic-956,Electrónica,ASUS,Basic-956,"Tablet de ASUS, modelo Basic-956, diseñado para uso doméstico, empresarial o profesional.",14045.56,126,Proveedor 06,Disponible
353,Audífonos Cisco Basic-405,Electrónica,Cisco,Basic-405,"Audífonos de Cisco, modelo Basic-405, diseñado para uso doméstico, empresarial o profesional.",19986.67,27,Proveedor 11,Disponible
354,Audífonos Hikvision Business-656,Electrónica,Hikvision,Business-656,"Audífonos de Hikvision, modelo Business-656, diseñado para uso doméstico, empresarial o profesional.",18470.07,34,Proveedor 17,Disponible
355,Webcam Logitech Pro-928,Electrónica,Logitech,Pro-928,"Webcam de Logitech, modelo Pro-928, diseñado para uso doméstico, empresarial o profesional.",4164.47,41,Proveedor 24,Disponible
356,Webcam Logitech Business-290,Electrónica,Logitech,Business-290,"Webcam de Logitech, modelo Business-290, diseñado para uso doméstico, empresarial o profesional.",739.43,86,Proveedor 10,Disponible
357,Disco SSD Acer Pro-725,Electrónica,Acer,Pro-725,"Disco SSD de Acer, modelo Pro-725, diseñado para uso doméstico, empresarial o profesional.",30001.09,103,Proveedor 14,Disponible
358,Memoria USB Samsung Basic-510,Electrónica,Samsung,Basic-510,"Memoria USB de Samsung, modelo Basic-510, diseñado para uso doméstico, empresarial o profesional.",23506.64,47,Proveedor 05,Disponible
359,Webcam Samsung Pro-106,Electrónica,Samsung,Pro-106,"Webcam de Samsung, modelo Pro-106, diseñado para uso doméstico, empresarial o profesional.",9312.29,60,Proveedor 15,Disponible
360,Audífonos Samsung Plus-696,Electrónica,Samsung,Plus-696,"Audífonos de Samsung, modelo Plus-696, diseñado para uso doméstico, empresarial o profesional.",25370.17,2,Proveedor 09,Disponible
361,Bocina Bluetooth Epson Basic-783,Electrónica,Epson,Basic-783,"Bocina Bluetooth de Epson, modelo Basic-783, diseñado para uso doméstico, empresarial o profesional.",4358.31,78,Proveedor 06,Disponible
362,Tablet APC Business-888,Electrónica,APC,Business-888,"Tablet de APC, modelo Business-888, diseñado para uso doméstico, empresarial o profesional.",11056.48,30,Proveedor 21,Disponible
363,Audífonos LG Max-326,Electrónica,LG,Max-326,"Audífonos de LG, modelo Max-326, diseñado para uso doméstico, empresarial o profesional.",7864.72,34,Proveedor 16,Disponible
364,Teclado Hikvision Business-720,Electrónica,Hikvision,Business-720,"Teclado de Hikvision, modelo Business-720, diseñado para uso doméstico, empresarial o profesional.",13233.46,140,Proveedor 16,Disponible
365,Memoria USB Acer Enterprise-353,Electrónica,Acer,Enterprise-353,"Memoria USB de Acer, modelo Enterprise-353, diseñado para uso doméstico, empresarial o profesional.",23891.88,20,Proveedor 17,Disponible
366,Webcam APC Business-470,Electrónica,APC,Business-470,"Webcam de APC, modelo Business-470, diseñado para uso doméstico, empresarial o profesional.",2964.07,144,Proveedor 04,Disponible
367,Laptop Tripp Lite Max-307,Electrónica,Tripp Lite,Max-307,"Laptop de Tripp Lite, modelo Max-307, diseñado para uso doméstico, empresarial o profesional.",20151.38,38,Proveedor 06,Disponible
368,Bocina Bluetooth APC Ultra-219,Electrónica,APC,Ultra-219,"Bocina Bluetooth de APC, modelo Ultra-219, diseñado para uso doméstico, empresarial o profesional.",23890.26,149,Proveedor 16,Disponible
369,Monitor APC Ultra-928,Electrónica,APC,Ultra-928,"Monitor de APC, modelo Ultra-928, diseñado para uso doméstico, empresarial o profesional.",2183.34,33,Proveedor 17,Disponible
370,Tablet Hikvision Max-159,Electrónica,Hikvision,Max-159,"Tablet de Hikvision, modelo Max-159, diseñado para uso doméstico, empresarial o profesional.",19668.2,78,Proveedor 24,Disponible
371,Laptop Huawei Plus-936,Electrónica,Huawei,Plus-936,"Laptop de Huawei, modelo Plus-936, diseñado para uso doméstico, empresarial o profesional.",354.79,55,Proveedor 19,Disponible
372,Monitor Cisco Ultra-452,Electrónica,Cisco,Ultra-452,"Monitor de Cisco, modelo Ultra-452, diseñado para uso doméstico, empresarial o profesional.",24588.37,138,Proveedor 02,Disponible
373,Monitor Brother Basic-393,Electrónica,Brother,Basic-393,"Monitor de Brother, modelo Basic-393, diseñado para uso doméstico, empresarial o profesional.",14458.13,34,Proveedor 25,Disponible
374,Tablet LG Ultra-559,Electrónica,LG,Ultra-559,"Tablet de LG, modelo Ultra-559, diseñado para uso doméstico, empresarial o profesional.",30469.3,96,Proveedor 13,Disponible
375,Monitor Tripp Lite Pro-769,Electrónica,Tripp Lite,Pro-769,"Monitor de Tripp Lite, modelo Pro-769, diseñado para uso doméstico, empresarial o profesional.",30144.96,30,Proveedor 06,Disponible
376,Memoria USB Huawei Max-230,Electrónica,Huawei,Max-230,"Memoria USB de Huawei, modelo Max-230, diseñado para uso doméstico, empresarial o profesional.",25543.07,57,Proveedor 01,Disponible
377,Laptop Kingston Ultra-789,Electrónica,Kingston,Ultra-789,"Laptop de Kingston, modelo Ultra-789, diseñado para uso doméstico, empresarial o profesional.",25238.52,108,Proveedor 18,Disponible
378,Tablet Epson Pro-571,Electrónica,Epson,Pro-571,"Tablet de Epson, modelo Pro-571, diseñado para uso doméstico, empresarial o profesional.",12279.05,70,Proveedor 07,Disponible
379,Monitor Cisco Enterprise-776,Electrónica,Cisco,Enterprise-776,"Monitor de Cisco, modelo Enterprise-776, diseñado para uso doméstico, empresarial o profesional.",14818.61,4,Proveedor 08,Disponible
380,Mouse Dell Basic-708,Electrónica,Dell,Basic-708,"Mouse de Dell, modelo Basic-708, diseñado para uso doméstico, empresarial o profesional.",1416.78,12,Proveedor 08,Disponible
381,Laptop Huawei Ultra-339,Electrónica,Huawei,Ultra-339,"Laptop de Huawei, modelo Ultra-339, diseñado para uso doméstico, empresarial o profesional.",19006.65,14,Proveedor 05,Disponible
382,Memoria USB Kingston Pro-935,Electrónica,Kingston,Pro-935,"Memoria USB de Kingston, modelo Pro-935, diseñado para uso doméstico, empresarial o profesional.",32094.8,147,Proveedor 11,Disponible
383,Disco SSD AMD Enterprise-788,Electrónica,AMD,Enterprise-788,"Disco SSD de AMD, modelo Enterprise-788, diseñado para uso doméstico, empresarial o profesional.",28688.79,60,Proveedor 10,Disponible
384,Teclado APC Pro-523,Electrónica,APC,Pro-523,"Teclado de APC, modelo Pro-523, diseñado para uso doméstico, empresarial o profesional.",10692.41,15,Proveedor 18,Disponible
385,Disco SSD ASUS Business-795,Electrónica,ASUS,Business-795,"Disco SSD de ASUS, modelo Business-795, diseñado para uso doméstico, empresarial o profesional.",15095.22,126,Proveedor 02,Disponible
386,Bocina Bluetooth Huawei Enterprise-637,Electrónica,Huawei,Enterprise-637,"Bocina Bluetooth de Huawei, modelo Enterprise-637, diseñado para uso doméstico, empresarial o profesional.",11326.02,106,Proveedor 14,Disponible
387,Teclado Kingston Ultra-288,Electrónica,Kingston,Ultra-288,"Teclado de Kingston, modelo Ultra-288, diseñado para uso doméstico, empresarial o profesional.",26465.96,121,Proveedor 08,Disponible
388,Mouse Kingston Enterprise-824,Electrónica,Kingston,Enterprise-824,"Mouse de Kingston, modelo Enterprise-824, diseñado para uso doméstico, empresarial o profesional.",5266.22,118,Proveedor 02,Disponible
389,Memoria USB Ubiquiti Ultra-670,Electrónica,Ubiquiti,Ultra-670,"Memoria USB de Ubiquiti, modelo Ultra-670, diseñado para uso doméstico, empresarial o profesional.",18667.22,99,Proveedor 08,Disponible
390,Audífonos Acer Plus-762,Electrónica,Acer,Plus-762,"Audífonos de Acer, modelo Plus-762, diseñado para uso doméstico, empresarial o profesional.",2997.7,115,Proveedor 12,Disponible
391,Monitor Tripp Lite Business-949,Electrónica,Tripp Lite,Business-949,"Monitor de Tripp Lite, modelo Business-949, diseñado para uso doméstico, empresarial o profesional.",6869.24,68,Proveedor 13,Disponible
392,Disco SSD AMD Basic-994,Electrónica,AMD,Basic-994,"Disco SSD de AMD, modelo Basic-994, diseñado para uso doméstico, empresarial o profesional.",2779.26,150,Proveedor 24,Disponible
393,Memoria USB Acer Ultra-313,Electrónica,Acer,Ultra-313,"Memoria USB de Acer, modelo Ultra-313, diseñado para uso doméstico, empresarial o profesional.",30464.22,85,Proveedor 10,Disponible
394,Laptop Acer Pro-859,Electrónica,Acer,Pro-859,"Laptop de Acer, modelo Pro-859, diseñado para uso doméstico, empresarial o profesional.",4326.74,122,Proveedor 08,Disponible
395,Disco SSD Acer Ultra-345,Electrónica,Acer,Ultra-345,"Disco SSD de Acer, modelo Ultra-345, diseñado para uso doméstico, empresarial o profesional.",19434.76,72,Proveedor 13,Disponible
396,Webcam Tripp Lite Business-467,Electrónica,Tripp Lite,Business-467,"Webcam de Tripp Lite, modelo Business-467, diseñado para uso doméstico, empresarial o profesional.",10967.67,92,Proveedor 17,Disponible
397,Webcam Hikvision Basic-922,Electrónica,Hikvision,Basic-922,"Webcam de Hikvision, modelo Basic-922, diseñado para uso doméstico, empresarial o profesional.",34350.82,120,Proveedor 25,Disponible
398,Bocina Bluetooth Acer Plus-420,Electrónica,Acer,Plus-420,"Bocina Bluetooth de Acer, modelo Plus-420, diseñado para uso doméstico, empresarial o profesional.",14634.07,144,Proveedor 08,Disponible
399,Teclado TP-Link Plus-666,Electrónica,TP-Link,Plus-666,"Teclado de TP-Link, modelo Plus-666, diseñado para uso doméstico, empresarial o profesional.",32732.85,148,Proveedor 24,Disponible
400,Tablet Kingston Pro-300,Electrónica,Kingston,Pro-300,"Tablet de Kingston, modelo Pro-300, diseñado para uso doméstico, empresarial o profesional.",11712.82,97,Proveedor 19,Disponible
401,Mouse Brother Max-770,Electrónica,Brother,Max-770,"Mouse de Brother, modelo Max-770, diseñado para uso doméstico, empresarial o profesional.",33035.39,86,Proveedor 09,Disponible
402,Webcam Brother Ultra-272,Electrónica,Brother,Ultra-272,"Webcam de Brother, modelo Ultra-272, diseñado para uso doméstico, empresarial o profesional.",25713.84,90,Proveedor 06,Disponible
403,Teclado Tripp Lite Ultra-288,Electrónica,Tripp Lite,Ultra-288,"Teclado de Tripp Lite, modelo Ultra-288, diseñado para uso doméstico, empresarial o profesional.",32112.25,138,Proveedor 21,Disponible
404,Laptop APC Basic-959,Electrónica,APC,Basic-959,"Laptop de APC, modelo Basic-959, diseñado para uso doméstico, empresarial o profesional.",29672.73,12,Proveedor 25,Disponible
405,Laptop Ubiquiti Pro-962,Electrónica,Ubiquiti,Pro-962,"Laptop de Ubiquiti, modelo Pro-962, diseñado para uso doméstico, empresarial o profesional.",22166.88,17,Proveedor 23,Disponible
406,Teclado TP-Link Pro-617,Electrónica,TP-Link,Pro-617,"Teclado de TP-Link, modelo Pro-617, diseñado para uso doméstico, empresarial o profesional.",16096.34,15,Proveedor 20,Disponible
407,Disco SSD Brother Business-599,Electrónica,Brother,Business-599,"Disco SSD de Brother, modelo Business-599, diseñado para uso doméstico, empresarial o profesional.",796.68,136,Proveedor 18,Disponible
408,Tablet TP-Link Basic-642,Electrónica,TP-Link,Basic-642,"Tablet de TP-Link, modelo Basic-642, diseñado para uso doméstico, empresarial o profesional.",25346.2,137,Proveedor 10,Disponible
409,Laptop APC Enterprise-814,Electrónica,APC,Enterprise-814,"Laptop de APC, modelo Enterprise-814, diseñado para uso doméstico, empresarial o profesional.",23672.65,45,Proveedor 04,Disponible
410,Monitor APC Pro-346,Electrónica,APC,Pro-346,"Monitor de APC, modelo Pro-346, diseñado para uso doméstico, empresarial o profesional.",6919.64,134,Proveedor 09,Disponible
411,Bocina Bluetooth Logitech Enterprise-506,Electrónica,Logitech,Enterprise-506,"Bocina Bluetooth de Logitech, modelo Enterprise-506, diseñado para uso doméstico, empresarial o profesional.",2995.92,103,Proveedor 15,Disponible
412,Disco SSD Epson Business-331,Electrónica,Epson,Business-331,"Disco SSD de Epson, modelo Business-331, diseñado para uso doméstico, empresarial o profesional.",10674.12,20,Proveedor 21,Disponible
413,Laptop Dell Ultra-488,Electrónica,Dell,Ultra-488,"Laptop de Dell, modelo Ultra-488, diseñado para uso doméstico, empresarial o profesional.",13356.64,121,Proveedor 02,Disponible
414,Laptop ASUS Basic-611,Electrónica,ASUS,Basic-611,"Laptop de ASUS, modelo Basic-611, diseñado para uso doméstico, empresarial o profesional.",29625.21,84,Proveedor 19,Disponible
415,Monitor APC Basic-335,Electrónica,APC,Basic-335,"Monitor de APC, modelo Basic-335, diseñado para uso doméstico, empresarial o profesional.",7596.74,145,Proveedor 16,Disponible
416,Audífonos Cisco Basic-800,Electrónica,Cisco,Basic-800,"Audífonos de Cisco, modelo Basic-800, diseñado para uso doméstico, empresarial o profesional.",32414.07,139,Proveedor 19,Disponible
417,Laptop ASUS Enterprise-422,Electrónica,ASUS,Enterprise-422,"Laptop de ASUS, modelo Enterprise-422, diseñado para uso doméstico, empresarial o profesional.",794.12,53,Proveedor 19,Disponible
418,Teclado Huawei Basic-406,Electrónica,Huawei,Basic-406,"Teclado de Huawei, modelo Basic-406, diseñado para uso doméstico, empresarial o profesional.",5895.15,61,Proveedor 19,Disponible
419,Tablet Tripp Lite Plus-493,Electrónica,Tripp Lite,Plus-493,"Tablet de Tripp Lite, modelo Plus-493, diseñado para uso doméstico, empresarial o profesional.",26507.42,35,Proveedor 23,Disponible
420,Monitor APC Business-454,Electrónica,APC,Business-454,"Monitor de APC, modelo Business-454, diseñado para uso doméstico, empresarial o profesional.",2115.95,111,Proveedor 08,Disponible
421,Monitor Samsung Max-887,Electrónica,Samsung,Max-887,"Monitor de Samsung, modelo Max-887, diseñado para uso doméstico, empresarial o profesional.",21581.82,101,Proveedor 25,Disponible
422,Bocina Bluetooth TP-Link Business-379,Electrónica,TP-Link,Business-379,"Bocina Bluetooth de TP-Link, modelo Business-379, diseñado para uso doméstico, empresarial o profesional.",27478.3,115,Proveedor 16,Disponible
423,Mouse LG Max-484,Electrónica,LG,Max-484,"Mouse de LG, modelo Max-484, diseñado para uso doméstico, empresarial o profesional.",15256.72,149,Proveedor 22,Disponible
424,Tablet Dell Enterprise-733,Electrónica,Dell,Enterprise-733,"Tablet de Dell, modelo Enterprise-733, diseñado para uso doméstico, empresarial o profesional.",10514.44,63,Proveedor 23,Disponible
425,Monitor Dell Plus-257,Electrónica,Dell,Plus-257,"Monitor de Dell, modelo Plus-257, diseñado para uso doméstico, empresarial o profesional.",13455.0,39,Proveedor 24,Disponible
426,Tablet Samsung Plus-209,Electrónica,Samsung,Plus-209,"Tablet de Samsung, modelo Plus-209, diseñado para uso doméstico, empresarial o profesional.",3430.33,78,Proveedor 15,Disponible
427,Bocina Bluetooth Logitech Basic-235,Electrónica,Logitech,Basic-235,"Bocina Bluetooth de Logitech, modelo Basic-235, diseñado para uso doméstico, empresarial o profesional.",3283.58,110,Proveedor 15,Disponible
428,Memoria USB Tripp Lite Max-517,Electrónica,Tripp Lite,Max-517,"Memoria USB de Tripp Lite, modelo Max-517, diseñado para uso doméstico, empresarial o profesional.",3839.43,22,Proveedor 12,Disponible
429,Memoria USB Dell Max-712,Electrónica,Dell,Max-712,"Memoria USB de Dell, modelo Max-712, diseñado para uso doméstico, empresarial o profesional.",27509.25,98,Proveedor 01,Disponible
430,Audífonos Ubiquiti Ultra-897,Electrónica,Ubiquiti,Ultra-897,"Audífonos de Ubiquiti, modelo Ultra-897, diseñado para uso doméstico, empresarial o profesional.",3193.31,143,Proveedor 08,Disponible
431,Disco SSD APC Pro-801,Electrónica,APC,Pro-801,"Disco SSD de APC, modelo Pro-801, diseñado para uso doméstico, empresarial o profesional.",13480.44,35,Proveedor 09,Disponible
432,Audífonos Logitech Ultra-249,Electrónica,Logitech,Ultra-249,"Audífonos de Logitech, modelo Ultra-249, diseñado para uso doméstico, empresarial o profesional.",2448.53,111,Proveedor 09,Disponible
433,Tablet Kingston Ultra-901,Electrónica,Kingston,Ultra-901,"Tablet de Kingston, modelo Ultra-901, diseñado para uso doméstico, empresarial o profesional.",2923.02,64,Proveedor 08,Disponible
434,Webcam AMD Max-300,Electrónica,AMD,Max-300,"Webcam de AMD, modelo Max-300, diseñado para uso doméstico, empresarial o profesional.",16160.69,34,Proveedor 10,Disponible
435,Laptop Huawei Plus-961,Electrónica,Huawei,Plus-961,"Laptop de Huawei, modelo Plus-961, diseñado para uso doméstico, empresarial o profesional.",21801.68,84,Proveedor 15,Disponible
436,Bocina Bluetooth Ubiquiti Enterprise-943,Electrónica,Ubiquiti,Enterprise-943,"Bocina Bluetooth de Ubiquiti, modelo Enterprise-943, diseñado para uso doméstico, empresarial o profesional.",30117.92,34,Proveedor 10,Disponible
437,Bocina Bluetooth AMD Business-305,Electrónica,AMD,Business-305,"Bocina Bluetooth de AMD, modelo Business-305, diseñado para uso doméstico, empresarial o profesional.",16895.59,45,Proveedor 13,Disponible
438,Bocina Bluetooth Kingston Business-811,Electrónica,Kingston,Business-811,"Bocina Bluetooth de Kingston, modelo Business-811, diseñado para uso doméstico, empresarial o profesional.",22243.36,147,Proveedor 08,Disponible
439,Bocina Bluetooth Huawei Plus-936,Electrónica,Huawei,Plus-936,"Bocina Bluetooth de Huawei, modelo Plus-936, diseñado para uso doméstico, empresarial o profesional.",27558.86,93,Proveedor 04,Disponible
440,Disco SSD Acer Max-658,Electrónica,Acer,Max-658,"Disco SSD de Acer, modelo Max-658, diseñado para uso doméstico, empresarial o profesional.",6502.47,140,Proveedor 01,Disponible
441,Webcam Acer Ultra-916,Electrónica,Acer,Ultra-916,"Webcam de Acer, modelo Ultra-916, diseñado para uso doméstico, empresarial o profesional.",10373.76,17,Proveedor 14,Disponible
442,Webcam Lenovo Business-410,Electrónica,Lenovo,Business-410,"Webcam de Lenovo, modelo Business-410, diseñado para uso doméstico, empresarial o profesional.",8660.24,39,Proveedor 23,Disponible
443,Tablet Huawei Basic-559,Electrónica,Huawei,Basic-559,"Tablet de Huawei, modelo Basic-559, diseñado para uso doméstico, empresarial o profesional.",34676.85,122,Proveedor 19,Disponible
444,Tablet Tripp Lite Max-990,Electrónica,Tripp Lite,Max-990,"Tablet de Tripp Lite, modelo Max-990, diseñado para uso doméstico, empresarial o profesional.",24286.88,139,Proveedor 02,Disponible
445,Bocina Bluetooth Tripp Lite Max-753,Electrónica,Tripp Lite,Max-753,"Bocina Bluetooth de Tripp Lite, modelo Max-753, diseñado para uso doméstico, empresarial o profesional.",32025.44,27,Proveedor 25,Disponible
446,Mouse LG Pro-762,Electrónica,LG,Pro-762,"Mouse de LG, modelo Pro-762, diseñado para uso doméstico, empresarial o profesional.",21540.56,144,Proveedor 21,Disponible
447,Tablet Samsung Enterprise-540,Electrónica,Samsung,Enterprise-540,"Tablet de Samsung, modelo Enterprise-540, diseñado para uso doméstico, empresarial o profesional.",3931.57,25,Proveedor 09,Disponible
448,Mouse APC Business-631,Electrónica,APC,Business-631,"Mouse de APC, modelo Business-631, diseñado para uso doméstico, empresarial o profesional.",19640.27,147,Proveedor 08,Disponible
449,Webcam LG Ultra-574,Electrónica,LG,Ultra-574,"Webcam de LG, modelo Ultra-574, diseñado para uso doméstico, empresarial o profesional.",27088.89,150,Proveedor 23,Disponible
450,Memoria USB Lenovo Plus-125,Electrónica,Lenovo,Plus-125,"Memoria USB de Lenovo, modelo Plus-125, diseñado para uso doméstico, empresarial o profesional.",17026.3,75,Proveedor 14,Disponible
451,Monitor HP Enterprise-847,Electrónica,HP,Enterprise-847,"Monitor de HP, modelo Enterprise-847, diseñado para uso doméstico, empresarial o profesional.",5173.21,79,Proveedor 11,Disponible
452,Webcam Acer Max-594,Electrónica,Acer,Max-594,"Webcam de Acer, modelo Max-594, diseñado para uso doméstico, empresarial o profesional.",12353.44,24,Proveedor 15,Disponible
453,Webcam Samsung Basic-407,Electrónica,Samsung,Basic-407,"Webcam de Samsung, modelo Basic-407, diseñado para uso doméstico, empresarial o profesional.",1802.74,29,Proveedor 01,Disponible
454,Bocina Bluetooth HP Business-919,Electrónica,HP,Business-919,"Bocina Bluetooth de HP, modelo Business-919, diseñado para uso doméstico, empresarial o profesional.",5961.3,62,Proveedor 17,Disponible
455,Teclado Tripp Lite Pro-438,Electrónica,Tripp Lite,Pro-438,"Teclado de Tripp Lite, modelo Pro-438, diseñado para uso doméstico, empresarial o profesional.",19704.75,118,Proveedor 08,Disponible
456,Tablet ASUS Pro-755,Electrónica,ASUS,Pro-755,"Tablet de ASUS, modelo Pro-755, diseñado para uso doméstico, empresarial o profesional.",23091.45,101,Proveedor 01,Disponible
457,Disco SSD Acer Ultra-706,Electrónica,Acer,Ultra-706,"Disco SSD de Acer, modelo Ultra-706, diseñado para uso doméstico, empresarial o profesional.",15176.96,1,Proveedor 23,Disponible
458,Mouse Acer Plus-870,Electrónica,Acer,Plus-870,"Mouse de Acer, modelo Plus-870, diseñado para uso doméstico, empresarial o profesional.",24705.65,16,Proveedor 19,Disponible
459,Monitor Tripp Lite Pro-474,Electrónica,Tripp Lite,Pro-474,"Monitor de Tripp Lite, modelo Pro-474, diseñado para uso doméstico, empresarial o profesional.",11577.98,117,Proveedor 04,Disponible
460,Audífonos Brother Max-754,Electrónica,Brother,Max-754,"Audífonos de Brother, modelo Max-754, diseñado para uso doméstico, empresarial o profesional.",11140.79,99,Proveedor 20,Disponible
461,Tablet Intel Basic-456,Electrónica,Intel,Basic-456,"Tablet de Intel, modelo Basic-456, diseñado para uso doméstico, empresarial o profesional.",12481.48,117,Proveedor 20,Disponible
462,Teclado Kingston Max-704,Electrónica,Kingston,Max-704,"Teclado de Kingston, modelo Max-704, diseñado para uso doméstico, empresarial o profesional.",3195.13,34,Proveedor 11,Disponible
463,Monitor Epson Plus-219,Electrónica,Epson,Plus-219,"Monitor de Epson, modelo Plus-219, diseñado para uso doméstico, empresarial o profesional.",6610.8,36,Proveedor 17,Disponible
464,Tablet Ubiquiti Max-241,Electrónica,Ubiquiti,Max-241,"Tablet de Ubiquiti, modelo Max-241, diseñado para uso doméstico, empresarial o profesional.",20224.51,108,Proveedor 06,Disponible
465,Webcam Tripp Lite Business-760,Electrónica,Tripp Lite,Business-760,"Webcam de Tripp Lite, modelo Business-760, diseñado para uso doméstico, empresarial o profesional.",32591.65,44,Proveedor 18,Disponible
466,Teclado Brother Plus-243,Electrónica,Brother,Plus-243,"Teclado de Brother, modelo Plus-243, diseñado para uso doméstico, empresarial o profesional.",6751.68,115,Proveedor 20,Disponible
467,Laptop LG Basic-596,Electrónica,LG,Basic-596,"Laptop de LG, modelo Basic-596, diseñado para uso doméstico, empresarial o profesional.",4994.58,98,Proveedor 18,Disponible
468,Memoria USB Brother Ultra-801,Electrónica,Brother,Ultra-801,"Memoria USB de Brother, modelo Ultra-801, diseñado para uso doméstico, empresarial o profesional.",17337.47,113,Proveedor 16,Disponible
469,Teclado Dell Max-131,Electrónica,Dell,Max-131,"Teclado de Dell, modelo Max-131, diseñado para uso doméstico, empresarial o profesional.",27906.86,56,Proveedor 10,Disponible
470,Laptop Logitech Pro-650,Electrónica,Logitech,Pro-650,"Laptop de Logitech, modelo Pro-650, diseñado para uso doméstico, empresarial o profesional.",10281.29,117,Proveedor 19,Disponible
471,Webcam Tripp Lite Max-215,Electrónica,Tripp Lite,Max-215,"Webcam de Tripp Lite, modelo Max-215, diseñado para uso doméstico, empresarial o profesional.",20151.81,68,Proveedor 25,Disponible
472,Memoria USB LG Max-942,Electrónica,LG,Max-942,"Memoria USB de LG, modelo Max-942, diseñado para uso doméstico, empresarial o profesional.",26548.32,112,Proveedor 18,Disponible
473,Mouse Ubiquiti Basic-853,Electrónica,Ubiquiti,Basic-853,"Mouse de Ubiquiti, modelo Basic-853, diseñado para uso doméstico, empresarial o profesional.",29094.96,63,Proveedor 10,Disponible
474,Laptop Hikvision Plus-456,Electrónica,Hikvision,Plus-456,"Laptop de Hikvision, modelo Plus-456, diseñado para uso doméstico, empresarial o profesional.",30211.44,22,Proveedor 15,Disponible
475,Monitor Epson Pro-930,Electrónica,Epson,Pro-930,"Monitor de Epson, modelo Pro-930, diseñado para uso doméstico, empresarial o profesional.",25882.05,89,Proveedor 23,Disponible
476,Disco SSD Ubiquiti Pro-730,Electrónica,Ubiquiti,Pro-730,"Disco SSD de Ubiquiti, modelo Pro-730, diseñado para uso doméstico, empresarial o profesional.",5088.42,52,Proveedor 07,Disponible
477,Laptop Intel Plus-645,Electrónica,Intel,Plus-645,"Laptop de Intel, modelo Plus-645, diseñado para uso doméstico, empresarial o profesional.",10017.7,137,Proveedor 06,Disponible
478,Bocina Bluetooth Kingston Plus-686,Electrónica,Kingston,Plus-686,"Bocina Bluetooth de Kingston, modelo Plus-686, diseñado para uso doméstico, empresarial o profesional.",9540.17,131,Proveedor 22,Disponible
479,Monitor Lenovo Enterprise-904,Electrónica,Lenovo,Enterprise-904,"Monitor de Lenovo, modelo Enterprise-904, diseñado para uso doméstico, empresarial o profesional.",14552.97,15,Proveedor 09,Disponible
480,Teclado Lenovo Pro-249,Electrónica,Lenovo,Pro-249,"Teclado de Lenovo, modelo Pro-249, diseñado para uso doméstico, empresarial o profesional.",24970.97,63,Proveedor 25,Disponible
481,Tablet Brother Pro-691,Electrónica,Brother,Pro-691,"Tablet de Brother, modelo Pro-691, diseñado para uso doméstico, empresarial o profesional.",22225.97,106,Proveedor 13,Disponible
482,Webcam Dell Business-913,Electrónica,Dell,Business-913,"Webcam de Dell, modelo Business-913, diseñado para uso doméstico, empresarial o profesional.",30834.35,23,Proveedor 13,Disponible
483,Memoria USB Logitech Business-998,Electrónica,Logitech,Business-998,"Memoria USB de Logitech, modelo Business-998, diseñado para uso doméstico, empresarial o profesional.",13075.22,124,Proveedor 11,Disponible
484,Disco SSD TP-Link Enterprise-892,Electrónica,TP-Link,Enterprise-892,"Disco SSD de TP-Link, modelo Enterprise-892, diseñado para uso doméstico, empresarial o profesional.",29689.06,23,Proveedor 24,Disponible
485,Webcam LG Enterprise-164,Electrónica,LG,Enterprise-164,"Webcam de LG, modelo Enterprise-164, diseñado para uso doméstico, empresarial o profesional.",27899.81,101,Proveedor 07,Disponible
486,Tablet Acer Ultra-374,Electrónica,Acer,Ultra-374,"Tablet de Acer, modelo Ultra-374, diseñado para uso doméstico, empresarial o profesional.",11469.56,72,Proveedor 11,Disponible
487,Memoria USB Intel Pro-679,Electrónica,Intel,Pro-679,"Memoria USB de Intel, modelo Pro-679, diseñado para uso doméstico, empresarial o profesional.",29871.68,87,Proveedor 22,Disponible
488,Laptop Cisco Basic-741,Electrónica,Cisco,Basic-741,"Laptop de Cisco, modelo Basic-741, diseñado para uso doméstico, empresarial o profesional.",27490.17,117,Proveedor 01,Disponible
489,Monitor ASUS Ultra-567,Electrónica,ASUS,Ultra-567,"Monitor de ASUS, modelo Ultra-567, diseñado para uso doméstico, empresarial o profesional.",273.49,109,Proveedor 07,Disponible
490,Teclado Kingston Pro-995,Electrónica,Kingston,Pro-995,"Teclado de Kingston, modelo Pro-995, diseñado para uso doméstico, empresarial o profesional.",32662.21,70,Proveedor 03,Disponible
491,Bocina Bluetooth Logitech Basic-480,Electrónica,Logitech,Basic-480,"Bocina Bluetooth de Logitech, modelo Basic-480, diseñado para uso doméstico, empresarial o profesional.",23341.68,42,Proveedor 02,Disponible
492,Tablet Kingston Business-816,Electrónica,Kingston,Business-816,"Tablet de Kingston, modelo Business-816, diseñado para uso doméstico, empresarial o profesional.",26494.32,109,Proveedor 21,Disponible
493,Monitor HP Basic-318,Electrónica,HP,Basic-318,"Monitor de HP, modelo Basic-318, diseñado para uso doméstico, empresarial o profesional.",16819.03,33,Proveedor 19,Disponible
494,Mouse APC Business-555,Electrónica,APC,Business-555,"Mouse de APC, modelo Business-555, diseñado para uso doméstico, empresarial o profesional.",572.72,87,Proveedor 04,Disponible
495,Tablet Lenovo Ultra-172,Electrónica,Lenovo,Ultra-172,"Tablet de Lenovo, modelo Ultra-172, diseñado para uso doméstico, empresarial o profesional.",8205.9,22,Proveedor 24,Disponible
496,Monitor HP Plus-476,Electrónica,HP,Plus-476,"Monitor de HP, modelo Plus-476, diseñado para uso doméstico, empresarial o profesional.",30864.37,35,Proveedor 13,Disponible
497,Teclado Lenovo Basic-643,Electrónica,Lenovo,Basic-643,"Teclado de Lenovo, modelo Basic-643, diseñado para uso doméstico, empresarial o profesional.",19824.37,42,Proveedor 15,Disponible
498,Bocina Bluetooth Acer Business-866,Electrónica,Acer,Business-866,"Bocina Bluetooth de Acer, modelo Business-866, diseñado para uso doméstico, empresarial o profesional.",5510.25,105,Proveedor 20,Disponible
499,Webcam Acer Basic-202,Electrónica,Acer,Basic-202,"Webcam de Acer, modelo Basic-202, diseñado para uso doméstico, empresarial o profesional.",5115.46,31,Proveedor 19,Disponible
500,Tablet LG Ultra-422,Electrónica,LG,Ultra-422,"Tablet de LG, modelo Ultra-422, diseñado para uso doméstico, empresarial o profesional.",27739.91,63,Proveedor 09,Disponible
501,Monitor Epson Max-715,Electrónica,Epson,Max-715,"Monitor de Epson, modelo Max-715, diseñado para uso doméstico, empresarial o profesional.",21100.27,72,Proveedor 25,Disponible
502,Laptop Kingston Pro-630,Electrónica,Kingston,Pro-630,"Laptop de Kingston, modelo Pro-630, diseñado para uso doméstico, empresarial o profesional.",21340.71,48,Proveedor 24,Disponible
503,Tablet Kingston Business-155,Electrónica,Kingston,Business-155,"Tablet de Kingston, modelo Business-155, diseñado para uso doméstico, empresarial o profesional.",27487.11,61,Proveedor 16,Disponible
504,Tablet HP Pro-611,Electrónica,HP,Pro-611,"Tablet de HP, modelo Pro-611, diseñado para uso doméstico, empresarial o profesional.",22423.36,18,Proveedor 17,Disponible
505,Laptop LG Plus-235,Electrónica,LG,Plus-235,"Laptop de LG, modelo Plus-235, diseñado para uso doméstico, empresarial o profesional.",13692.63,145,Proveedor 14,Disponible
506,Bocina Bluetooth Tripp Lite Business-276,Electrónica,Tripp Lite,Business-276,"Bocina Bluetooth de Tripp Lite, modelo Business-276, diseñado para uso doméstico, empresarial o profesional.",26754.73,18,Proveedor 01,Disponible
507,Disco SSD Dell Basic-368,Electrónica,Dell,Basic-368,"Disco SSD de Dell, modelo Basic-368, diseñado para uso doméstico, empresarial o profesional.",7747.07,15,Proveedor 13,Disponible
508,Memoria USB Kingston Business-829,Electrónica,Kingston,Business-829,"Memoria USB de Kingston, modelo Business-829, diseñado para uso doméstico, empresarial o profesional.",17661.45,106,Proveedor 14,Disponible
509,Tablet Dell Business-649,Electrónica,Dell,Business-649,"Tablet de Dell, modelo Business-649, diseñado para uso doméstico, empresarial o profesional.",18933.52,39,Proveedor 09,Disponible
510,Monitor Kingston Basic-623,Electrónica,Kingston,Basic-623,"Monitor de Kingston, modelo Basic-623, diseñado para uso doméstico, empresarial o profesional.",32252.14,39,Proveedor 18,Disponible
511,Bocina Bluetooth Huawei Max-749,Electrónica,Huawei,Max-749,"Bocina Bluetooth de Huawei, modelo Max-749, diseñado para uso doméstico, empresarial o profesional.",26772.04,16,Proveedor 10,Disponible
512,Tablet Epson Basic-350,Electrónica,Epson,Basic-350,"Tablet de Epson, modelo Basic-350, diseñado para uso doméstico, empresarial o profesional.",3245.89,111,Proveedor 04,Disponible
513,Webcam AMD Max-156,Electrónica,AMD,Max-156,"Webcam de AMD, modelo Max-156, diseñado para uso doméstico, empresarial o profesional.",10997.83,44,Proveedor 04,Disponible
514,Laptop Lenovo Business-111,Electrónica,Lenovo,Business-111,"Laptop de Lenovo, modelo Business-111, diseñado para uso doméstico, empresarial o profesional.",5943.18,88,Proveedor 17,Disponible
515,Memoria USB Logitech Pro-480,Electrónica,Logitech,Pro-480,"Memoria USB de Logitech, modelo Pro-480, diseñado para uso doméstico, empresarial o profesional.",4660.84,68,Proveedor 24,Disponible
516,Monitor TP-Link Plus-926,Electrónica,TP-Link,Plus-926,"Monitor de TP-Link, modelo Plus-926, diseñado para uso doméstico, empresarial o profesional.",15169.03,134,Proveedor 03,Disponible
517,Audífonos Intel Business-178,Electrónica,Intel,Business-178,"Audífonos de Intel, modelo Business-178, diseñado para uso doméstico, empresarial o profesional.",17491.13,130,Proveedor 12,Disponible
518,Laptop Brother Enterprise-680,Electrónica,Brother,Enterprise-680,"Laptop de Brother, modelo Enterprise-680, diseñado para uso doméstico, empresarial o profesional.",6049.13,40,Proveedor 09,Disponible
519,Monitor Intel Business-840,Electrónica,Intel,Business-840,"Monitor de Intel, modelo Business-840, diseñado para uso doméstico, empresarial o profesional.",4257.84,130,Proveedor 01,Disponible
520,Laptop TP-Link Pro-147,Electrónica,TP-Link,Pro-147,"Laptop de TP-Link, modelo Pro-147, diseñado para uso doméstico, empresarial o profesional.",16643.82,98,Proveedor 05,Disponible
521,Teclado Cisco Max-922,Electrónica,Cisco,Max-922,"Teclado de Cisco, modelo Max-922, diseñado para uso doméstico, empresarial o profesional.",32009.68,107,Proveedor 08,Disponible
522,Bocina Bluetooth Epson Ultra-837,Electrónica,Epson,Ultra-837,"Bocina Bluetooth de Epson, modelo Ultra-837, diseñado para uso doméstico, empresarial o profesional.",11367.75,19,Proveedor 19,Disponible
523,Bocina Bluetooth HP Max-789,Electrónica,HP,Max-789,"Bocina Bluetooth de HP, modelo Max-789, diseñado para uso doméstico, empresarial o profesional.",31592.45,45,Proveedor 08,Disponible
524,Memoria USB Cisco Ultra-170,Electrónica,Cisco,Ultra-170,"Memoria USB de Cisco, modelo Ultra-170, diseñado para uso doméstico, empresarial o profesional.",30725.45,72,Proveedor 25,Disponible
525,Audífonos Samsung Basic-666,Electrónica,Samsung,Basic-666,"Audífonos de Samsung, modelo Basic-666, diseñado para uso doméstico, empresarial o profesional.",16121.93,94,Proveedor 07,Disponible
526,Audífonos Intel Enterprise-411,Electrónica,Intel,Enterprise-411,"Audífonos de Intel, modelo Enterprise-411, diseñado para uso doméstico, empresarial o profesional.",25950.27,62,Proveedor 15,Disponible
527,Bocina Bluetooth Intel Ultra-891,Electrónica,Intel,Ultra-891,"Bocina Bluetooth de Intel, modelo Ultra-891, diseñado para uso doméstico, empresarial o profesional.",27212.04,139,Proveedor 25,Disponible
528,Mouse Lenovo Basic-519,Electrónica,Lenovo,Basic-519,"Mouse de Lenovo, modelo Basic-519, diseñado para uso doméstico, empresarial o profesional.",1080.88,138,Proveedor 12,Disponible
529,Laptop Samsung Basic-877,Electrónica,Samsung,Basic-877,"Laptop de Samsung, modelo Basic-877, diseñado para uso doméstico, empresarial o profesional.",23091.31,78,Proveedor 04,Disponible
530,Mouse APC Pro-529,Electrónica,APC,Pro-529,"Mouse de APC, modelo Pro-529, diseñado para uso doméstico, empresarial o profesional.",17348.0,15,Proveedor 05,Disponible
531,Audífonos Dell Basic-337,Electrónica,Dell,Basic-337,"Audífonos de Dell, modelo Basic-337, diseñado para uso doméstico, empresarial o profesional.",31430.74,133,Proveedor 14,Disponible
532,Bocina Bluetooth Hikvision Business-186,Electrónica,Hikvision,Business-186,"Bocina Bluetooth de Hikvision, modelo Business-186, diseñado para uso doméstico, empresarial o profesional.",20431.78,129,Proveedor 05,Disponible
533,Tablet Dell Max-681,Electrónica,Dell,Max-681,"Tablet de Dell, modelo Max-681, diseñado para uso doméstico, empresarial o profesional.",2414.33,33,Proveedor 08,Disponible
534,Audífonos Logitech Enterprise-422,Electrónica,Logitech,Enterprise-422,"Audífonos de Logitech, modelo Enterprise-422, diseñado para uso doméstico, empresarial o profesional.",32429.96,100,Proveedor 23,Disponible
535,Bocina Bluetooth Samsung Ultra-378,Electrónica,Samsung,Ultra-378,"Bocina Bluetooth de Samsung, modelo Ultra-378, diseñado para uso doméstico, empresarial o profesional.",8367.99,51,Proveedor 05,Disponible
536,Disco SSD HP Pro-208,Electrónica,HP,Pro-208,"Disco SSD de HP, modelo Pro-208, diseñado para uso doméstico, empresarial o profesional.",5962.03,119,Proveedor 11,Disponible
537,Tablet HP Max-466,Electrónica,HP,Max-466,"Tablet de HP, modelo Max-466, diseñado para uso doméstico, empresarial o profesional.",33771.06,53,Proveedor 15,Disponible
538,Audífonos Hikvision Plus-972,Electrónica,Hikvision,Plus-972,"Audífonos de Hikvision, modelo Plus-972, diseñado para uso doméstico, empresarial o profesional.",4417.0,40,Proveedor 22,Disponible
539,Audífonos AMD Basic-320,Electrónica,AMD,Basic-320,"Audífonos de AMD, modelo Basic-320, diseñado para uso doméstico, empresarial o profesional.",29298.39,83,Proveedor 05,Disponible
540,Monitor Epson Plus-505,Electrónica,Epson,Plus-505,"Monitor de Epson, modelo Plus-505, diseñado para uso doméstico, empresarial o profesional.",18092.72,76,Proveedor 09,Disponible
541,Teclado TP-Link Ultra-975,Electrónica,TP-Link,Ultra-975,"Teclado de TP-Link, modelo Ultra-975, diseñado para uso doméstico, empresarial o profesional.",15963.99,140,Proveedor 08,Disponible
542,Monitor Hikvision Basic-923,Electrónica,Hikvision,Basic-923,"Monitor de Hikvision, modelo Basic-923, diseñado para uso doméstico, empresarial o profesional.",27834.89,31,Proveedor 01,Disponible
543,Laptop Epson Pro-302,Electrónica,Epson,Pro-302,"Laptop de Epson, modelo Pro-302, diseñado para uso doméstico, empresarial o profesional.",28872.65,95,Proveedor 22,Disponible
544,Monitor Intel Max-365,Electrónica,Intel,Max-365,"Monitor de Intel, modelo Max-365, diseñado para uso doméstico, empresarial o profesional.",32130.64,19,Proveedor 01,Disponible
545,Monitor Acer Business-554,Electrónica,Acer,Business-554,"Monitor de Acer, modelo Business-554, diseñado para uso doméstico, empresarial o profesional.",28373.13,23,Proveedor 11,Disponible
546,Monitor Cisco Ultra-151,Electrónica,Cisco,Ultra-151,"Monitor de Cisco, modelo Ultra-151, diseñado para uso doméstico, empresarial o profesional.",6087.63,146,Proveedor 14,Disponible
547,Tablet Brother Basic-491,Electrónica,Brother,Basic-491,"Tablet de Brother, modelo Basic-491, diseñado para uso doméstico, empresarial o profesional.",23991.65,44,Proveedor 12,Disponible
548,Mouse ASUS Plus-386,Electrónica,ASUS,Plus-386,"Mouse de ASUS, modelo Plus-386, diseñado para uso doméstico, empresarial o profesional.",15748.9,38,Proveedor 02,Disponible
549,Disco SSD AMD Max-351,Electrónica,AMD,Max-351,"Disco SSD de AMD, modelo Max-351, diseñado para uso doméstico, empresarial o profesional.",22742.92,127,Proveedor 14,Disponible
550,Memoria USB Brother Basic-189,Electrónica,Brother,Basic-189,"Memoria USB de Brother, modelo Basic-189, diseñado para uso doméstico, empresarial o profesional.",9972.22,35,Proveedor 14,Disponible
551,Mouse APC Pro-745,Electrónica,APC,Pro-745,"Mouse de APC, modelo Pro-745, diseñado para uso doméstico, empresarial o profesional.",34794.53,139,Proveedor 01,Disponible
552,Tablet LG Ultra-657,Electrónica,LG,Ultra-657,"Tablet de LG, modelo Ultra-657, diseñado para uso doméstico, empresarial o profesional.",27404.87,88,Proveedor 19,Disponible
553,Memoria USB Samsung Ultra-376,Electrónica,Samsung,Ultra-376,"Memoria USB de Samsung, modelo Ultra-376, diseñado para uso doméstico, empresarial o profesional.",6498.6,81,Proveedor 20,Disponible
554,Mouse TP-Link Enterprise-897,Electrónica,TP-Link,Enterprise-897,"Mouse de TP-Link, modelo Enterprise-897, diseñado para uso doméstico, empresarial o profesional.",10012.41,120,Proveedor 17,Disponible
555,Bocina Bluetooth Intel Pro-263,Electrónica,Intel,Pro-263,"Bocina Bluetooth de Intel, modelo Pro-263, diseñado para uso doméstico, empresarial o profesional.",3729.67,61,Proveedor 09,Disponible
556,Memoria USB Cisco Enterprise-324,Electrónica,Cisco,Enterprise-324,"Memoria USB de Cisco, modelo Enterprise-324, diseñado para uso doméstico, empresarial o profesional.",20255.3,99,Proveedor 12,Disponible
557,Teclado ASUS Pro-706,Electrónica,ASUS,Pro-706,"Teclado de ASUS, modelo Pro-706, diseñado para uso doméstico, empresarial o profesional.",11300.65,91,Proveedor 19,Disponible
558,Laptop LG Max-677,Electrónica,LG,Max-677,"Laptop de LG, modelo Max-677, diseñado para uso doméstico, empresarial o profesional.",5188.05,48,Proveedor 16,Disponible
559,Memoria USB Kingston Pro-602,Electrónica,Kingston,Pro-602,"Memoria USB de Kingston, modelo Pro-602, diseñado para uso doméstico, empresarial o profesional.",1569.24,14,Proveedor 08,Disponible
560,Disco SSD Epson Basic-639,Electrónica,Epson,Basic-639,"Disco SSD de Epson, modelo Basic-639, diseñado para uso doméstico, empresarial o profesional.",16860.12,84,Proveedor 20,Disponible
561,Mouse Lenovo Plus-834,Electrónica,Lenovo,Plus-834,"Mouse de Lenovo, modelo Plus-834, diseñado para uso doméstico, empresarial o profesional.",6416.73,82,Proveedor 02,Disponible
562,Laptop Lenovo Max-821,Electrónica,Lenovo,Max-821,"Laptop de Lenovo, modelo Max-821, diseñado para uso doméstico, empresarial o profesional.",32123.54,28,Proveedor 17,Disponible
563,Bocina Bluetooth Dell Plus-821,Electrónica,Dell,Plus-821,"Bocina Bluetooth de Dell, modelo Plus-821, diseñado para uso doméstico, empresarial o profesional.",32981.83,101,Proveedor 19,Disponible
564,Monitor Samsung Plus-430,Electrónica,Samsung,Plus-430,"Monitor de Samsung, modelo Plus-430, diseñado para uso doméstico, empresarial o profesional.",4991.7,40,Proveedor 24,Disponible
565,Tablet Brother Business-424,Electrónica,Brother,Business-424,"Tablet de Brother, modelo Business-424, diseñado para uso doméstico, empresarial o profesional.",6303.54,143,Proveedor 23,Disponible
566,Disco SSD LG Pro-781,Electrónica,LG,Pro-781,"Disco SSD de LG, modelo Pro-781, diseñado para uso doméstico, empresarial o profesional.",20716.02,44,Proveedor 13,Disponible
567,Audífonos Kingston Pro-281,Electrónica,Kingston,Pro-281,"Audífonos de Kingston, modelo Pro-281, diseñado para uso doméstico, empresarial o profesional.",25576.88,146,Proveedor 13,Disponible
568,Disco SSD Cisco Pro-716,Electrónica,Cisco,Pro-716,"Disco SSD de Cisco, modelo Pro-716, diseñado para uso doméstico, empresarial o profesional.",11308.04,56,Proveedor 21,Disponible
569,Disco SSD HP Ultra-244,Electrónica,HP,Ultra-244,"Disco SSD de HP, modelo Ultra-244, diseñado para uso doméstico, empresarial o profesional.",11758.1,19,Proveedor 08,Disponible
570,Bocina Bluetooth Samsung Pro-751,Electrónica,Samsung,Pro-751,"Bocina Bluetooth de Samsung, modelo Pro-751, diseñado para uso doméstico, empresarial o profesional.",31014.88,22,Proveedor 23,Disponible
571,Bocina Bluetooth Hikvision Basic-371,Electrónica,Hikvision,Basic-371,"Bocina Bluetooth de Hikvision, modelo Basic-371, diseñado para uso doméstico, empresarial o profesional.",7536.53,17,Proveedor 12,Disponible
572,Audífonos HP Business-101,Electrónica,HP,Business-101,"Audífonos de HP, modelo Business-101, diseñado para uso doméstico, empresarial o profesional.",1923.12,112,Proveedor 24,Disponible
573,Tablet ASUS Ultra-604,Electrónica,ASUS,Ultra-604,"Tablet de ASUS, modelo Ultra-604, diseñado para uso doméstico, empresarial o profesional.",30891.53,89,Proveedor 18,Disponible
574,Tablet HP Enterprise-590,Electrónica,HP,Enterprise-590,"Tablet de HP, modelo Enterprise-590, diseñado para uso doméstico, empresarial o profesional.",27658.37,147,Proveedor 21,Disponible
575,Mouse ASUS Ultra-175,Electrónica,ASUS,Ultra-175,"Mouse de ASUS, modelo Ultra-175, diseñado para uso doméstico, empresarial o profesional.",28022.01,8,Proveedor 10,Disponible
576,Laptop Samsung Plus-207,Electrónica,Samsung,Plus-207,"Laptop de Samsung, modelo Plus-207, diseñado para uso doméstico, empresarial o profesional.",2828.46,43,Proveedor 13,Disponible
577,Teclado Dell Max-195,Electrónica,Dell,Max-195,"Teclado de Dell, modelo Max-195, diseñado para uso doméstico, empresarial o profesional.",11993.78,123,Proveedor 23,Disponible
578,Laptop Ubiquiti Business-268,Electrónica,Ubiquiti,Business-268,"Laptop de Ubiquiti, modelo Business-268, diseñado para uso doméstico, empresarial o profesional.",21354.29,111,Proveedor 06,Disponible
579,Laptop HP Plus-310,Electrónica,HP,Plus-310,"Laptop de HP, modelo Plus-310, diseñado para uso doméstico, empresarial o profesional.",34110.35,104,Proveedor 23,Disponible
580,Memoria USB Tripp Lite Plus-776,Electrónica,Tripp Lite,Plus-776,"Memoria USB de Tripp Lite, modelo Plus-776, diseñado para uso doméstico, empresarial o profesional.",10032.93,60,Proveedor 04,Disponible
581,Laptop Huawei Max-662,Electrónica,Huawei,Max-662,"Laptop de Huawei, modelo Max-662, diseñado para uso doméstico, empresarial o profesional.",29434.94,39,Proveedor 02,Disponible
582,Bocina Bluetooth TP-Link Ultra-189,Electrónica,TP-Link,Ultra-189,"Bocina Bluetooth de TP-Link, modelo Ultra-189, diseñado para uso doméstico, empresarial o profesional.",10485.59,122,Proveedor 07,Disponible
583,Monitor TP-Link Pro-274,Electrónica,TP-Link,Pro-274,"Monitor de TP-Link, modelo Pro-274, diseñado para uso doméstico, empresarial o profesional.",22427.13,20,Proveedor 16,Disponible
584,Monitor Kingston Enterprise-507,Electrónica,Kingston,Enterprise-507,"Monitor de Kingston, modelo Enterprise-507, diseñado para uso doméstico, empresarial o profesional.",16615.32,67,Proveedor 03,Disponible
585,Memoria USB Huawei Pro-479,Electrónica,Huawei,Pro-479,"Memoria USB de Huawei, modelo Pro-479, diseñado para uso doméstico, empresarial o profesional.",31020.87,94,Proveedor 06,Disponible
586,Webcam Cisco Plus-550,Electrónica,Cisco,Plus-550,"Webcam de Cisco, modelo Plus-550, diseñado para uso doméstico, empresarial o profesional.",16410.76,57,Proveedor 09,Disponible
587,Disco SSD Cisco Pro-870,Electrónica,Cisco,Pro-870,"Disco SSD de Cisco, modelo Pro-870, diseñado para uso doméstico, empresarial o profesional.",24452.37,24,Proveedor 03,Disponible
588,Bocina Bluetooth Tripp Lite Ultra-874,Electrónica,Tripp Lite,Ultra-874,"Bocina Bluetooth de Tripp Lite, modelo Ultra-874, diseñado para uso doméstico, empresarial o profesional.",20742.99,141,Proveedor 02,Disponible
589,Tablet APC Ultra-648,Electrónica,APC,Ultra-648,"Tablet de APC, modelo Ultra-648, diseñado para uso doméstico, empresarial o profesional.",24125.61,121,Proveedor 19,Disponible
590,Mouse Brother Plus-180,Electrónica,Brother,Plus-180,"Mouse de Brother, modelo Plus-180, diseñado para uso doméstico, empresarial o profesional.",13969.45,8,Proveedor 17,Disponible
591,Disco SSD APC Enterprise-685,Electrónica,APC,Enterprise-685,"Disco SSD de APC, modelo Enterprise-685, diseñado para uso doméstico, empresarial o profesional.",23794.34,37,Proveedor 04,Disponible
592,Webcam ASUS Pro-316,Electrónica,ASUS,Pro-316,"Webcam de ASUS, modelo Pro-316, diseñado para uso doméstico, empresarial o profesional.",28344.01,32,Proveedor 02,Disponible
593,Tablet Dell Business-545,Electrónica,Dell,Business-545,"Tablet de Dell, modelo Business-545, diseñado para uso doméstico, empresarial o profesional.",7266.69,37,Proveedor 20,Disponible
594,Audífonos Samsung Business-926,Electrónica,Samsung,Business-926,"Audífonos de Samsung, modelo Business-926, diseñado para uso doméstico, empresarial o profesional.",2578.67,99,Proveedor 18,Disponible
595,Tablet Tripp Lite Plus-977,Electrónica,Tripp Lite,Plus-977,"Tablet de Tripp Lite, modelo Plus-977, diseñado para uso doméstico, empresarial o profesional.",9847.98,117,Proveedor 01,Disponible
596,Disco SSD Intel Max-900,Electrónica,Intel,Max-900,"Disco SSD de Intel, modelo Max-900, diseñado para uso doméstico, empresarial o profesional.",14830.89,106,Proveedor 05,Disponible
597,Teclado Intel Max-696,Electrónica,Intel,Max-696,"Teclado de Intel, modelo Max-696, diseñado para uso doméstico, empresarial o profesional.",26603.61,25,Proveedor 04,Disponible
598,Disco SSD HP Enterprise-392,Electrónica,HP,Enterprise-392,"Disco SSD de HP, modelo Enterprise-392, diseñado para uso doméstico, empresarial o profesional.",30394.77,88,Proveedor 14,Disponible
599,Audífonos Huawei Business-597,Electrónica,Huawei,Business-597,"Audífonos de Huawei, modelo Business-597, diseñado para uso doméstico, empresarial o profesional.",20127.81,121,Proveedor 02,Disponible
600,Teclado Logitech Ultra-247,Electrónica,Logitech,Ultra-247,"Teclado de Logitech, modelo Ultra-247, diseñado para uso doméstico, empresarial o profesional.",21734.0,102,Proveedor 02,Disponible
601,Tablet Samsung Business-343,Electrónica,Samsung,Business-343,"Tablet de Samsung, modelo Business-343, diseñado para uso doméstico, empresarial o profesional.",1962.86,121,Proveedor 09,Disponible
602,Bocina Bluetooth TP-Link Plus-937,Electrónica,TP-Link,Plus-937,"Bocina Bluetooth de TP-Link, modelo Plus-937, diseñado para uso doméstico, empresarial o profesional.",27829.41,79,Proveedor 09,Disponible
603,Webcam HP Enterprise-333,Electrónica,HP,Enterprise-333,"Webcam de HP, modelo Enterprise-333, diseñado para uso doméstico, empresarial o profesional.",4919.9,113,Proveedor 25,Disponible
604,Bocina Bluetooth Logitech Business-526,Electrónica,Logitech,Business-526,"Bocina Bluetooth de Logitech, modelo Business-526, diseñado para uso doméstico, empresarial o profesional.",21273.02,22,Proveedor 07,Disponible
605,Webcam Acer Enterprise-516,Electrónica,Acer,Enterprise-516,"Webcam de Acer, modelo Enterprise-516, diseñado para uso doméstico, empresarial o profesional.",25997.83,132,Proveedor 12,Disponible
606,Laptop APC Enterprise-262,Electrónica,APC,Enterprise-262,"Laptop de APC, modelo Enterprise-262, diseñado para uso doméstico, empresarial o profesional.",2530.19,129,Proveedor 13,Disponible
607,Teclado APC Max-129,Electrónica,APC,Max-129,"Teclado de APC, modelo Max-129, diseñado para uso doméstico, empresarial o profesional.",6287.37,51,Proveedor 02,Disponible
608,Mouse Cisco Ultra-151,Electrónica,Cisco,Ultra-151,"Mouse de Cisco, modelo Ultra-151, diseñado para uso doméstico, empresarial o profesional.",32151.58,50,Proveedor 09,Disponible
609,Bocina Bluetooth Hikvision Max-506,Electrónica,Hikvision,Max-506,"Bocina Bluetooth de Hikvision, modelo Max-506, diseñado para uso doméstico, empresarial o profesional.",22330.49,31,Proveedor 22,Disponible
610,Laptop Epson Plus-600,Electrónica,Epson,Plus-600,"Laptop de Epson, modelo Plus-600, diseñado para uso doméstico, empresarial o profesional.",20893.01,45,Proveedor 16,Disponible
611,Disco SSD Tripp Lite Plus-452,Electrónica,Tripp Lite,Plus-452,"Disco SSD de Tripp Lite, modelo Plus-452, diseñado para uso doméstico, empresarial o profesional.",5932.1,66,Proveedor 24,Disponible
612,Monitor Kingston Basic-495,Electrónica,Kingston,Basic-495,"Monitor de Kingston, modelo Basic-495, diseñado para uso doméstico, empresarial o profesional.",1975.37,146,Proveedor 25,Disponible
613,Mouse Epson Business-330,Electrónica,Epson,Business-330,"Mouse de Epson, modelo Business-330, diseñado para uso doméstico, empresarial o profesional.",23799.91,68,Proveedor 21,Disponible
614,Tablet APC Basic-985,Electrónica,APC,Basic-985,"Tablet de APC, modelo Basic-985, diseñado para uso doméstico, empresarial o profesional.",27365.55,2,Proveedor 16,Disponible
615,Teclado ASUS Max-920,Electrónica,ASUS,Max-920,"Teclado de ASUS, modelo Max-920, diseñado para uso doméstico, empresarial o profesional.",544.11,64,Proveedor 20,Disponible
616,Audífonos Logitech Ultra-485,Electrónica,Logitech,Ultra-485,"Audífonos de Logitech, modelo Ultra-485, diseñado para uso doméstico, empresarial o profesional.",29842.62,117,Proveedor 09,Disponible
617,Mouse Hikvision Plus-793,Electrónica,Hikvision,Plus-793,"Mouse de Hikvision, modelo Plus-793, diseñado para uso doméstico, empresarial o profesional.",18342.17,101,Proveedor 19,Disponible
618,Monitor TP-Link Max-778,Electrónica,TP-Link,Max-778,"Monitor de TP-Link, modelo Max-778, diseñado para uso doméstico, empresarial o profesional.",33835.37,95,Proveedor 18,Disponible
619,Disco SSD AMD Plus-405,Electrónica,AMD,Plus-405,"Disco SSD de AMD, modelo Plus-405, diseñado para uso doméstico, empresarial o profesional.",24033.36,123,Proveedor 03,Disponible
620,Bocina Bluetooth Logitech Business-432,Electrónica,Logitech,Business-432,"Bocina Bluetooth de Logitech, modelo Business-432, diseñado para uso doméstico, empresarial o profesional.",30186.83,66,Proveedor 21,Disponible
621,Audífonos Acer Pro-629,Electrónica,Acer,Pro-629,"Audífonos de Acer, modelo Pro-629, diseñado para uso doméstico, empresarial o profesional.",26850.23,14,Proveedor 20,Disponible
622,Tablet Samsung Business-243,Electrónica,Samsung,Business-243,"Tablet de Samsung, modelo Business-243, diseñado para uso doméstico, empresarial o profesional.",25314.59,127,Proveedor 10,Disponible
623,Audífonos Ubiquiti Ultra-497,Electrónica,Ubiquiti,Ultra-497,"Audífonos de Ubiquiti, modelo Ultra-497, diseñado para uso doméstico, empresarial o profesional.",25851.44,149,Proveedor 23,Disponible
624,Disco SSD Acer Plus-843,Electrónica,Acer,Plus-843,"Disco SSD de Acer, modelo Plus-843, diseñado para uso doméstico, empresarial o profesional.",25039.58,136,Proveedor 21,Disponible
625,Webcam LG Max-407,Electrónica,LG,Max-407,"Webcam de LG, modelo Max-407, diseñado para uso doméstico, empresarial o profesional.",29628.32,142,Proveedor 06,Disponible
626,Tarjeta de red HP Ultra-231,Computación,HP,Ultra-231,"Tarjeta de red de HP, modelo Ultra-231, diseñado para uso doméstico, empresarial o profesional.",48237.45,143,Proveedor 25,Disponible
627,Router Samsung Business-191,Computación,Samsung,Business-191,"Router de Samsung, modelo Business-191, diseñado para uso doméstico, empresarial o profesional.",14679.8,57,Proveedor 24,Disponible
628,Tarjeta de red Ubiquiti Enterprise-439,Computación,Ubiquiti,Enterprise-439,"Tarjeta de red de Ubiquiti, modelo Enterprise-439, diseñado para uso doméstico, empresarial o profesional.",24347.85,149,Proveedor 10,Disponible
629,Memoria RAM HP Ultra-154,Computación,HP,Ultra-154,"Memoria RAM de HP, modelo Ultra-154, diseñado para uso doméstico, empresarial o profesional.",56355.65,149,Proveedor 19,Disponible
630,Tarjeta gráfica Dell Ultra-299,Computación,Dell,Ultra-299,"Tarjeta gráfica de Dell, modelo Ultra-299, diseñado para uso doméstico, empresarial o profesional.",32680.89,97,Proveedor 17,Disponible
631,Tarjeta de red Ubiquiti Basic-991,Computación,Ubiquiti,Basic-991,"Tarjeta de red de Ubiquiti, modelo Basic-991, diseñado para uso doméstico, empresarial o profesional.",55569.31,35,Proveedor 07,Disponible
632,Fuente de poder Ubiquiti Max-568,Computación,Ubiquiti,Max-568,"Fuente de poder de Ubiquiti, modelo Max-568, diseñado para uso doméstico, empresarial o profesional.",9566.6,46,Proveedor 25,Disponible
633,Servidor Brother Plus-746,Computación,Brother,Plus-746,"Servidor de Brother, modelo Plus-746, diseñado para uso doméstico, empresarial o profesional.",64135.63,80,Proveedor 21,Disponible
634,PC de escritorio TP-Link Ultra-380,Computación,TP-Link,Ultra-380,"PC de escritorio de TP-Link, modelo Ultra-380, diseñado para uso doméstico, empresarial o profesional.",13847.04,43,Proveedor 19,Disponible
635,Router Brother Enterprise-881,Computación,Brother,Enterprise-881,"Router de Brother, modelo Enterprise-881, diseñado para uso doméstico, empresarial o profesional.",50749.98,33,Proveedor 20,Disponible
636,Gabinete Ubiquiti Ultra-539,Computación,Ubiquiti,Ultra-539,"Gabinete de Ubiquiti, modelo Ultra-539, diseñado para uso doméstico, empresarial o profesional.",62756.71,98,Proveedor 01,Disponible
637,PC de escritorio Tripp Lite Pro-848,Computación,Tripp Lite,Pro-848,"PC de escritorio de Tripp Lite, modelo Pro-848, diseñado para uso doméstico, empresarial o profesional.",24439.66,3,Proveedor 11,Disponible
638,Procesador Acer Basic-792,Computación,Acer,Basic-792,"Procesador de Acer, modelo Basic-792, diseñado para uso doméstico, empresarial o profesional.",566.81,63,Proveedor 08,Disponible
639,Fuente de poder Kingston Pro-205,Computación,Kingston,Pro-205,"Fuente de poder de Kingston, modelo Pro-205, diseñado para uso doméstico, empresarial o profesional.",25115.72,150,Proveedor 10,Disponible
640,Router Dell Enterprise-146,Computación,Dell,Enterprise-146,"Router de Dell, modelo Enterprise-146, diseñado para uso doméstico, empresarial o profesional.",19593.69,74,Proveedor 15,Disponible
641,Procesador AMD Max-445,Computación,AMD,Max-445,"Procesador de AMD, modelo Max-445, diseñado para uso doméstico, empresarial o profesional.",28358.14,34,Proveedor 11,Disponible
642,Memoria RAM LG Enterprise-292,Computación,LG,Enterprise-292,"Memoria RAM de LG, modelo Enterprise-292, diseñado para uso doméstico, empresarial o profesional.",10967.96,103,Proveedor 01,Disponible
643,Switch Epson Business-234,Computación,Epson,Business-234,"Switch de Epson, modelo Business-234, diseñado para uso doméstico, empresarial o profesional.",13964.01,5,Proveedor 19,Disponible
644,Procesador ASUS Basic-475,Computación,ASUS,Basic-475,"Procesador de ASUS, modelo Basic-475, diseñado para uso doméstico, empresarial o profesional.",46308.82,9,Proveedor 13,Disponible
645,Tarjeta de red Tripp Lite Max-149,Computación,Tripp Lite,Max-149,"Tarjeta de red de Tripp Lite, modelo Max-149, diseñado para uso doméstico, empresarial o profesional.",38726.89,12,Proveedor 22,Disponible
646,Servidor TP-Link Basic-806,Computación,TP-Link,Basic-806,"Servidor de TP-Link, modelo Basic-806, diseñado para uso doméstico, empresarial o profesional.",7791.6,113,Proveedor 13,Disponible
647,Servidor Tripp Lite Plus-585,Computación,Tripp Lite,Plus-585,"Servidor de Tripp Lite, modelo Plus-585, diseñado para uso doméstico, empresarial o profesional.",45710.87,52,Proveedor 23,Disponible
648,PC de escritorio Kingston Ultra-777,Computación,Kingston,Ultra-777,"PC de escritorio de Kingston, modelo Ultra-777, diseñado para uso doméstico, empresarial o profesional.",6833.4,133,Proveedor 09,Disponible
649,Tarjeta gráfica AMD Business-240,Computación,AMD,Business-240,"Tarjeta gráfica de AMD, modelo Business-240, diseñado para uso doméstico, empresarial o profesional.",27398.03,26,Proveedor 17,Disponible
650,Tarjeta gráfica HP Plus-216,Computación,HP,Plus-216,"Tarjeta gráfica de HP, modelo Plus-216, diseñado para uso doméstico, empresarial o profesional.",51073.98,127,Proveedor 07,Disponible
651,Tarjeta gráfica Acer Enterprise-369,Computación,Acer,Enterprise-369,"Tarjeta gráfica de Acer, modelo Enterprise-369, diseñado para uso doméstico, empresarial o profesional.",54097.97,51,Proveedor 12,Disponible
652,Gabinete Kingston Pro-140,Computación,Kingston,Pro-140,"Gabinete de Kingston, modelo Pro-140, diseñado para uso doméstico, empresarial o profesional.",35764.58,53,Proveedor 23,Disponible
653,Memoria RAM Samsung Pro-102,Computación,Samsung,Pro-102,"Memoria RAM de Samsung, modelo Pro-102, diseñado para uso doméstico, empresarial o profesional.",1124.89,22,Proveedor 04,Disponible
654,Tarjeta gráfica Brother Pro-192,Computación,Brother,Pro-192,"Tarjeta gráfica de Brother, modelo Pro-192, diseñado para uso doméstico, empresarial o profesional.",50735.35,19,Proveedor 24,Disponible
655,Servidor Logitech Business-336,Computación,Logitech,Business-336,"Servidor de Logitech, modelo Business-336, diseñado para uso doméstico, empresarial o profesional.",29851.8,75,Proveedor 09,Disponible
656,Memoria RAM Cisco Basic-932,Computación,Cisco,Basic-932,"Memoria RAM de Cisco, modelo Basic-932, diseñado para uso doméstico, empresarial o profesional.",11603.21,10,Proveedor 10,Disponible
657,Fuente de poder Samsung Ultra-856,Computación,Samsung,Ultra-856,"Fuente de poder de Samsung, modelo Ultra-856, diseñado para uso doméstico, empresarial o profesional.",7798.8,11,Proveedor 01,Disponible
658,Router ASUS Plus-466,Computación,ASUS,Plus-466,"Router de ASUS, modelo Plus-466, diseñado para uso doméstico, empresarial o profesional.",58175.94,68,Proveedor 24,Disponible
659,Servidor LG Enterprise-450,Computación,LG,Enterprise-450,"Servidor de LG, modelo Enterprise-450, diseñado para uso doméstico, empresarial o profesional.",12131.65,102,Proveedor 13,Disponible
660,Memoria RAM Logitech Enterprise-494,Computación,Logitech,Enterprise-494,"Memoria RAM de Logitech, modelo Enterprise-494, diseñado para uso doméstico, empresarial o profesional.",44936.69,122,Proveedor 14,Disponible
661,Router HP Pro-812,Computación,HP,Pro-812,"Router de HP, modelo Pro-812, diseñado para uso doméstico, empresarial o profesional.",47298.8,40,Proveedor 04,Disponible
662,Gabinete Intel Ultra-921,Computación,Intel,Ultra-921,"Gabinete de Intel, modelo Ultra-921, diseñado para uso doméstico, empresarial o profesional.",37110.64,112,Proveedor 06,Disponible
663,Tarjeta gráfica Huawei Enterprise-467,Computación,Huawei,Enterprise-467,"Tarjeta gráfica de Huawei, modelo Enterprise-467, diseñado para uso doméstico, empresarial o profesional.",39854.89,33,Proveedor 16,Disponible
664,Memoria RAM HP Ultra-551,Computación,HP,Ultra-551,"Memoria RAM de HP, modelo Ultra-551, diseñado para uso doméstico, empresarial o profesional.",3274.41,66,Proveedor 21,Disponible
665,Fuente de poder TP-Link Business-989,Computación,TP-Link,Business-989,"Fuente de poder de TP-Link, modelo Business-989, diseñado para uso doméstico, empresarial o profesional.",44162.0,147,Proveedor 24,Disponible
666,Tarjeta gráfica Epson Business-994,Computación,Epson,Business-994,"Tarjeta gráfica de Epson, modelo Business-994, diseñado para uso doméstico, empresarial o profesional.",22188.05,133,Proveedor 23,Disponible
667,Tarjeta gráfica HP Ultra-777,Computación,HP,Ultra-777,"Tarjeta gráfica de HP, modelo Ultra-777, diseñado para uso doméstico, empresarial o profesional.",47314.38,123,Proveedor 12,Disponible
668,Gabinete Lenovo Enterprise-946,Computación,Lenovo,Enterprise-946,"Gabinete de Lenovo, modelo Enterprise-946, diseñado para uso doméstico, empresarial o profesional.",36424.87,13,Proveedor 01,Disponible
669,Router APC Enterprise-580,Computación,APC,Enterprise-580,"Router de APC, modelo Enterprise-580, diseñado para uso doméstico, empresarial o profesional.",55416.06,42,Proveedor 03,Disponible
670,Memoria RAM Samsung Pro-438,Computación,Samsung,Pro-438,"Memoria RAM de Samsung, modelo Pro-438, diseñado para uso doméstico, empresarial o profesional.",63068.38,12,Proveedor 17,Disponible
671,Switch Tripp Lite Business-487,Computación,Tripp Lite,Business-487,"Switch de Tripp Lite, modelo Business-487, diseñado para uso doméstico, empresarial o profesional.",26392.02,60,Proveedor 03,Disponible
672,Memoria RAM Hikvision Enterprise-686,Computación,Hikvision,Enterprise-686,"Memoria RAM de Hikvision, modelo Enterprise-686, diseñado para uso doméstico, empresarial o profesional.",29291.98,127,Proveedor 15,Disponible
673,Fuente de poder HP Ultra-863,Computación,HP,Ultra-863,"Fuente de poder de HP, modelo Ultra-863, diseñado para uso doméstico, empresarial o profesional.",42573.23,26,Proveedor 13,Disponible
674,Gabinete Cisco Max-662,Computación,Cisco,Max-662,"Gabinete de Cisco, modelo Max-662, diseñado para uso doméstico, empresarial o profesional.",310.98,23,Proveedor 20,Disponible
675,Tarjeta gráfica Kingston Max-675,Computación,Kingston,Max-675,"Tarjeta gráfica de Kingston, modelo Max-675, diseñado para uso doméstico, empresarial o profesional.",13683.28,116,Proveedor 11,Disponible
676,Fuente de poder Cisco Enterprise-328,Computación,Cisco,Enterprise-328,"Fuente de poder de Cisco, modelo Enterprise-328, diseñado para uso doméstico, empresarial o profesional.",54927.34,84,Proveedor 18,Disponible
677,Tarjeta gráfica AMD Ultra-833,Computación,AMD,Ultra-833,"Tarjeta gráfica de AMD, modelo Ultra-833, diseñado para uso doméstico, empresarial o profesional.",42818.72,115,Proveedor 04,Disponible
678,Servidor Epson Basic-449,Computación,Epson,Basic-449,"Servidor de Epson, modelo Basic-449, diseñado para uso doméstico, empresarial o profesional.",23277.49,74,Proveedor 18,Disponible
679,Procesador LG Business-208,Computación,LG,Business-208,"Procesador de LG, modelo Business-208, diseñado para uso doméstico, empresarial o profesional.",3261.84,42,Proveedor 16,Disponible
680,Router Ubiquiti Basic-360,Computación,Ubiquiti,Basic-360,"Router de Ubiquiti, modelo Basic-360, diseñado para uso doméstico, empresarial o profesional.",39822.11,48,Proveedor 04,Disponible
681,Gabinete Acer Ultra-944,Computación,Acer,Ultra-944,"Gabinete de Acer, modelo Ultra-944, diseñado para uso doméstico, empresarial o profesional.",50857.9,86,Proveedor 04,Disponible
682,Gabinete Cisco Business-957,Computación,Cisco,Business-957,"Gabinete de Cisco, modelo Business-957, diseñado para uso doméstico, empresarial o profesional.",43787.57,31,Proveedor 25,Disponible
683,Memoria RAM Hikvision Business-703,Computación,Hikvision,Business-703,"Memoria RAM de Hikvision, modelo Business-703, diseñado para uso doméstico, empresarial o profesional.",62165.51,34,Proveedor 16,Disponible
684,PC de escritorio APC Business-149,Computación,APC,Business-149,"PC de escritorio de APC, modelo Business-149, diseñado para uso doméstico, empresarial o profesional.",36093.74,110,Proveedor 19,Disponible
685,Memoria RAM APC Enterprise-281,Computación,APC,Enterprise-281,"Memoria RAM de APC, modelo Enterprise-281, diseñado para uso doméstico, empresarial o profesional.",45060.61,44,Proveedor 24,Disponible
686,Router HP Ultra-773,Computación,HP,Ultra-773,"Router de HP, modelo Ultra-773, diseñado para uso doméstico, empresarial o profesional.",39155.33,82,Proveedor 17,Disponible
687,Gabinete Ubiquiti Max-809,Computación,Ubiquiti,Max-809,"Gabinete de Ubiquiti, modelo Max-809, diseñado para uso doméstico, empresarial o profesional.",49625.64,70,Proveedor 13,Disponible
688,Fuente de poder Kingston Ultra-924,Computación,Kingston,Ultra-924,"Fuente de poder de Kingston, modelo Ultra-924, diseñado para uso doméstico, empresarial o profesional.",8929.16,105,Proveedor 20,Disponible
689,Procesador Kingston Enterprise-818,Computación,Kingston,Enterprise-818,"Procesador de Kingston, modelo Enterprise-818, diseñado para uso doméstico, empresarial o profesional.",35743.05,80,Proveedor 23,Disponible
690,Procesador Acer Pro-314,Computación,Acer,Pro-314,"Procesador de Acer, modelo Pro-314, diseñado para uso doméstico, empresarial o profesional.",40683.64,74,Proveedor 22,Disponible
691,Fuente de poder Lenovo Business-765,Computación,Lenovo,Business-765,"Fuente de poder de Lenovo, modelo Business-765, diseñado para uso doméstico, empresarial o profesional.",63394.11,45,Proveedor 17,Disponible
692,Procesador Samsung Business-218,Computación,Samsung,Business-218,"Procesador de Samsung, modelo Business-218, diseñado para uso doméstico, empresarial o profesional.",49522.14,143,Proveedor 16,Disponible
693,Tarjeta gráfica Intel Business-827,Computación,Intel,Business-827,"Tarjeta gráfica de Intel, modelo Business-827, diseñado para uso doméstico, empresarial o profesional.",27310.82,136,Proveedor 10,Disponible
694,Gabinete TP-Link Max-209,Computación,TP-Link,Max-209,"Gabinete de TP-Link, modelo Max-209, diseñado para uso doméstico, empresarial o profesional.",1935.11,37,Proveedor 02,Disponible
695,PC de escritorio Acer Plus-868,Computación,Acer,Plus-868,"PC de escritorio de Acer, modelo Plus-868, diseñado para uso doméstico, empresarial o profesional.",51123.93,73,Proveedor 22,Disponible
696,Tarjeta de red Lenovo Enterprise-163,Computación,Lenovo,Enterprise-163,"Tarjeta de red de Lenovo, modelo Enterprise-163, diseñado para uso doméstico, empresarial o profesional.",44981.49,75,Proveedor 07,Disponible
697,Procesador Cisco Plus-933,Computación,Cisco,Plus-933,"Procesador de Cisco, modelo Plus-933, diseñado para uso doméstico, empresarial o profesional.",29582.86,143,Proveedor 08,Disponible
698,Procesador Huawei Pro-623,Computación,Huawei,Pro-623,"Procesador de Huawei, modelo Pro-623, diseñado para uso doméstico, empresarial o profesional.",51044.67,73,Proveedor 23,Disponible
699,PC de escritorio Huawei Ultra-526,Computación,Huawei,Ultra-526,"PC de escritorio de Huawei, modelo Ultra-526, diseñado para uso doméstico, empresarial o profesional.",62198.62,80,Proveedor 18,Disponible
700,PC de escritorio TP-Link Business-357,Computación,TP-Link,Business-357,"PC de escritorio de TP-Link, modelo Business-357, diseñado para uso doméstico, empresarial o profesional.",13439.74,113,Proveedor 08,Disponible
701,Fuente de poder Intel Max-856,Computación,Intel,Max-856,"Fuente de poder de Intel, modelo Max-856, diseñado para uso doméstico, empresarial o profesional.",39339.14,49,Proveedor 10,Disponible
702,Memoria RAM ASUS Business-176,Computación,ASUS,Business-176,"Memoria RAM de ASUS, modelo Business-176, diseñado para uso doméstico, empresarial o profesional.",12397.38,44,Proveedor 24,Disponible
703,Procesador HP Ultra-141,Computación,HP,Ultra-141,"Procesador de HP, modelo Ultra-141, diseñado para uso doméstico, empresarial o profesional.",28024.46,142,Proveedor 09,Disponible
704,Router ASUS Max-966,Computación,ASUS,Max-966,"Router de ASUS, modelo Max-966, diseñado para uso doméstico, empresarial o profesional.",16799.54,84,Proveedor 15,Disponible
705,Router Cisco Pro-430,Computación,Cisco,Pro-430,"Router de Cisco, modelo Pro-430, diseñado para uso doméstico, empresarial o profesional.",38918.16,77,Proveedor 16,Disponible
706,Tarjeta gráfica Tripp Lite Plus-174,Computación,Tripp Lite,Plus-174,"Tarjeta gráfica de Tripp Lite, modelo Plus-174, diseñado para uso doméstico, empresarial o profesional.",51026.83,81,Proveedor 17,Disponible
707,Switch ASUS Max-169,Computación,ASUS,Max-169,"Switch de ASUS, modelo Max-169, diseñado para uso doméstico, empresarial o profesional.",51170.91,40,Proveedor 14,Disponible
708,Procesador Tripp Lite Ultra-194,Computación,Tripp Lite,Ultra-194,"Procesador de Tripp Lite, modelo Ultra-194, diseñado para uso doméstico, empresarial o profesional.",22906.37,54,Proveedor 22,Disponible
709,Fuente de poder Samsung Plus-400,Computación,Samsung,Plus-400,"Fuente de poder de Samsung, modelo Plus-400, diseñado para uso doméstico, empresarial o profesional.",14433.41,135,Proveedor 16,Disponible
710,Procesador TP-Link Basic-784,Computación,TP-Link,Basic-784,"Procesador de TP-Link, modelo Basic-784, diseñado para uso doméstico, empresarial o profesional.",22686.67,61,Proveedor 21,Disponible
711,Tarjeta gráfica AMD Pro-140,Computación,AMD,Pro-140,"Tarjeta gráfica de AMD, modelo Pro-140, diseñado para uso doméstico, empresarial o profesional.",44461.07,82,Proveedor 13,Disponible
712,Servidor Huawei Plus-653,Computación,Huawei,Plus-653,"Servidor de Huawei, modelo Plus-653, diseñado para uso doméstico, empresarial o profesional.",47141.22,6,Proveedor 17,Disponible
713,Fuente de poder APC Enterprise-620,Computación,APC,Enterprise-620,"Fuente de poder de APC, modelo Enterprise-620, diseñado para uso doméstico, empresarial o profesional.",29127.53,11,Proveedor 10,Disponible
714,Switch Samsung Max-184,Computación,Samsung,Max-184,"Switch de Samsung, modelo Max-184, diseñado para uso doméstico, empresarial o profesional.",61649.3,42,Proveedor 25,Disponible
715,Procesador Tripp Lite Basic-741,Computación,Tripp Lite,Basic-741,"Procesador de Tripp Lite, modelo Basic-741, diseñado para uso doméstico, empresarial o profesional.",4536.03,54,Proveedor 22,Disponible
716,Gabinete HP Pro-650,Computación,HP,Pro-650,"Gabinete de HP, modelo Pro-650, diseñado para uso doméstico, empresarial o profesional.",53920.04,111,Proveedor 21,Disponible
717,Servidor Lenovo Basic-570,Computación,Lenovo,Basic-570,"Servidor de Lenovo, modelo Basic-570, diseñado para uso doméstico, empresarial o profesional.",46681.38,9,Proveedor 03,Disponible
718,Servidor Cisco Pro-913,Computación,Cisco,Pro-913,"Servidor de Cisco, modelo Pro-913, diseñado para uso doméstico, empresarial o profesional.",16598.45,18,Proveedor 19,Disponible
719,Switch Logitech Ultra-497,Computación,Logitech,Ultra-497,"Switch de Logitech, modelo Ultra-497, diseñado para uso doméstico, empresarial o profesional.",29487.83,103,Proveedor 14,Disponible
720,Fuente de poder TP-Link Ultra-789,Computación,TP-Link,Ultra-789,"Fuente de poder de TP-Link, modelo Ultra-789, diseñado para uso doméstico, empresarial o profesional.",7954.38,1,Proveedor 21,Disponible
721,Tarjeta gráfica Dell Enterprise-863,Computación,Dell,Enterprise-863,"Tarjeta gráfica de Dell, modelo Enterprise-863, diseñado para uso doméstico, empresarial o profesional.",38188.84,18,Proveedor 12,Disponible
722,Procesador HP Plus-905,Computación,HP,Plus-905,"Procesador de HP, modelo Plus-905, diseñado para uso doméstico, empresarial o profesional.",44676.35,22,Proveedor 10,Disponible
723,Memoria RAM Huawei Ultra-941,Computación,Huawei,Ultra-941,"Memoria RAM de Huawei, modelo Ultra-941, diseñado para uso doméstico, empresarial o profesional.",43048.79,121,Proveedor 06,Disponible
724,Procesador Epson Pro-864,Computación,Epson,Pro-864,"Procesador de Epson, modelo Pro-864, diseñado para uso doméstico, empresarial o profesional.",25597.22,139,Proveedor 10,Disponible
725,Router Kingston Business-914,Computación,Kingston,Business-914,"Router de Kingston, modelo Business-914, diseñado para uso doméstico, empresarial o profesional.",56403.89,95,Proveedor 01,Disponible
726,Procesador Tripp Lite Pro-226,Computación,Tripp Lite,Pro-226,"Procesador de Tripp Lite, modelo Pro-226, diseñado para uso doméstico, empresarial o profesional.",3002.72,146,Proveedor 20,Disponible
727,Gabinete Tripp Lite Max-187,Computación,Tripp Lite,Max-187,"Gabinete de Tripp Lite, modelo Max-187, diseñado para uso doméstico, empresarial o profesional.",20013.52,88,Proveedor 07,Disponible
728,Gabinete APC Pro-264,Computación,APC,Pro-264,"Gabinete de APC, modelo Pro-264, diseñado para uso doméstico, empresarial o profesional.",12204.33,64,Proveedor 07,Disponible
729,Servidor ASUS Business-918,Computación,ASUS,Business-918,"Servidor de ASUS, modelo Business-918, diseñado para uso doméstico, empresarial o profesional.",37003.83,13,Proveedor 25,Disponible
730,Procesador Hikvision Business-662,Computación,Hikvision,Business-662,"Procesador de Hikvision, modelo Business-662, diseñado para uso doméstico, empresarial o profesional.",5032.45,17,Proveedor 09,Disponible
731,Servidor Acer Business-694,Computación,Acer,Business-694,"Servidor de Acer, modelo Business-694, diseñado para uso doméstico, empresarial o profesional.",31821.22,84,Proveedor 12,Disponible
732,Router Epson Basic-391,Computación,Epson,Basic-391,"Router de Epson, modelo Basic-391, diseñado para uso doméstico, empresarial o profesional.",40382.67,49,Proveedor 11,Disponible
733,Memoria RAM Hikvision Plus-731,Computación,Hikvision,Plus-731,"Memoria RAM de Hikvision, modelo Plus-731, diseñado para uso doméstico, empresarial o profesional.",42964.62,149,Proveedor 05,Disponible
734,Tarjeta gráfica Intel Plus-927,Computación,Intel,Plus-927,"Tarjeta gráfica de Intel, modelo Plus-927, diseñado para uso doméstico, empresarial o profesional.",20766.76,109,Proveedor 06,Disponible
735,PC de escritorio Samsung Pro-904,Computación,Samsung,Pro-904,"PC de escritorio de Samsung, modelo Pro-904, diseñado para uso doméstico, empresarial o profesional.",14632.71,111,Proveedor 09,Disponible
736,Fuente de poder Lenovo Business-850,Computación,Lenovo,Business-850,"Fuente de poder de Lenovo, modelo Business-850, diseñado para uso doméstico, empresarial o profesional.",21752.12,122,Proveedor 15,Disponible
737,Memoria RAM LG Enterprise-412,Computación,LG,Enterprise-412,"Memoria RAM de LG, modelo Enterprise-412, diseñado para uso doméstico, empresarial o profesional.",31807.05,27,Proveedor 06,Disponible
738,Tarjeta gráfica Dell Enterprise-387,Computación,Dell,Enterprise-387,"Tarjeta gráfica de Dell, modelo Enterprise-387, diseñado para uso doméstico, empresarial o profesional.",55858.77,35,Proveedor 18,Disponible
739,Switch Logitech Business-741,Computación,Logitech,Business-741,"Switch de Logitech, modelo Business-741, diseñado para uso doméstico, empresarial o profesional.",5247.12,19,Proveedor 01,Disponible
740,Procesador TP-Link Enterprise-695,Computación,TP-Link,Enterprise-695,"Procesador de TP-Link, modelo Enterprise-695, diseñado para uso doméstico, empresarial o profesional.",37754.88,54,Proveedor 02,Disponible
741,Procesador Logitech Max-652,Computación,Logitech,Max-652,"Procesador de Logitech, modelo Max-652, diseñado para uso doméstico, empresarial o profesional.",30845.13,38,Proveedor 12,Disponible
742,Gabinete Epson Enterprise-703,Computación,Epson,Enterprise-703,"Gabinete de Epson, modelo Enterprise-703, diseñado para uso doméstico, empresarial o profesional.",47739.78,74,Proveedor 05,Disponible
743,Memoria RAM APC Max-192,Computación,APC,Max-192,"Memoria RAM de APC, modelo Max-192, diseñado para uso doméstico, empresarial o profesional.",25972.0,128,Proveedor 01,Disponible
744,Switch AMD Business-269,Computación,AMD,Business-269,"Switch de AMD, modelo Business-269, diseñado para uso doméstico, empresarial o profesional.",49291.23,35,Proveedor 15,Disponible
745,Router ASUS Max-679,Computación,ASUS,Max-679,"Router de ASUS, modelo Max-679, diseñado para uso doméstico, empresarial o profesional.",42964.04,37,Proveedor 24,Disponible
746,Memoria RAM LG Basic-324,Computación,LG,Basic-324,"Memoria RAM de LG, modelo Basic-324, diseñado para uso doméstico, empresarial o profesional.",49567.26,59,Proveedor 03,Disponible
747,Tarjeta de red LG Pro-143,Computación,LG,Pro-143,"Tarjeta de red de LG, modelo Pro-143, diseñado para uso doméstico, empresarial o profesional.",43557.49,132,Proveedor 12,Disponible
748,Gabinete Brother Ultra-147,Computación,Brother,Ultra-147,"Gabinete de Brother, modelo Ultra-147, diseñado para uso doméstico, empresarial o profesional.",2881.83,82,Proveedor 04,Disponible
749,Procesador Logitech Enterprise-859,Computación,Logitech,Enterprise-859,"Procesador de Logitech, modelo Enterprise-859, diseñado para uso doméstico, empresarial o profesional.",17336.55,139,Proveedor 19,Disponible
750,Router Huawei Business-487,Computación,Huawei,Business-487,"Router de Huawei, modelo Business-487, diseñado para uso doméstico, empresarial o profesional.",23934.7,19,Proveedor 17,Disponible
751,Tarjeta de red Huawei Pro-628,Computación,Huawei,Pro-628,"Tarjeta de red de Huawei, modelo Pro-628, diseñado para uso doméstico, empresarial o profesional.",26557.99,88,Proveedor 16,Disponible
752,Memoria RAM AMD Basic-613,Computación,AMD,Basic-613,"Memoria RAM de AMD, modelo Basic-613, diseñado para uso doméstico, empresarial o profesional.",57367.62,112,Proveedor 06,Disponible
753,Switch Dell Max-758,Computación,Dell,Max-758,"Switch de Dell, modelo Max-758, diseñado para uso doméstico, empresarial o profesional.",18468.38,38,Proveedor 06,Disponible
754,Router LG Max-834,Computación,LG,Max-834,"Router de LG, modelo Max-834, diseñado para uso doméstico, empresarial o profesional.",53156.99,58,Proveedor 14,Disponible
755,Fuente de poder HP Ultra-791,Computación,HP,Ultra-791,"Fuente de poder de HP, modelo Ultra-791, diseñado para uso doméstico, empresarial o profesional.",31279.31,53,Proveedor 19,Disponible
756,Router Ubiquiti Basic-349,Computación,Ubiquiti,Basic-349,"Router de Ubiquiti, modelo Basic-349, diseñado para uso doméstico, empresarial o profesional.",3091.44,146,Proveedor 19,Disponible
757,Router Lenovo Business-624,Computación,Lenovo,Business-624,"Router de Lenovo, modelo Business-624, diseñado para uso doméstico, empresarial o profesional.",2835.65,146,Proveedor 05,Disponible
758,PC de escritorio ASUS Plus-284,Computación,ASUS,Plus-284,"PC de escritorio de ASUS, modelo Plus-284, diseñado para uso doméstico, empresarial o profesional.",33726.65,103,Proveedor 20,Disponible
759,Tarjeta gráfica TP-Link Business-845,Computación,TP-Link,Business-845,"Tarjeta gráfica de TP-Link, modelo Business-845, diseñado para uso doméstico, empresarial o profesional.",43114.91,72,Proveedor 03,Disponible
760,Switch Hikvision Max-582,Computación,Hikvision,Max-582,"Switch de Hikvision, modelo Max-582, diseñado para uso doméstico, empresarial o profesional.",56414.47,43,Proveedor 08,Disponible
761,Gabinete AMD Pro-913,Computación,AMD,Pro-913,"Gabinete de AMD, modelo Pro-913, diseñado para uso doméstico, empresarial o profesional.",37997.21,46,Proveedor 20,Disponible
762,Procesador Logitech Pro-841,Computación,Logitech,Pro-841,"Procesador de Logitech, modelo Pro-841, diseñado para uso doméstico, empresarial o profesional.",44657.75,116,Proveedor 20,Disponible
763,Tarjeta gráfica Dell Pro-487,Computación,Dell,Pro-487,"Tarjeta gráfica de Dell, modelo Pro-487, diseñado para uso doméstico, empresarial o profesional.",25239.38,27,Proveedor 01,Disponible
764,Switch APC Enterprise-616,Computación,APC,Enterprise-616,"Switch de APC, modelo Enterprise-616, diseñado para uso doméstico, empresarial o profesional.",44578.6,38,Proveedor 20,Disponible
765,Servidor ASUS Ultra-729,Computación,ASUS,Ultra-729,"Servidor de ASUS, modelo Ultra-729, diseñado para uso doméstico, empresarial o profesional.",39107.95,136,Proveedor 17,Disponible
766,Servidor Dell Ultra-775,Computación,Dell,Ultra-775,"Servidor de Dell, modelo Ultra-775, diseñado para uso doméstico, empresarial o profesional.",8732.28,138,Proveedor 01,Disponible
767,Gabinete APC Ultra-479,Computación,APC,Ultra-479,"Gabinete de APC, modelo Ultra-479, diseñado para uso doméstico, empresarial o profesional.",56901.13,135,Proveedor 14,Disponible
768,Switch Brother Enterprise-887,Computación,Brother,Enterprise-887,"Switch de Brother, modelo Enterprise-887, diseñado para uso doméstico, empresarial o profesional.",24966.0,150,Proveedor 24,Disponible
769,Tarjeta gráfica HP Ultra-237,Computación,HP,Ultra-237,"Tarjeta gráfica de HP, modelo Ultra-237, diseñado para uso doméstico, empresarial o profesional.",16767.32,59,Proveedor 03,Disponible
770,Tarjeta de red AMD Max-518,Computación,AMD,Max-518,"Tarjeta de red de AMD, modelo Max-518, diseñado para uso doméstico, empresarial o profesional.",16979.98,1,Proveedor 23,Disponible
771,PC de escritorio Intel Max-220,Computación,Intel,Max-220,"PC de escritorio de Intel, modelo Max-220, diseñado para uso doméstico, empresarial o profesional.",33928.59,96,Proveedor 21,Disponible
772,Switch Samsung Ultra-470,Computación,Samsung,Ultra-470,"Switch de Samsung, modelo Ultra-470, diseñado para uso doméstico, empresarial o profesional.",7195.93,109,Proveedor 21,Disponible
773,Tarjeta gráfica Logitech Plus-975,Computación,Logitech,Plus-975,"Tarjeta gráfica de Logitech, modelo Plus-975, diseñado para uso doméstico, empresarial o profesional.",34985.99,144,Proveedor 12,Disponible
774,Tarjeta gráfica Logitech Business-506,Computación,Logitech,Business-506,"Tarjeta gráfica de Logitech, modelo Business-506, diseñado para uso doméstico, empresarial o profesional.",49146.68,105,Proveedor 18,Disponible
775,Procesador Brother Pro-479,Computación,Brother,Pro-479,"Procesador de Brother, modelo Pro-479, diseñado para uso doméstico, empresarial o profesional.",36473.37,123,Proveedor 09,Disponible
776,Tarjeta de red Intel Plus-892,Computación,Intel,Plus-892,"Tarjeta de red de Intel, modelo Plus-892, diseñado para uso doméstico, empresarial o profesional.",45945.5,35,Proveedor 22,Disponible
777,Servidor Epson Ultra-901,Computación,Epson,Ultra-901,"Servidor de Epson, modelo Ultra-901, diseñado para uso doméstico, empresarial o profesional.",45545.45,41,Proveedor 04,Disponible
778,Switch APC Ultra-904,Computación,APC,Ultra-904,"Switch de APC, modelo Ultra-904, diseñado para uso doméstico, empresarial o profesional.",22196.93,140,Proveedor 20,Disponible
779,PC de escritorio ASUS Ultra-751,Computación,ASUS,Ultra-751,"PC de escritorio de ASUS, modelo Ultra-751, diseñado para uso doméstico, empresarial o profesional.",642.3,23,Proveedor 05,Disponible
780,Memoria RAM AMD Ultra-190,Computación,AMD,Ultra-190,"Memoria RAM de AMD, modelo Ultra-190, diseñado para uso doméstico, empresarial o profesional.",4446.01,56,Proveedor 12,Disponible
781,Servidor AMD Basic-841,Computación,AMD,Basic-841,"Servidor de AMD, modelo Basic-841, diseñado para uso doméstico, empresarial o profesional.",25165.89,102,Proveedor 20,Disponible
782,Procesador Kingston Business-711,Computación,Kingston,Business-711,"Procesador de Kingston, modelo Business-711, diseñado para uso doméstico, empresarial o profesional.",4017.86,44,Proveedor 21,Disponible
783,Memoria RAM Hikvision Basic-306,Computación,Hikvision,Basic-306,"Memoria RAM de Hikvision, modelo Basic-306, diseñado para uso doméstico, empresarial o profesional.",55331.73,132,Proveedor 10,Disponible
784,Switch Cisco Enterprise-713,Computación,Cisco,Enterprise-713,"Switch de Cisco, modelo Enterprise-713, diseñado para uso doméstico, empresarial o profesional.",33332.45,59,Proveedor 20,Disponible
785,Router Cisco Plus-344,Computación,Cisco,Plus-344,"Router de Cisco, modelo Plus-344, diseñado para uso doméstico, empresarial o profesional.",42679.74,40,Proveedor 03,Disponible
786,Tarjeta de red Huawei Plus-785,Computación,Huawei,Plus-785,"Tarjeta de red de Huawei, modelo Plus-785, diseñado para uso doméstico, empresarial o profesional.",25865.76,150,Proveedor 07,Disponible
787,Procesador TP-Link Business-820,Computación,TP-Link,Business-820,"Procesador de TP-Link, modelo Business-820, diseñado para uso doméstico, empresarial o profesional.",4739.53,23,Proveedor 18,Disponible
788,Tarjeta de red Tripp Lite Max-456,Computación,Tripp Lite,Max-456,"Tarjeta de red de Tripp Lite, modelo Max-456, diseñado para uso doméstico, empresarial o profesional.",22781.64,70,Proveedor 08,Disponible
789,Tarjeta gráfica Acer Ultra-513,Computación,Acer,Ultra-513,"Tarjeta gráfica de Acer, modelo Ultra-513, diseñado para uso doméstico, empresarial o profesional.",37496.46,66,Proveedor 06,Disponible
790,Gabinete APC Basic-672,Computación,APC,Basic-672,"Gabinete de APC, modelo Basic-672, diseñado para uso doméstico, empresarial o profesional.",4983.37,75,Proveedor 11,Disponible
791,Servidor APC Plus-997,Computación,APC,Plus-997,"Servidor de APC, modelo Plus-997, diseñado para uso doméstico, empresarial o profesional.",35102.35,147,Proveedor 09,Disponible
792,Memoria RAM Huawei Max-595,Computación,Huawei,Max-595,"Memoria RAM de Huawei, modelo Max-595, diseñado para uso doméstico, empresarial o profesional.",50116.88,86,Proveedor 25,Disponible
793,Memoria RAM Hikvision Max-982,Computación,Hikvision,Max-982,"Memoria RAM de Hikvision, modelo Max-982, diseñado para uso doméstico, empresarial o profesional.",2069.59,29,Proveedor 09,Disponible
794,Servidor Huawei Business-907,Computación,Huawei,Business-907,"Servidor de Huawei, modelo Business-907, diseñado para uso doméstico, empresarial o profesional.",64624.61,58,Proveedor 11,Disponible
795,Gabinete LG Max-648,Computación,LG,Max-648,"Gabinete de LG, modelo Max-648, diseñado para uso doméstico, empresarial o profesional.",929.09,67,Proveedor 08,Disponible
796,Tarjeta de red Dell Ultra-789,Computación,Dell,Ultra-789,"Tarjeta de red de Dell, modelo Ultra-789, diseñado para uso doméstico, empresarial o profesional.",48746.59,87,Proveedor 03,Disponible
797,Procesador ASUS Ultra-421,Computación,ASUS,Ultra-421,"Procesador de ASUS, modelo Ultra-421, diseñado para uso doméstico, empresarial o profesional.",23173.9,146,Proveedor 09,Disponible
798,Router Acer Ultra-854,Computación,Acer,Ultra-854,"Router de Acer, modelo Ultra-854, diseñado para uso doméstico, empresarial o profesional.",13218.43,61,Proveedor 09,Disponible
799,Switch Epson Pro-954,Computación,Epson,Pro-954,"Switch de Epson, modelo Pro-954, diseñado para uso doméstico, empresarial o profesional.",16455.29,91,Proveedor 05,Disponible
800,Servidor HP Basic-792,Computación,HP,Basic-792,"Servidor de HP, modelo Basic-792, diseñado para uso doméstico, empresarial o profesional.",62138.95,126,Proveedor 20,Disponible
801,PC de escritorio Tripp Lite Basic-968,Computación,Tripp Lite,Basic-968,"PC de escritorio de Tripp Lite, modelo Basic-968, diseñado para uso doméstico, empresarial o profesional.",31504.3,80,Proveedor 16,Disponible
802,Tarjeta gráfica Logitech Ultra-287,Computación,Logitech,Ultra-287,"Tarjeta gráfica de Logitech, modelo Ultra-287, diseñado para uso doméstico, empresarial o profesional.",63990.34,130,Proveedor 09,Disponible
803,Gabinete Epson Enterprise-690,Computación,Epson,Enterprise-690,"Gabinete de Epson, modelo Enterprise-690, diseñado para uso doméstico, empresarial o profesional.",8597.51,134,Proveedor 14,Disponible
804,Memoria RAM Tripp Lite Basic-614,Computación,Tripp Lite,Basic-614,"Memoria RAM de Tripp Lite, modelo Basic-614, diseñado para uso doméstico, empresarial o profesional.",22769.6,44,Proveedor 15,Disponible
805,Servidor APC Ultra-423,Computación,APC,Ultra-423,"Servidor de APC, modelo Ultra-423, diseñado para uso doméstico, empresarial o profesional.",44891.92,3,Proveedor 22,Disponible
806,Switch Huawei Max-203,Computación,Huawei,Max-203,"Switch de Huawei, modelo Max-203, diseñado para uso doméstico, empresarial o profesional.",21355.72,66,Proveedor 06,Disponible
807,Procesador Logitech Pro-375,Computación,Logitech,Pro-375,"Procesador de Logitech, modelo Pro-375, diseñado para uso doméstico, empresarial o profesional.",30796.05,87,Proveedor 12,Disponible
808,Router Brother Ultra-315,Computación,Brother,Ultra-315,"Router de Brother, modelo Ultra-315, diseñado para uso doméstico, empresarial o profesional.",27415.31,95,Proveedor 12,Disponible
809,Gabinete Logitech Ultra-284,Computación,Logitech,Ultra-284,"Gabinete de Logitech, modelo Ultra-284, diseñado para uso doméstico, empresarial o profesional.",37270.21,147,Proveedor 22,Disponible
810,Switch HP Business-376,Computación,HP,Business-376,"Switch de HP, modelo Business-376, diseñado para uso doméstico, empresarial o profesional.",52324.47,142,Proveedor 14,Disponible
811,Gabinete Acer Pro-919,Computación,Acer,Pro-919,"Gabinete de Acer, modelo Pro-919, diseñado para uso doméstico, empresarial o profesional.",62356.87,38,Proveedor 16,Disponible
812,PC de escritorio ASUS Ultra-611,Computación,ASUS,Ultra-611,"PC de escritorio de ASUS, modelo Ultra-611, diseñado para uso doméstico, empresarial o profesional.",9000.32,132,Proveedor 18,Disponible
813,Fuente de poder Brother Plus-356,Computación,Brother,Plus-356,"Fuente de poder de Brother, modelo Plus-356, diseñado para uso doméstico, empresarial o profesional.",36670.36,145,Proveedor 02,Disponible
814,Gabinete HP Business-267,Computación,HP,Business-267,"Gabinete de HP, modelo Business-267, diseñado para uso doméstico, empresarial o profesional.",4184.35,65,Proveedor 16,Disponible
815,Servidor Hikvision Business-442,Computación,Hikvision,Business-442,"Servidor de Hikvision, modelo Business-442, diseñado para uso doméstico, empresarial o profesional.",17107.06,92,Proveedor 18,Disponible
816,Procesador Logitech Plus-120,Computación,Logitech,Plus-120,"Procesador de Logitech, modelo Plus-120, diseñado para uso doméstico, empresarial o profesional.",26940.93,89,Proveedor 22,Disponible
817,Tarjeta gráfica Acer Max-689,Computación,Acer,Max-689,"Tarjeta gráfica de Acer, modelo Max-689, diseñado para uso doméstico, empresarial o profesional.",42346.3,137,Proveedor 06,Disponible
818,Tarjeta de red LG Plus-789,Computación,LG,Plus-789,"Tarjeta de red de LG, modelo Plus-789, diseñado para uso doméstico, empresarial o profesional.",33325.76,114,Proveedor 03,Disponible
819,Gabinete AMD Plus-574,Computación,AMD,Plus-574,"Gabinete de AMD, modelo Plus-574, diseñado para uso doméstico, empresarial o profesional.",41171.78,37,Proveedor 06,Disponible
820,Fuente de poder Ubiquiti Business-727,Computación,Ubiquiti,Business-727,"Fuente de poder de Ubiquiti, modelo Business-727, diseñado para uso doméstico, empresarial o profesional.",37284.95,18,Proveedor 03,Disponible
821,Router Samsung Pro-421,Computación,Samsung,Pro-421,"Router de Samsung, modelo Pro-421, diseñado para uso doméstico, empresarial o profesional.",20802.02,74,Proveedor 23,Disponible
822,Tarjeta de red AMD Business-504,Computación,AMD,Business-504,"Tarjeta de red de AMD, modelo Business-504, diseñado para uso doméstico, empresarial o profesional.",17849.75,113,Proveedor 25,Disponible
823,Fuente de poder Intel Max-561,Computación,Intel,Max-561,"Fuente de poder de Intel, modelo Max-561, diseñado para uso doméstico, empresarial o profesional.",27085.09,47,Proveedor 01,Disponible
824,Router Epson Business-357,Computación,Epson,Business-357,"Router de Epson, modelo Business-357, diseñado para uso doméstico, empresarial o profesional.",61146.3,20,Proveedor 07,Disponible
825,Router Huawei Basic-197,Computación,Huawei,Basic-197,"Router de Huawei, modelo Basic-197, diseñado para uso doméstico, empresarial o profesional.",4427.37,121,Proveedor 18,Disponible
826,PC de escritorio TP-Link Enterprise-506,Computación,TP-Link,Enterprise-506,"PC de escritorio de TP-Link, modelo Enterprise-506, diseñado para uso doméstico, empresarial o profesional.",34201.69,21,Proveedor 04,Disponible
827,Tarjeta de red AMD Pro-186,Computación,AMD,Pro-186,"Tarjeta de red de AMD, modelo Pro-186, diseñado para uso doméstico, empresarial o profesional.",42667.67,99,Proveedor 10,Disponible
828,Switch Epson Business-390,Computación,Epson,Business-390,"Switch de Epson, modelo Business-390, diseñado para uso doméstico, empresarial o profesional.",28972.48,32,Proveedor 05,Disponible
829,Procesador ASUS Basic-135,Computación,ASUS,Basic-135,"Procesador de ASUS, modelo Basic-135, diseñado para uso doméstico, empresarial o profesional.",43231.63,83,Proveedor 16,Disponible
830,Memoria RAM Tripp Lite Plus-661,Computación,Tripp Lite,Plus-661,"Memoria RAM de Tripp Lite, modelo Plus-661, diseñado para uso doméstico, empresarial o profesional.",29081.47,138,Proveedor 06,Disponible
831,Tarjeta gráfica AMD Ultra-746,Computación,AMD,Ultra-746,"Tarjeta gráfica de AMD, modelo Ultra-746, diseñado para uso doméstico, empresarial o profesional.",48754.58,144,Proveedor 14,Disponible
832,Procesador Tripp Lite Plus-455,Computación,Tripp Lite,Plus-455,"Procesador de Tripp Lite, modelo Plus-455, diseñado para uso doméstico, empresarial o profesional.",31462.86,58,Proveedor 03,Disponible
833,Memoria RAM Kingston Plus-522,Computación,Kingston,Plus-522,"Memoria RAM de Kingston, modelo Plus-522, diseñado para uso doméstico, empresarial o profesional.",17109.52,77,Proveedor 01,Disponible
834,PC de escritorio APC Enterprise-876,Computación,APC,Enterprise-876,"PC de escritorio de APC, modelo Enterprise-876, diseñado para uso doméstico, empresarial o profesional.",55162.14,88,Proveedor 10,Disponible
835,Memoria RAM Tripp Lite Basic-804,Computación,Tripp Lite,Basic-804,"Memoria RAM de Tripp Lite, modelo Basic-804, diseñado para uso doméstico, empresarial o profesional.",59959.12,122,Proveedor 10,Disponible
836,PC de escritorio Ubiquiti Enterprise-399,Computación,Ubiquiti,Enterprise-399,"PC de escritorio de Ubiquiti, modelo Enterprise-399, diseñado para uso doméstico, empresarial o profesional.",38926.14,1,Proveedor 18,Disponible
837,Fuente de poder Acer Ultra-674,Computación,Acer,Ultra-674,"Fuente de poder de Acer, modelo Ultra-674, diseñado para uso doméstico, empresarial o profesional.",28580.78,63,Proveedor 06,Disponible
838,Gabinete Huawei Pro-369,Computación,Huawei,Pro-369,"Gabinete de Huawei, modelo Pro-369, diseñado para uso doméstico, empresarial o profesional.",5424.87,61,Proveedor 17,Disponible
839,Tarjeta gráfica Logitech Plus-764,Computación,Logitech,Plus-764,"Tarjeta gráfica de Logitech, modelo Plus-764, diseñado para uso doméstico, empresarial o profesional.",48367.37,68,Proveedor 14,Disponible
840,Switch Dell Pro-239,Computación,Dell,Pro-239,"Switch de Dell, modelo Pro-239, diseñado para uso doméstico, empresarial o profesional.",19036.82,116,Proveedor 20,Disponible
841,Memoria RAM Logitech Business-737,Computación,Logitech,Business-737,"Memoria RAM de Logitech, modelo Business-737, diseñado para uso doméstico, empresarial o profesional.",32132.14,82,Proveedor 01,Disponible
842,Router Cisco Max-122,Computación,Cisco,Max-122,"Router de Cisco, modelo Max-122, diseñado para uso doméstico, empresarial o profesional.",12330.16,26,Proveedor 10,Disponible
843,Tarjeta de red Lenovo Business-548,Computación,Lenovo,Business-548,"Tarjeta de red de Lenovo, modelo Business-548, diseñado para uso doméstico, empresarial o profesional.",47343.83,59,Proveedor 03,Disponible
844,Router TP-Link Ultra-322,Computación,TP-Link,Ultra-322,"Router de TP-Link, modelo Ultra-322, diseñado para uso doméstico, empresarial o profesional.",22421.76,79,Proveedor 16,Disponible
845,Fuente de poder Hikvision Business-910,Computación,Hikvision,Business-910,"Fuente de poder de Hikvision, modelo Business-910, diseñado para uso doméstico, empresarial o profesional.",2353.39,20,Proveedor 25,Disponible
846,Router Cisco Plus-894,Computación,Cisco,Plus-894,"Router de Cisco, modelo Plus-894, diseñado para uso doméstico, empresarial o profesional.",25689.69,139,Proveedor 16,Disponible
847,Router Acer Enterprise-356,Computación,Acer,Enterprise-356,"Router de Acer, modelo Enterprise-356, diseñado para uso doméstico, empresarial o profesional.",53176.12,3,Proveedor 04,Disponible
848,Switch Huawei Enterprise-553,Computación,Huawei,Enterprise-553,"Switch de Huawei, modelo Enterprise-553, diseñado para uso doméstico, empresarial o profesional.",16291.39,8,Proveedor 07,Disponible
849,Memoria RAM HP Max-781,Computación,HP,Max-781,"Memoria RAM de HP, modelo Max-781, diseñado para uso doméstico, empresarial o profesional.",63842.9,121,Proveedor 13,Disponible
850,Tarjeta de red Samsung Pro-744,Computación,Samsung,Pro-744,"Tarjeta de red de Samsung, modelo Pro-744, diseñado para uso doméstico, empresarial o profesional.",47416.94,140,Proveedor 17,Disponible
851,Servidor Logitech Ultra-753,Computación,Logitech,Ultra-753,"Servidor de Logitech, modelo Ultra-753, diseñado para uso doméstico, empresarial o profesional.",19633.21,92,Proveedor 02,Disponible
852,Switch HP Pro-748,Computación,HP,Pro-748,"Switch de HP, modelo Pro-748, diseñado para uso doméstico, empresarial o profesional.",28390.26,3,Proveedor 06,Disponible
853,Tarjeta de red Intel Basic-505,Computación,Intel,Basic-505,"Tarjeta de red de Intel, modelo Basic-505, diseñado para uso doméstico, empresarial o profesional.",51357.6,2,Proveedor 02,Disponible
854,Tarjeta gráfica Brother Business-710,Computación,Brother,Business-710,"Tarjeta gráfica de Brother, modelo Business-710, diseñado para uso doméstico, empresarial o profesional.",10327.98,22,Proveedor 08,Disponible
855,Router Brother Basic-802,Computación,Brother,Basic-802,"Router de Brother, modelo Basic-802, diseñado para uso doméstico, empresarial o profesional.",40326.32,15,Proveedor 02,Disponible
856,Fuente de poder Lenovo Business-649,Computación,Lenovo,Business-649,"Fuente de poder de Lenovo, modelo Business-649, diseñado para uso doméstico, empresarial o profesional.",51507.87,32,Proveedor 16,Disponible
857,Switch Samsung Max-907,Computación,Samsung,Max-907,"Switch de Samsung, modelo Max-907, diseñado para uso doméstico, empresarial o profesional.",42008.59,88,Proveedor 15,Disponible
858,Switch TP-Link Business-486,Computación,TP-Link,Business-486,"Switch de TP-Link, modelo Business-486, diseñado para uso doméstico, empresarial o profesional.",23473.44,34,Proveedor 09,Disponible
859,PC de escritorio Brother Business-548,Computación,Brother,Business-548,"PC de escritorio de Brother, modelo Business-548, diseñado para uso doméstico, empresarial o profesional.",36468.9,138,Proveedor 23,Disponible
860,Memoria RAM Acer Max-291,Computación,Acer,Max-291,"Memoria RAM de Acer, modelo Max-291, diseñado para uso doméstico, empresarial o profesional.",35472.25,82,Proveedor 24,Disponible
861,Memoria RAM Logitech Enterprise-951,Computación,Logitech,Enterprise-951,"Memoria RAM de Logitech, modelo Enterprise-951, diseñado para uso doméstico, empresarial o profesional.",39034.59,141,Proveedor 06,Disponible
862,Servidor APC Pro-560,Computación,APC,Pro-560,"Servidor de APC, modelo Pro-560, diseñado para uso doméstico, empresarial o profesional.",19430.02,67,Proveedor 18,Disponible
863,Fuente de poder Hikvision Basic-894,Computación,Hikvision,Basic-894,"Fuente de poder de Hikvision, modelo Basic-894, diseñado para uso doméstico, empresarial o profesional.",41580.29,97,Proveedor 24,Disponible
864,Router TP-Link Max-977,Computación,TP-Link,Max-977,"Router de TP-Link, modelo Max-977, diseñado para uso doméstico, empresarial o profesional.",23855.67,61,Proveedor 11,Disponible
865,Servidor Tripp Lite Enterprise-496,Computación,Tripp Lite,Enterprise-496,"Servidor de Tripp Lite, modelo Enterprise-496, diseñado para uso doméstico, empresarial o profesional.",12584.55,127,Proveedor 25,Disponible
866,Procesador Lenovo Max-389,Computación,Lenovo,Max-389,"Procesador de Lenovo, modelo Max-389, diseñado para uso doméstico, empresarial o profesional.",21172.22,82,Proveedor 04,Disponible
867,Servidor APC Business-168,Computación,APC,Business-168,"Servidor de APC, modelo Business-168, diseñado para uso doméstico, empresarial o profesional.",3132.39,33,Proveedor 06,Disponible
868,PC de escritorio Acer Basic-597,Computación,Acer,Basic-597,"PC de escritorio de Acer, modelo Basic-597, diseñado para uso doméstico, empresarial o profesional.",12697.6,8,Proveedor 19,Disponible
869,Gabinete Brother Max-738,Computación,Brother,Max-738,"Gabinete de Brother, modelo Max-738, diseñado para uso doméstico, empresarial o profesional.",45675.02,65,Proveedor 02,Disponible
870,Fuente de poder Epson Max-835,Computación,Epson,Max-835,"Fuente de poder de Epson, modelo Max-835, diseñado para uso doméstico, empresarial o profesional.",4885.55,53,Proveedor 21,Disponible
871,Memoria RAM Dell Ultra-920,Computación,Dell,Ultra-920,"Memoria RAM de Dell, modelo Ultra-920, diseñado para uso doméstico, empresarial o profesional.",41637.91,92,Proveedor 18,Disponible
872,Gabinete LG Enterprise-825,Computación,LG,Enterprise-825,"Gabinete de LG, modelo Enterprise-825, diseñado para uso doméstico, empresarial o profesional.",4072.01,68,Proveedor 17,Disponible
873,PC de escritorio Dell Enterprise-411,Computación,Dell,Enterprise-411,"PC de escritorio de Dell, modelo Enterprise-411, diseñado para uso doméstico, empresarial o profesional.",5342.42,55,Proveedor 17,Disponible
874,Servidor HP Business-336,Computación,HP,Business-336,"Servidor de HP, modelo Business-336, diseñado para uso doméstico, empresarial o profesional.",34698.47,48,Proveedor 07,Disponible
875,Procesador Epson Max-740,Computación,Epson,Max-740,"Procesador de Epson, modelo Max-740, diseñado para uso doméstico, empresarial o profesional.",61603.47,142,Proveedor 24,Disponible
876,Procesador Ubiquiti Business-208,Computación,Ubiquiti,Business-208,"Procesador de Ubiquiti, modelo Business-208, diseñado para uso doméstico, empresarial o profesional.",49878.54,147,Proveedor 12,Disponible
877,Memoria RAM Ubiquiti Basic-270,Computación,Ubiquiti,Basic-270,"Memoria RAM de Ubiquiti, modelo Basic-270, diseñado para uso doméstico, empresarial o profesional.",51572.27,140,Proveedor 13,Disponible
878,Procesador Samsung Business-261,Computación,Samsung,Business-261,"Procesador de Samsung, modelo Business-261, diseñado para uso doméstico, empresarial o profesional.",34843.36,113,Proveedor 12,Disponible
879,Fuente de poder Tripp Lite Plus-965,Computación,Tripp Lite,Plus-965,"Fuente de poder de Tripp Lite, modelo Plus-965, diseñado para uso doméstico, empresarial o profesional.",24350.25,110,Proveedor 24,Disponible
880,Fuente de poder AMD Pro-676,Computación,AMD,Pro-676,"Fuente de poder de AMD, modelo Pro-676, diseñado para uso doméstico, empresarial o profesional.",35602.02,96,Proveedor 25,Disponible
881,Procesador Logitech Plus-563,Computación,Logitech,Plus-563,"Procesador de Logitech, modelo Plus-563, diseñado para uso doméstico, empresarial o profesional.",29253.24,101,Proveedor 01,Disponible
882,PC de escritorio Kingston Max-116,Computación,Kingston,Max-116,"PC de escritorio de Kingston, modelo Max-116, diseñado para uso doméstico, empresarial o profesional.",33789.33,77,Proveedor 01,Disponible
883,Tarjeta de red Epson Pro-976,Computación,Epson,Pro-976,"Tarjeta de red de Epson, modelo Pro-976, diseñado para uso doméstico, empresarial o profesional.",20674.33,70,Proveedor 18,Disponible
884,Procesador Tripp Lite Max-685,Computación,Tripp Lite,Max-685,"Procesador de Tripp Lite, modelo Max-685, diseñado para uso doméstico, empresarial o profesional.",10310.05,9,Proveedor 15,Disponible
885,Fuente de poder Lenovo Pro-371,Computación,Lenovo,Pro-371,"Fuente de poder de Lenovo, modelo Pro-371, diseñado para uso doméstico, empresarial o profesional.",24050.26,149,Proveedor 08,Disponible
886,Switch Logitech Enterprise-407,Computación,Logitech,Enterprise-407,"Switch de Logitech, modelo Enterprise-407, diseñado para uso doméstico, empresarial o profesional.",6246.26,102,Proveedor 19,Disponible
887,Switch Dell Business-432,Computación,Dell,Business-432,"Switch de Dell, modelo Business-432, diseñado para uso doméstico, empresarial o profesional.",51600.9,44,Proveedor 16,Disponible
888,Tarjeta gráfica HP Max-757,Computación,HP,Max-757,"Tarjeta gráfica de HP, modelo Max-757, diseñado para uso doméstico, empresarial o profesional.",19735.44,147,Proveedor 13,Disponible
889,Servidor Cisco Enterprise-442,Computación,Cisco,Enterprise-442,"Servidor de Cisco, modelo Enterprise-442, diseñado para uso doméstico, empresarial o profesional.",22811.08,111,Proveedor 14,Disponible
890,Servidor Epson Business-768,Computación,Epson,Business-768,"Servidor de Epson, modelo Business-768, diseñado para uso doméstico, empresarial o profesional.",55261.24,2,Proveedor 21,Disponible
891,Gabinete Cisco Plus-636,Computación,Cisco,Plus-636,"Gabinete de Cisco, modelo Plus-636, diseñado para uso doméstico, empresarial o profesional.",2964.49,138,Proveedor 19,Disponible
892,Router Samsung Max-814,Computación,Samsung,Max-814,"Router de Samsung, modelo Max-814, diseñado para uso doméstico, empresarial o profesional.",14585.58,12,Proveedor 22,Disponible
893,Gabinete Hikvision Enterprise-709,Computación,Hikvision,Enterprise-709,"Gabinete de Hikvision, modelo Enterprise-709, diseñado para uso doméstico, empresarial o profesional.",37518.99,23,Proveedor 08,Disponible
894,Gabinete Kingston Enterprise-503,Computación,Kingston,Enterprise-503,"Gabinete de Kingston, modelo Enterprise-503, diseñado para uso doméstico, empresarial o profesional.",9876.4,86,Proveedor 03,Disponible
895,Memoria RAM Intel Business-150,Computación,Intel,Business-150,"Memoria RAM de Intel, modelo Business-150, diseñado para uso doméstico, empresarial o profesional.",35765.46,67,Proveedor 03,Disponible
896,Gabinete APC Ultra-892,Computación,APC,Ultra-892,"Gabinete de APC, modelo Ultra-892, diseñado para uso doméstico, empresarial o profesional.",45452.22,34,Proveedor 16,Disponible
897,Procesador Acer Ultra-504,Computación,Acer,Ultra-504,"Procesador de Acer, modelo Ultra-504, diseñado para uso doméstico, empresarial o profesional.",42500.47,50,Proveedor 18,Disponible
898,Tarjeta gráfica APC Pro-348,Computación,APC,Pro-348,"Tarjeta gráfica de APC, modelo Pro-348, diseñado para uso doméstico, empresarial o profesional.",4935.37,110,Proveedor 11,Disponible
899,Tarjeta gráfica Dell Basic-787,Computación,Dell,Basic-787,"Tarjeta gráfica de Dell, modelo Basic-787, diseñado para uso doméstico, empresarial o profesional.",27058.76,93,Proveedor 12,Disponible
900,Switch Samsung Plus-708,Computación,Samsung,Plus-708,"Switch de Samsung, modelo Plus-708, diseñado para uso doméstico, empresarial o profesional.",42705.02,78,Proveedor 06,Disponible
901,Fuente de poder AMD Enterprise-922,Computación,AMD,Enterprise-922,"Fuente de poder de AMD, modelo Enterprise-922, diseñado para uso doméstico, empresarial o profesional.",28910.99,37,Proveedor 15,Disponible
902,PC de escritorio Epson Pro-801,Computación,Epson,Pro-801,"PC de escritorio de Epson, modelo Pro-801, diseñado para uso doméstico, empresarial o profesional.",24486.21,21,Proveedor 04,Disponible
903,PC de escritorio Epson Max-251,Computación,Epson,Max-251,"PC de escritorio de Epson, modelo Max-251, diseñado para uso doméstico, empresarial o profesional.",56508.28,73,Proveedor 01,Disponible
904,Fuente de poder HP Plus-560,Computación,HP,Plus-560,"Fuente de poder de HP, modelo Plus-560, diseñado para uso doméstico, empresarial o profesional.",30786.01,84,Proveedor 07,Disponible
905,Procesador Acer Pro-659,Computación,Acer,Pro-659,"Procesador de Acer, modelo Pro-659, diseñado para uso doméstico, empresarial o profesional.",34155.3,66,Proveedor 18,Disponible
906,Memoria RAM AMD Business-244,Computación,AMD,Business-244,"Memoria RAM de AMD, modelo Business-244, diseñado para uso doméstico, empresarial o profesional.",45271.1,4,Proveedor 13,Disponible
907,Tarjeta gráfica APC Basic-361,Computación,APC,Basic-361,"Tarjeta gráfica de APC, modelo Basic-361, diseñado para uso doméstico, empresarial o profesional.",11319.68,72,Proveedor 07,Disponible
908,Tarjeta gráfica Logitech Basic-576,Computación,Logitech,Basic-576,"Tarjeta gráfica de Logitech, modelo Basic-576, diseñado para uso doméstico, empresarial o profesional.",42662.83,2,Proveedor 03,Disponible
909,Gabinete Logitech Business-972,Computación,Logitech,Business-972,"Gabinete de Logitech, modelo Business-972, diseñado para uso doméstico, empresarial o profesional.",59362.61,92,Proveedor 04,Disponible
910,PC de escritorio Kingston Enterprise-764,Computación,Kingston,Enterprise-764,"PC de escritorio de Kingston, modelo Enterprise-764, diseñado para uso doméstico, empresarial o profesional.",25308.05,97,Proveedor 17,Disponible
911,Servidor Samsung Ultra-987,Computación,Samsung,Ultra-987,"Servidor de Samsung, modelo Ultra-987, diseñado para uso doméstico, empresarial o profesional.",38932.78,22,Proveedor 06,Disponible
912,Switch APC Ultra-674,Computación,APC,Ultra-674,"Switch de APC, modelo Ultra-674, diseñado para uso doméstico, empresarial o profesional.",60234.84,5,Proveedor 02,Disponible
913,Switch APC Plus-441,Computación,APC,Plus-441,"Switch de APC, modelo Plus-441, diseñado para uso doméstico, empresarial o profesional.",31998.66,40,Proveedor 01,Disponible
914,Fuente de poder LG Plus-740,Computación,LG,Plus-740,"Fuente de poder de LG, modelo Plus-740, diseñado para uso doméstico, empresarial o profesional.",19860.51,128,Proveedor 09,Disponible
915,PC de escritorio Logitech Ultra-934,Computación,Logitech,Ultra-934,"PC de escritorio de Logitech, modelo Ultra-934, diseñado para uso doméstico, empresarial o profesional.",64376.39,142,Proveedor 09,Disponible
916,Switch Lenovo Plus-502,Computación,Lenovo,Plus-502,"Switch de Lenovo, modelo Plus-502, diseñado para uso doméstico, empresarial o profesional.",42803.48,22,Proveedor 24,Disponible
917,Gabinete APC Business-727,Computación,APC,Business-727,"Gabinete de APC, modelo Business-727, diseñado para uso doméstico, empresarial o profesional.",56763.79,58,Proveedor 14,Disponible
918,Switch Intel Pro-536,Computación,Intel,Pro-536,"Switch de Intel, modelo Pro-536, diseñado para uso doméstico, empresarial o profesional.",63093.76,84,Proveedor 15,Disponible
919,Procesador Lenovo Pro-768,Computación,Lenovo,Pro-768,"Procesador de Lenovo, modelo Pro-768, diseñado para uso doméstico, empresarial o profesional.",9265.9,138,Proveedor 22,Disponible
920,Switch Lenovo Plus-805,Computación,Lenovo,Plus-805,"Switch de Lenovo, modelo Plus-805, diseñado para uso doméstico, empresarial o profesional.",45922.32,134,Proveedor 05,Disponible
921,Gabinete Lenovo Business-678,Computación,Lenovo,Business-678,"Gabinete de Lenovo, modelo Business-678, diseñado para uso doméstico, empresarial o profesional.",59637.15,81,Proveedor 03,Disponible
922,Procesador Tripp Lite Business-221,Computación,Tripp Lite,Business-221,"Procesador de Tripp Lite, modelo Business-221, diseñado para uso doméstico, empresarial o profesional.",12213.55,37,Proveedor 24,Disponible
923,PC de escritorio Samsung Ultra-521,Computación,Samsung,Ultra-521,"PC de escritorio de Samsung, modelo Ultra-521, diseñado para uso doméstico, empresarial o profesional.",19926.62,70,Proveedor 05,Disponible
924,Switch HP Pro-289,Computación,HP,Pro-289,"Switch de HP, modelo Pro-289, diseñado para uso doméstico, empresarial o profesional.",1995.02,68,Proveedor 20,Disponible
925,Tarjeta gráfica AMD Pro-710,Computación,AMD,Pro-710,"Tarjeta gráfica de AMD, modelo Pro-710, diseñado para uso doméstico, empresarial o profesional.",15322.21,6,Proveedor 12,Disponible
926,Servidor Brother Pro-614,Computación,Brother,Pro-614,"Servidor de Brother, modelo Pro-614, diseñado para uso doméstico, empresarial o profesional.",55045.14,120,Proveedor 23,Disponible
927,Fuente de poder ASUS Enterprise-496,Computación,ASUS,Enterprise-496,"Fuente de poder de ASUS, modelo Enterprise-496, diseñado para uso doméstico, empresarial o profesional.",32096.53,35,Proveedor 06,Disponible
928,Switch Epson Basic-518,Computación,Epson,Basic-518,"Switch de Epson, modelo Basic-518, diseñado para uso doméstico, empresarial o profesional.",49765.66,3,Proveedor 09,Disponible
929,Gabinete Epson Business-787,Computación,Epson,Business-787,"Gabinete de Epson, modelo Business-787, diseñado para uso doméstico, empresarial o profesional.",64239.35,52,Proveedor 03,Disponible
930,Router Hikvision Enterprise-731,Computación,Hikvision,Enterprise-731,"Router de Hikvision, modelo Enterprise-731, diseñado para uso doméstico, empresarial o profesional.",31999.31,83,Proveedor 15,Disponible
931,Switch Ubiquiti Ultra-894,Computación,Ubiquiti,Ultra-894,"Switch de Ubiquiti, modelo Ultra-894, diseñado para uso doméstico, empresarial o profesional.",3006.16,97,Proveedor 24,Disponible
932,Fuente de poder Huawei Max-860,Computación,Huawei,Max-860,"Fuente de poder de Huawei, modelo Max-860, diseñado para uso doméstico, empresarial o profesional.",37304.16,137,Proveedor 17,Disponible
933,PC de escritorio APC Basic-562,Computación,APC,Basic-562,"PC de escritorio de APC, modelo Basic-562, diseñado para uso doméstico, empresarial o profesional.",29861.46,10,Proveedor 08,Disponible
934,Procesador Tripp Lite Ultra-852,Computación,Tripp Lite,Ultra-852,"Procesador de Tripp Lite, modelo Ultra-852, diseñado para uso doméstico, empresarial o profesional.",2839.58,99,Proveedor 17,Disponible
935,PC de escritorio Acer Plus-550,Computación,Acer,Plus-550,"PC de escritorio de Acer, modelo Plus-550, diseñado para uso doméstico, empresarial o profesional.",26053.18,77,Proveedor 25,Disponible
936,Tarjeta de red Hikvision Pro-532,Computación,Hikvision,Pro-532,"Tarjeta de red de Hikvision, modelo Pro-532, diseñado para uso doméstico, empresarial o profesional.",19348.96,13,Proveedor 23,Disponible
937,Procesador Lenovo Ultra-949,Computación,Lenovo,Ultra-949,"Procesador de Lenovo, modelo Ultra-949, diseñado para uso doméstico, empresarial o profesional.",42102.77,23,Proveedor 24,Disponible
938,Procesador HP Pro-897,Computación,HP,Pro-897,"Procesador de HP, modelo Pro-897, diseñado para uso doméstico, empresarial o profesional.",38178.47,139,Proveedor 05,Disponible
939,Gabinete Ubiquiti Plus-561,Computación,Ubiquiti,Plus-561,"Gabinete de Ubiquiti, modelo Plus-561, diseñado para uso doméstico, empresarial o profesional.",1911.81,116,Proveedor 19,Disponible
940,Switch Hikvision Basic-356,Computación,Hikvision,Basic-356,"Switch de Hikvision, modelo Basic-356, diseñado para uso doméstico, empresarial o profesional.",21267.64,41,Proveedor 23,Disponible
941,Servidor Dell Basic-823,Computación,Dell,Basic-823,"Servidor de Dell, modelo Basic-823, diseñado para uso doméstico, empresarial o profesional.",29376.08,92,Proveedor 03,Disponible
942,Procesador Huawei Business-910,Computación,Huawei,Business-910,"Procesador de Huawei, modelo Business-910, diseñado para uso doméstico, empresarial o profesional.",63394.89,40,Proveedor 13,Disponible
943,Procesador Huawei Basic-886,Computación,Huawei,Basic-886,"Procesador de Huawei, modelo Basic-886, diseñado para uso doméstico, empresarial o profesional.",11356.26,85,Proveedor 19,Disponible
944,Router ASUS Enterprise-248,Computación,ASUS,Enterprise-248,"Router de ASUS, modelo Enterprise-248, diseñado para uso doméstico, empresarial o profesional.",11872.68,13,Proveedor 14,Disponible
945,Tarjeta de red Kingston Business-887,Computación,Kingston,Business-887,"Tarjeta de red de Kingston, modelo Business-887, diseñado para uso doméstico, empresarial o profesional.",62474.51,73,Proveedor 21,Disponible
946,Router HP Pro-307,Computación,HP,Pro-307,"Router de HP, modelo Pro-307, diseñado para uso doméstico, empresarial o profesional.",528.58,64,Proveedor 01,Disponible
947,Memoria RAM Brother Enterprise-610,Computación,Brother,Enterprise-610,"Memoria RAM de Brother, modelo Enterprise-610, diseñado para uso doméstico, empresarial o profesional.",35464.53,1,Proveedor 20,Disponible
948,Memoria RAM Epson Pro-702,Computación,Epson,Pro-702,"Memoria RAM de Epson, modelo Pro-702, diseñado para uso doméstico, empresarial o profesional.",42967.75,116,Proveedor 14,Disponible
949,Memoria RAM Dell Max-714,Computación,Dell,Max-714,"Memoria RAM de Dell, modelo Max-714, diseñado para uso doméstico, empresarial o profesional.",725.27,140,Proveedor 09,Disponible
950,Tarjeta gráfica Tripp Lite Enterprise-945,Computación,Tripp Lite,Enterprise-945,"Tarjeta gráfica de Tripp Lite, modelo Enterprise-945, diseñado para uso doméstico, empresarial o profesional.",13734.15,47,Proveedor 05,Disponible
951,PC de escritorio LG Basic-248,Computación,LG,Basic-248,"PC de escritorio de LG, modelo Basic-248, diseñado para uso doméstico, empresarial o profesional.",55542.75,147,Proveedor 20,Disponible
952,Tarjeta de red Samsung Basic-150,Computación,Samsung,Basic-150,"Tarjeta de red de Samsung, modelo Basic-150, diseñado para uso doméstico, empresarial o profesional.",7345.03,45,Proveedor 06,Disponible
953,Tarjeta de red AMD Business-808,Computación,AMD,Business-808,"Tarjeta de red de AMD, modelo Business-808, diseñado para uso doméstico, empresarial o profesional.",45580.09,146,Proveedor 18,Disponible
954,Router Hikvision Business-692,Computación,Hikvision,Business-692,"Router de Hikvision, modelo Business-692, diseñado para uso doméstico, empresarial o profesional.",23604.21,9,Proveedor 03,Disponible
955,Tarjeta de red Samsung Plus-488,Computación,Samsung,Plus-488,"Tarjeta de red de Samsung, modelo Plus-488, diseñado para uso doméstico, empresarial o profesional.",53371.13,109,Proveedor 18,Disponible
956,Servidor Kingston Ultra-237,Computación,Kingston,Ultra-237,"Servidor de Kingston, modelo Ultra-237, diseñado para uso doméstico, empresarial o profesional.",8194.9,70,Proveedor 11,Disponible
957,Procesador Ubiquiti Max-314,Computación,Ubiquiti,Max-314,"Procesador de Ubiquiti, modelo Max-314, diseñado para uso doméstico, empresarial o profesional.",45320.17,14,Proveedor 04,Disponible
958,Tarjeta gráfica APC Basic-595,Computación,APC,Basic-595,"Tarjeta gráfica de APC, modelo Basic-595, diseñado para uso doméstico, empresarial o profesional.",47147.6,73,Proveedor 14,Disponible
959,Tarjeta gráfica Samsung Plus-638,Computación,Samsung,Plus-638,"Tarjeta gráfica de Samsung, modelo Plus-638, diseñado para uso doméstico, empresarial o profesional.",37511.73,90,Proveedor 05,Disponible
960,Tarjeta gráfica Intel Ultra-632,Computación,Intel,Ultra-632,"Tarjeta gráfica de Intel, modelo Ultra-632, diseñado para uso doméstico, empresarial o profesional.",47478.25,127,Proveedor 16,Disponible
961,Router AMD Pro-825,Computación,AMD,Pro-825,"Router de AMD, modelo Pro-825, diseñado para uso doméstico, empresarial o profesional.",19094.58,49,Proveedor 01,Disponible
962,Servidor TP-Link Ultra-740,Computación,TP-Link,Ultra-740,"Servidor de TP-Link, modelo Ultra-740, diseñado para uso doméstico, empresarial o profesional.",51848.6,53,Proveedor 20,Disponible
963,Gabinete Ubiquiti Basic-441,Computación,Ubiquiti,Basic-441,"Gabinete de Ubiquiti, modelo Basic-441, diseñado para uso doméstico, empresarial o profesional.",22922.36,54,Proveedor 01,Disponible
964,Switch Kingston Plus-909,Computación,Kingston,Plus-909,"Switch de Kingston, modelo Plus-909, diseñado para uso doméstico, empresarial o profesional.",4688.99,76,Proveedor 17,Disponible
965,Procesador Samsung Enterprise-106,Computación,Samsung,Enterprise-106,"Procesador de Samsung, modelo Enterprise-106, diseñado para uso doméstico, empresarial o profesional.",7665.24,85,Proveedor 11,Disponible
966,Gabinete Intel Max-129,Computación,Intel,Max-129,"Gabinete de Intel, modelo Max-129, diseñado para uso doméstico, empresarial o profesional.",54133.17,49,Proveedor 11,Disponible
967,Fuente de poder Brother Ultra-916,Computación,Brother,Ultra-916,"Fuente de poder de Brother, modelo Ultra-916, diseñado para uso doméstico, empresarial o profesional.",2600.62,34,Proveedor 16,Disponible
968,Router Hikvision Enterprise-649,Computación,Hikvision,Enterprise-649,"Router de Hikvision, modelo Enterprise-649, diseñado para uso doméstico, empresarial o profesional.",58266.58,118,Proveedor 14,Disponible
969,PC de escritorio APC Plus-678,Computación,APC,Plus-678,"PC de escritorio de APC, modelo Plus-678, diseñado para uso doméstico, empresarial o profesional.",47205.18,80,Proveedor 18,Disponible
970,Procesador TP-Link Pro-691,Computación,TP-Link,Pro-691,"Procesador de TP-Link, modelo Pro-691, diseñado para uso doméstico, empresarial o profesional.",44651.42,90,Proveedor 03,Disponible
971,Router Logitech Enterprise-131,Computación,Logitech,Enterprise-131,"Router de Logitech, modelo Enterprise-131, diseñado para uso doméstico, empresarial o profesional.",22243.16,96,Proveedor 21,Disponible
972,Procesador ASUS Max-720,Computación,ASUS,Max-720,"Procesador de ASUS, modelo Max-720, diseñado para uso doméstico, empresarial o profesional.",25504.94,29,Proveedor 25,Disponible
973,Tarjeta de red Samsung Business-132,Computación,Samsung,Business-132,"Tarjeta de red de Samsung, modelo Business-132, diseñado para uso doméstico, empresarial o profesional.",17865.88,22,Proveedor 16,Disponible
974,Switch LG Ultra-949,Computación,LG,Ultra-949,"Switch de LG, modelo Ultra-949, diseñado para uso doméstico, empresarial o profesional.",61812.02,55,Proveedor 17,Disponible
975,Tarjeta de red ASUS Basic-483,Computación,ASUS,Basic-483,"Tarjeta de red de ASUS, modelo Basic-483, diseñado para uso doméstico, empresarial o profesional.",51085.88,51,Proveedor 03,Disponible
976,Memoria RAM APC Basic-918,Computación,APC,Basic-918,"Memoria RAM de APC, modelo Basic-918, diseñado para uso doméstico, empresarial o profesional.",31528.31,128,Proveedor 05,Disponible
977,Switch Samsung Ultra-850,Computación,Samsung,Ultra-850,"Switch de Samsung, modelo Ultra-850, diseñado para uso doméstico, empresarial o profesional.",56839.98,79,Proveedor 25,Disponible
978,Fuente de poder Lenovo Enterprise-992,Computación,Lenovo,Enterprise-992,"Fuente de poder de Lenovo, modelo Enterprise-992, diseñado para uso doméstico, empresarial o profesional.",6656.88,132,Proveedor 22,Disponible
979,Router Acer Business-137,Computación,Acer,Business-137,"Router de Acer, modelo Business-137, diseñado para uso doméstico, empresarial o profesional.",30021.14,133,Proveedor 04,Disponible
980,PC de escritorio Kingston Basic-803,Computación,Kingston,Basic-803,"PC de escritorio de Kingston, modelo Basic-803, diseñado para uso doméstico, empresarial o profesional.",55173.62,22,Proveedor 11,Disponible
981,Memoria RAM Cisco Basic-633,Computación,Cisco,Basic-633,"Memoria RAM de Cisco, modelo Basic-633, diseñado para uso doméstico, empresarial o profesional.",49871.86,79,Proveedor 01,Disponible
982,Tarjeta gráfica Kingston Business-314,Computación,Kingston,Business-314,"Tarjeta gráfica de Kingston, modelo Business-314, diseñado para uso doméstico, empresarial o profesional.",21060.96,49,Proveedor 10,Disponible
983,Tarjeta de red Tripp Lite Plus-891,Computación,Tripp Lite,Plus-891,"Tarjeta de red de Tripp Lite, modelo Plus-891, diseñado para uso doméstico, empresarial o profesional.",28840.18,30,Proveedor 09,Disponible
984,Router ASUS Plus-217,Computación,ASUS,Plus-217,"Router de ASUS, modelo Plus-217, diseñado para uso doméstico, empresarial o profesional.",1287.11,143,Proveedor 17,Disponible
985,Servidor Acer Max-458,Computación,Acer,Max-458,"Servidor de Acer, modelo Max-458, diseñado para uso doméstico, empresarial o profesional.",35843.96,69,Proveedor 05,Disponible
986,Tarjeta de red Intel Pro-275,Computación,Intel,Pro-275,"Tarjeta de red de Intel, modelo Pro-275, diseñado para uso doméstico, empresarial o profesional.",4909.41,86,Proveedor 18,Disponible
987,Memoria RAM Cisco Pro-129,Computación,Cisco,Pro-129,"Memoria RAM de Cisco, modelo Pro-129, diseñado para uso doméstico, empresarial o profesional.",30756.59,12,Proveedor 04,Disponible
988,Gabinete Cisco Basic-536,Computación,Cisco,Basic-536,"Gabinete de Cisco, modelo Basic-536, diseñado para uso doméstico, empresarial o profesional.",25657.01,114,Proveedor 20,Disponible
989,Fuente de poder Kingston Plus-937,Computación,Kingston,Plus-937,"Fuente de poder de Kingston, modelo Plus-937, diseñado para uso doméstico, empresarial o profesional.",13120.12,136,Proveedor 03,Disponible
990,Memoria RAM Intel Pro-195,Computación,Intel,Pro-195,"Memoria RAM de Intel, modelo Pro-195, diseñado para uso doméstico, empresarial o profesional.",52891.46,119,Proveedor 04,Disponible
991,Memoria RAM Kingston Business-759,Computación,Kingston,Business-759,"Memoria RAM de Kingston, modelo Business-759, diseñado para uso doméstico, empresarial o profesional.",46250.97,119,Proveedor 16,Disponible
992,Switch Epson Pro-981,Computación,Epson,Pro-981,"Switch de Epson, modelo Pro-981, diseñado para uso doméstico, empresarial o profesional.",58251.85,66,Proveedor 12,Disponible
993,Gabinete ASUS Business-781,Computación,ASUS,Business-781,"Gabinete de ASUS, modelo Business-781, diseñado para uso doméstico, empresarial o profesional.",21672.22,83,Proveedor 15,Disponible
994,Memoria RAM TP-Link Basic-586,Computación,TP-Link,Basic-586,"Memoria RAM de TP-Link, modelo Basic-586, diseñado para uso doméstico, empresarial o profesional.",7603.79,122,Proveedor 15,Disponible
995,Router Kingston Enterprise-456,Computación,Kingston,Enterprise-456,"Router de Kingston, modelo Enterprise-456, diseñado para uso doméstico, empresarial o profesional.",39407.28,32,Proveedor 17,Disponible
996,Servidor Huawei Enterprise-831,Computación,Huawei,Enterprise-831,"Servidor de Huawei, modelo Enterprise-831, diseñado para uso doméstico, empresarial o profesional.",51850.23,83,Proveedor 18,Disponible
997,Servidor Kingston Max-572,Computación,Kingston,Max-572,"Servidor de Kingston, modelo Max-572, diseñado para uso doméstico, empresarial o profesional.",26232.83,105,Proveedor 08,Disponible
998,Tarjeta gráfica Epson Max-262,Computación,Epson,Max-262,"Tarjeta gráfica de Epson, modelo Max-262, diseñado para uso doméstico, empresarial o profesional.",63310.8,98,Proveedor 03,Disponible
999,Fuente de poder Acer Enterprise-810,Computación,Acer,Enterprise-810,"Fuente de poder de Acer, modelo Enterprise-810, diseñado para uso doméstico, empresarial o profesional.",38535.77,111,Proveedor 19,Disponible
1000,Fuente de poder Tripp Lite Business-341,Computación,Tripp Lite,Business-341,"Fuente de poder de Tripp Lite, modelo Business-341, diseñado para uso doméstico, empresarial o profesional.",11498.63,19,Proveedor 24,Disponible
1001,Tarjeta gráfica Brother Basic-706,Computación,Brother,Basic-706,"Tarjeta gráfica de Brother, modelo Basic-706, diseñado para uso doméstico, empresarial o profesional.",38866.08,83,Proveedor 18,Disponible
1002,Servidor Hikvision Pro-415,Computación,Hikvision,Pro-415,"Servidor de Hikvision, modelo Pro-415, diseñado para uso doméstico, empresarial o profesional.",62145.66,17,Proveedor 20,Disponible
1003,Servidor AMD Enterprise-939,Computación,AMD,Enterprise-939,"Servidor de AMD, modelo Enterprise-939, diseñado para uso doméstico, empresarial o profesional.",24815.54,126,Proveedor 21,Disponible
1004,PC de escritorio Dell Pro-936,Computación,Dell,Pro-936,"PC de escritorio de Dell, modelo Pro-936, diseñado para uso doméstico, empresarial o profesional.",9287.91,148,Proveedor 25,Disponible
1005,PC de escritorio Lenovo Business-252,Computación,Lenovo,Business-252,"PC de escritorio de Lenovo, modelo Business-252, diseñado para uso doméstico, empresarial o profesional.",29607.44,74,Proveedor 13,Disponible
1006,Tarjeta gráfica Intel Ultra-300,Computación,Intel,Ultra-300,"Tarjeta gráfica de Intel, modelo Ultra-300, diseñado para uso doméstico, empresarial o profesional.",13606.31,81,Proveedor 10,Disponible
1007,Tarjeta gráfica Kingston Ultra-835,Computación,Kingston,Ultra-835,"Tarjeta gráfica de Kingston, modelo Ultra-835, diseñado para uso doméstico, empresarial o profesional.",63872.95,88,Proveedor 03,Disponible
1008,Tarjeta gráfica TP-Link Max-622,Computación,TP-Link,Max-622,"Tarjeta gráfica de TP-Link, modelo Max-622, diseñado para uso doméstico, empresarial o profesional.",26451.57,32,Proveedor 10,Disponible
1009,PC de escritorio LG Max-154,Computación,LG,Max-154,"PC de escritorio de LG, modelo Max-154, diseñado para uso doméstico, empresarial o profesional.",354.56,143,Proveedor 12,Disponible
1010,Servidor Kingston Enterprise-131,Computación,Kingston,Enterprise-131,"Servidor de Kingston, modelo Enterprise-131, diseñado para uso doméstico, empresarial o profesional.",15520.1,100,Proveedor 21,Disponible
1011,Fuente de poder Huawei Ultra-490,Computación,Huawei,Ultra-490,"Fuente de poder de Huawei, modelo Ultra-490, diseñado para uso doméstico, empresarial o profesional.",28456.8,54,Proveedor 22,Disponible
1012,Router Brother Pro-292,Computación,Brother,Pro-292,"Router de Brother, modelo Pro-292, diseñado para uso doméstico, empresarial o profesional.",36235.78,92,Proveedor 14,Disponible
1013,Router Kingston Enterprise-786,Computación,Kingston,Enterprise-786,"Router de Kingston, modelo Enterprise-786, diseñado para uso doméstico, empresarial o profesional.",8423.03,2,Proveedor 03,Disponible
1014,PC de escritorio Lenovo Business-598,Computación,Lenovo,Business-598,"PC de escritorio de Lenovo, modelo Business-598, diseñado para uso doméstico, empresarial o profesional.",42867.86,34,Proveedor 03,Disponible
1015,Router Ubiquiti Enterprise-566,Computación,Ubiquiti,Enterprise-566,"Router de Ubiquiti, modelo Enterprise-566, diseñado para uso doméstico, empresarial o profesional.",58114.79,108,Proveedor 20,Disponible
1016,Router Hikvision Max-534,Computación,Hikvision,Max-534,"Router de Hikvision, modelo Max-534, diseñado para uso doméstico, empresarial o profesional.",36017.64,115,Proveedor 13,Disponible
1017,Fuente de poder Epson Pro-534,Computación,Epson,Pro-534,"Fuente de poder de Epson, modelo Pro-534, diseñado para uso doméstico, empresarial o profesional.",39415.89,147,Proveedor 16,Disponible
1018,Switch APC Plus-520,Computación,APC,Plus-520,"Switch de APC, modelo Plus-520, diseñado para uso doméstico, empresarial o profesional.",60248.72,147,Proveedor 12,Disponible
1019,PC de escritorio Cisco Max-594,Computación,Cisco,Max-594,"PC de escritorio de Cisco, modelo Max-594, diseñado para uso doméstico, empresarial o profesional.",45905.9,28,Proveedor 19,Disponible
1020,Memoria RAM Dell Pro-847,Computación,Dell,Pro-847,"Memoria RAM de Dell, modelo Pro-847, diseñado para uso doméstico, empresarial o profesional.",47614.67,71,Proveedor 15,Disponible
1021,Procesador Dell Max-724,Computación,Dell,Max-724,"Procesador de Dell, modelo Max-724, diseñado para uso doméstico, empresarial o profesional.",6022.48,120,Proveedor 21,Disponible
1022,Servidor Tripp Lite Enterprise-693,Computación,Tripp Lite,Enterprise-693,"Servidor de Tripp Lite, modelo Enterprise-693, diseñado para uso doméstico, empresarial o profesional.",20518.73,13,Proveedor 11,Disponible
1023,Procesador TP-Link Ultra-564,Computación,TP-Link,Ultra-564,"Procesador de TP-Link, modelo Ultra-564, diseñado para uso doméstico, empresarial o profesional.",33469.3,120,Proveedor 19,Disponible
1024,Fuente de poder Ubiquiti Plus-917,Computación,Ubiquiti,Plus-917,"Fuente de poder de Ubiquiti, modelo Plus-917, diseñado para uso doméstico, empresarial o profesional.",19361.78,42,Proveedor 02,Disponible
1025,Tarjeta gráfica Kingston Business-903,Computación,Kingston,Business-903,"Tarjeta gráfica de Kingston, modelo Business-903, diseñado para uso doméstico, empresarial o profesional.",36771.8,15,Proveedor 21,Disponible
1026,Memoria RAM Intel Pro-686,Computación,Intel,Pro-686,"Memoria RAM de Intel, modelo Pro-686, diseñado para uso doméstico, empresarial o profesional.",3639.81,74,Proveedor 24,Disponible
1027,Tarjeta gráfica TP-Link Plus-596,Computación,TP-Link,Plus-596,"Tarjeta gráfica de TP-Link, modelo Plus-596, diseñado para uso doméstico, empresarial o profesional.",5638.41,129,Proveedor 03,Disponible
1028,Tarjeta de red Logitech Pro-730,Computación,Logitech,Pro-730,"Tarjeta de red de Logitech, modelo Pro-730, diseñado para uso doméstico, empresarial o profesional.",18478.88,65,Proveedor 01,Disponible
1029,Servidor AMD Pro-705,Computación,AMD,Pro-705,"Servidor de AMD, modelo Pro-705, diseñado para uso doméstico, empresarial o profesional.",48111.18,114,Proveedor 12,Disponible
1030,Router Logitech Enterprise-817,Computación,Logitech,Enterprise-817,"Router de Logitech, modelo Enterprise-817, diseñado para uso doméstico, empresarial o profesional.",15581.87,46,Proveedor 17,Disponible
1031,PC de escritorio Samsung Basic-248,Computación,Samsung,Basic-248,"PC de escritorio de Samsung, modelo Basic-248, diseñado para uso doméstico, empresarial o profesional.",38831.7,39,Proveedor 16,Disponible
1032,Gabinete Huawei Pro-776,Computación,Huawei,Pro-776,"Gabinete de Huawei, modelo Pro-776, diseñado para uso doméstico, empresarial o profesional.",28779.97,42,Proveedor 07,Disponible
1033,Tarjeta gráfica LG Basic-757,Computación,LG,Basic-757,"Tarjeta gráfica de LG, modelo Basic-757, diseñado para uso doméstico, empresarial o profesional.",17406.39,29,Proveedor 02,Disponible
1034,Router Hikvision Ultra-587,Computación,Hikvision,Ultra-587,"Router de Hikvision, modelo Ultra-587, diseñado para uso doméstico, empresarial o profesional.",19798.45,136,Proveedor 08,Disponible
1035,Gabinete Huawei Ultra-368,Computación,Huawei,Ultra-368,"Gabinete de Huawei, modelo Ultra-368, diseñado para uso doméstico, empresarial o profesional.",9691.19,111,Proveedor 01,Disponible
1036,Tarjeta de red Hikvision Ultra-794,Computación,Hikvision,Ultra-794,"Tarjeta de red de Hikvision, modelo Ultra-794, diseñado para uso doméstico, empresarial o profesional.",20725.05,135,Proveedor 22,Disponible
1037,PC de escritorio HP Max-752,Computación,HP,Max-752,"PC de escritorio de HP, modelo Max-752, diseñado para uso doméstico, empresarial o profesional.",23192.68,110,Proveedor 20,Disponible
1038,Tarjeta de red Samsung Plus-373,Computación,Samsung,Plus-373,"Tarjeta de red de Samsung, modelo Plus-373, diseñado para uso doméstico, empresarial o profesional.",52209.87,65,Proveedor 21,Disponible
1039,Tarjeta gráfica Huawei Ultra-891,Computación,Huawei,Ultra-891,"Tarjeta gráfica de Huawei, modelo Ultra-891, diseñado para uso doméstico, empresarial o profesional.",43991.34,61,Proveedor 24,Disponible
1040,Tarjeta gráfica Acer Max-445,Computación,Acer,Max-445,"Tarjeta gráfica de Acer, modelo Max-445, diseñado para uso doméstico, empresarial o profesional.",44148.36,46,Proveedor 11,Disponible
1041,Procesador TP-Link Business-108,Computación,TP-Link,Business-108,"Procesador de TP-Link, modelo Business-108, diseñado para uso doméstico, empresarial o profesional.",54110.31,3,Proveedor 14,Disponible
1042,Servidor APC Basic-801,Computación,APC,Basic-801,"Servidor de APC, modelo Basic-801, diseñado para uso doméstico, empresarial o profesional.",29152.46,56,Proveedor 24,Disponible
1043,Tarjeta de red Logitech Pro-134,Computación,Logitech,Pro-134,"Tarjeta de red de Logitech, modelo Pro-134, diseñado para uso doméstico, empresarial o profesional.",1833.42,23,Proveedor 02,Disponible
1044,Tarjeta gráfica Acer Max-753,Computación,Acer,Max-753,"Tarjeta gráfica de Acer, modelo Max-753, diseñado para uso doméstico, empresarial o profesional.",8179.82,30,Proveedor 03,Disponible
1045,Tarjeta gráfica Lenovo Ultra-772,Computación,Lenovo,Ultra-772,"Tarjeta gráfica de Lenovo, modelo Ultra-772, diseñado para uso doméstico, empresarial o profesional.",49721.6,144,Proveedor 06,Disponible
1046,Servidor ASUS Plus-401,Computación,ASUS,Plus-401,"Servidor de ASUS, modelo Plus-401, diseñado para uso doméstico, empresarial o profesional.",30512.03,19,Proveedor 21,Disponible
1047,Memoria RAM Logitech Enterprise-537,Computación,Logitech,Enterprise-537,"Memoria RAM de Logitech, modelo Enterprise-537, diseñado para uso doméstico, empresarial o profesional.",45086.73,82,Proveedor 09,Disponible
1048,Router Dell Plus-895,Computación,Dell,Plus-895,"Router de Dell, modelo Plus-895, diseñado para uso doméstico, empresarial o profesional.",4336.46,99,Proveedor 11,Disponible
1049,PC de escritorio Logitech Enterprise-371,Computación,Logitech,Enterprise-371,"PC de escritorio de Logitech, modelo Enterprise-371, diseñado para uso doméstico, empresarial o profesional.",11812.04,17,Proveedor 16,Disponible
1050,Switch AMD Ultra-282,Computación,AMD,Ultra-282,"Switch de AMD, modelo Ultra-282, diseñado para uso doméstico, empresarial o profesional.",42062.76,27,Proveedor 05,Disponible
1051,Procesador Ubiquiti Pro-728,Computación,Ubiquiti,Pro-728,"Procesador de Ubiquiti, modelo Pro-728, diseñado para uso doméstico, empresarial o profesional.",41923.98,113,Proveedor 23,Disponible
1052,Tarjeta de red HP Basic-174,Computación,HP,Basic-174,"Tarjeta de red de HP, modelo Basic-174, diseñado para uso doméstico, empresarial o profesional.",4855.68,64,Proveedor 25,Disponible
1053,Memoria RAM TP-Link Ultra-252,Computación,TP-Link,Ultra-252,"Memoria RAM de TP-Link, modelo Ultra-252, diseñado para uso doméstico, empresarial o profesional.",42540.39,0,Proveedor 02,Agotado
1054,Gabinete Logitech Pro-816,Computación,Logitech,Pro-816,"Gabinete de Logitech, modelo Pro-816, diseñado para uso doméstico, empresarial o profesional.",21640.06,100,Proveedor 19,Disponible
1055,PC de escritorio APC Business-889,Computación,APC,Business-889,"PC de escritorio de APC, modelo Business-889, diseñado para uso doméstico, empresarial o profesional.",32046.96,111,Proveedor 13,Disponible
1056,Servidor Tripp Lite Pro-103,Computación,Tripp Lite,Pro-103,"Servidor de Tripp Lite, modelo Pro-103, diseñado para uso doméstico, empresarial o profesional.",25172.22,123,Proveedor 04,Disponible
1057,Tarjeta gráfica Tripp Lite Plus-441,Computación,Tripp Lite,Plus-441,"Tarjeta gráfica de Tripp Lite, modelo Plus-441, diseñado para uso doméstico, empresarial o profesional.",44414.77,102,Proveedor 02,Disponible
1058,Servidor LG Max-973,Computación,LG,Max-973,"Servidor de LG, modelo Max-973, diseñado para uso doméstico, empresarial o profesional.",62471.88,20,Proveedor 15,Disponible
1059,Tarjeta de red Acer Pro-667,Computación,Acer,Pro-667,"Tarjeta de red de Acer, modelo Pro-667, diseñado para uso doméstico, empresarial o profesional.",2844.73,98,Proveedor 22,Disponible
1060,Switch Kingston Business-499,Computación,Kingston,Business-499,"Switch de Kingston, modelo Business-499, diseñado para uso doméstico, empresarial o profesional.",58301.01,91,Proveedor 16,Disponible
1061,Servidor Hikvision Business-294,Computación,Hikvision,Business-294,"Servidor de Hikvision, modelo Business-294, diseñado para uso doméstico, empresarial o profesional.",9354.31,49,Proveedor 01,Disponible
1062,Tarjeta gráfica Epson Ultra-498,Computación,Epson,Ultra-498,"Tarjeta gráfica de Epson, modelo Ultra-498, diseñado para uso doméstico, empresarial o profesional.",4375.62,138,Proveedor 21,Disponible
1063,Tarjeta de red Brother Max-954,Computación,Brother,Max-954,"Tarjeta de red de Brother, modelo Max-954, diseñado para uso doméstico, empresarial o profesional.",52822.04,4,Proveedor 02,Disponible
1064,Fuente de poder Cisco Plus-906,Computación,Cisco,Plus-906,"Fuente de poder de Cisco, modelo Plus-906, diseñado para uso doméstico, empresarial o profesional.",46949.48,103,Proveedor 04,Disponible
1065,Switch APC Ultra-794,Computación,APC,Ultra-794,"Switch de APC, modelo Ultra-794, diseñado para uso doméstico, empresarial o profesional.",56601.94,137,Proveedor 05,Disponible
1066,Tarjeta gráfica Epson Basic-137,Computación,Epson,Basic-137,"Tarjeta gráfica de Epson, modelo Basic-137, diseñado para uso doméstico, empresarial o profesional.",47884.24,125,Proveedor 21,Disponible
1067,PC de escritorio Brother Max-146,Computación,Brother,Max-146,"PC de escritorio de Brother, modelo Max-146, diseñado para uso doméstico, empresarial o profesional.",16001.56,33,Proveedor 01,Disponible
1068,Router Cisco Plus-940,Computación,Cisco,Plus-940,"Router de Cisco, modelo Plus-940, diseñado para uso doméstico, empresarial o profesional.",51652.2,116,Proveedor 20,Disponible
1069,Router Intel Basic-937,Computación,Intel,Basic-937,"Router de Intel, modelo Basic-937, diseñado para uso doméstico, empresarial o profesional.",53190.33,29,Proveedor 16,Disponible
1070,Tarjeta gráfica AMD Pro-164,Computación,AMD,Pro-164,"Tarjeta gráfica de AMD, modelo Pro-164, diseñado para uso doméstico, empresarial o profesional.",52348.14,109,Proveedor 11,Disponible
1071,Gabinete Samsung Basic-800,Computación,Samsung,Basic-800,"Gabinete de Samsung, modelo Basic-800, diseñado para uso doméstico, empresarial o profesional.",37565.07,35,Proveedor 11,Disponible
1072,Switch Cisco Max-277,Computación,Cisco,Max-277,"Switch de Cisco, modelo Max-277, diseñado para uso doméstico, empresarial o profesional.",22007.09,30,Proveedor 09,Disponible
1073,Router Ubiquiti Pro-813,Computación,Ubiquiti,Pro-813,"Router de Ubiquiti, modelo Pro-813, diseñado para uso doméstico, empresarial o profesional.",24234.3,42,Proveedor 15,Disponible
1074,Switch Intel Basic-236,Computación,Intel,Basic-236,"Switch de Intel, modelo Basic-236, diseñado para uso doméstico, empresarial o profesional.",6767.92,96,Proveedor 25,Disponible
1075,Router TP-Link Ultra-182,Computación,TP-Link,Ultra-182,"Router de TP-Link, modelo Ultra-182, diseñado para uso doméstico, empresarial o profesional.",710.82,45,Proveedor 03,Disponible
1076,Tarjeta gráfica Kingston Ultra-810,Computación,Kingston,Ultra-810,"Tarjeta gráfica de Kingston, modelo Ultra-810, diseñado para uso doméstico, empresarial o profesional.",52539.54,121,Proveedor 23,Disponible
1077,Router Acer Pro-755,Computación,Acer,Pro-755,"Router de Acer, modelo Pro-755, diseñado para uso doméstico, empresarial o profesional.",17830.45,115,Proveedor 14,Disponible
1078,Switch ASUS Max-808,Computación,ASUS,Max-808,"Switch de ASUS, modelo Max-808, diseñado para uso doméstico, empresarial o profesional.",2734.09,46,Proveedor 23,Disponible
1079,Memoria RAM AMD Basic-742,Computación,AMD,Basic-742,"Memoria RAM de AMD, modelo Basic-742, diseñado para uso doméstico, empresarial o profesional.",53773.49,77,Proveedor 12,Disponible
1080,Gabinete TP-Link Max-341,Computación,TP-Link,Max-341,"Gabinete de TP-Link, modelo Max-341, diseñado para uso doméstico, empresarial o profesional.",12716.12,135,Proveedor 04,Disponible
1081,Tarjeta gráfica LG Enterprise-879,Computación,LG,Enterprise-879,"Tarjeta gráfica de LG, modelo Enterprise-879, diseñado para uso doméstico, empresarial o profesional.",64144.8,129,Proveedor 08,Disponible
1082,Memoria RAM Acer Plus-154,Computación,Acer,Plus-154,"Memoria RAM de Acer, modelo Plus-154, diseñado para uso doméstico, empresarial o profesional.",12833.62,38,Proveedor 22,Disponible
1083,Memoria RAM Brother Pro-263,Computación,Brother,Pro-263,"Memoria RAM de Brother, modelo Pro-263, diseñado para uso doméstico, empresarial o profesional.",43658.23,11,Proveedor 02,Disponible
1084,Fuente de poder Kingston Pro-545,Computación,Kingston,Pro-545,"Fuente de poder de Kingston, modelo Pro-545, diseñado para uso doméstico, empresarial o profesional.",16564.4,116,Proveedor 02,Disponible
1085,Servidor Cisco Max-280,Computación,Cisco,Max-280,"Servidor de Cisco, modelo Max-280, diseñado para uso doméstico, empresarial o profesional.",10525.55,7,Proveedor 16,Disponible
1086,Procesador HP Basic-340,Computación,HP,Basic-340,"Procesador de HP, modelo Basic-340, diseñado para uso doméstico, empresarial o profesional.",46974.78,148,Proveedor 11,Disponible
1087,Gabinete Acer Business-793,Computación,Acer,Business-793,"Gabinete de Acer, modelo Business-793, diseñado para uso doméstico, empresarial o profesional.",58424.72,58,Proveedor 25,Disponible
1088,Servidor Samsung Pro-200,Computación,Samsung,Pro-200,"Servidor de Samsung, modelo Pro-200, diseñado para uso doméstico, empresarial o profesional.",15641.56,105,Proveedor 07,Disponible
1089,Gabinete Epson Basic-582,Computación,Epson,Basic-582,"Gabinete de Epson, modelo Basic-582, diseñado para uso doméstico, empresarial o profesional.",38155.47,13,Proveedor 14,Disponible
1090,Router Acer Max-565,Computación,Acer,Max-565,"Router de Acer, modelo Max-565, diseñado para uso doméstico, empresarial o profesional.",11820.53,95,Proveedor 05,Disponible
1091,Memoria RAM Acer Business-467,Computación,Acer,Business-467,"Memoria RAM de Acer, modelo Business-467, diseñado para uso doméstico, empresarial o profesional.",63418.47,51,Proveedor 11,Disponible
1092,Router Cisco Business-682,Computación,Cisco,Business-682,"Router de Cisco, modelo Business-682, diseñado para uso doméstico, empresarial o profesional.",4159.47,34,Proveedor 04,Disponible
1093,Memoria RAM Hikvision Ultra-275,Computación,Hikvision,Ultra-275,"Memoria RAM de Hikvision, modelo Ultra-275, diseñado para uso doméstico, empresarial o profesional.",49493.97,56,Proveedor 10,Disponible
1094,Tarjeta gráfica ASUS Enterprise-913,Computación,ASUS,Enterprise-913,"Tarjeta gráfica de ASUS, modelo Enterprise-913, diseñado para uso doméstico, empresarial o profesional.",41578.55,43,Proveedor 19,Disponible
1095,Procesador Epson Basic-521,Computación,Epson,Basic-521,"Procesador de Epson, modelo Basic-521, diseñado para uso doméstico, empresarial o profesional.",55746.2,125,Proveedor 07,Disponible
1096,Tarjeta gráfica Brother Enterprise-573,Computación,Brother,Enterprise-573,"Tarjeta gráfica de Brother, modelo Enterprise-573, diseñado para uso doméstico, empresarial o profesional.",18362.36,109,Proveedor 24,Disponible
1097,Switch Epson Plus-544,Computación,Epson,Plus-544,"Switch de Epson, modelo Plus-544, diseñado para uso doméstico, empresarial o profesional.",37791.52,38,Proveedor 19,Disponible
1098,PC de escritorio Ubiquiti Basic-141,Computación,Ubiquiti,Basic-141,"PC de escritorio de Ubiquiti, modelo Basic-141, diseñado para uso doméstico, empresarial o profesional.",64435.4,129,Proveedor 02,Disponible
1099,Gabinete APC Ultra-590,Computación,APC,Ultra-590,"Gabinete de APC, modelo Ultra-590, diseñado para uso doméstico, empresarial o profesional.",52688.66,25,Proveedor 15,Disponible
1100,Memoria RAM Epson Basic-671,Computación,Epson,Basic-671,"Memoria RAM de Epson, modelo Basic-671, diseñado para uso doméstico, empresarial o profesional.",49024.19,104,Proveedor 07,Disponible
1101,Router LG Plus-344,Computación,LG,Plus-344,"Router de LG, modelo Plus-344, diseñado para uso doméstico, empresarial o profesional.",42202.32,23,Proveedor 01,Disponible
1102,Memoria RAM Kingston Pro-820,Computación,Kingston,Pro-820,"Memoria RAM de Kingston, modelo Pro-820, diseñado para uso doméstico, empresarial o profesional.",30015.6,146,Proveedor 24,Disponible
1103,Tarjeta gráfica TP-Link Ultra-574,Computación,TP-Link,Ultra-574,"Tarjeta gráfica de TP-Link, modelo Ultra-574, diseñado para uso doméstico, empresarial o profesional.",50237.73,103,Proveedor 06,Disponible
1104,Fuente de poder Hikvision Business-748,Computación,Hikvision,Business-748,"Fuente de poder de Hikvision, modelo Business-748, diseñado para uso doméstico, empresarial o profesional.",388.23,18,Proveedor 13,Disponible
1105,Fuente de poder APC Basic-403,Computación,APC,Basic-403,"Fuente de poder de APC, modelo Basic-403, diseñado para uso doméstico, empresarial o profesional.",27855.88,69,Proveedor 23,Disponible
1106,Tarjeta gráfica Tripp Lite Max-913,Computación,Tripp Lite,Max-913,"Tarjeta gráfica de Tripp Lite, modelo Max-913, diseñado para uso doméstico, empresarial o profesional.",13702.37,20,Proveedor 20,Disponible
1107,Fuente de poder Cisco Max-790,Computación,Cisco,Max-790,"Fuente de poder de Cisco, modelo Max-790, diseñado para uso doméstico, empresarial o profesional.",23850.19,13,Proveedor 04,Disponible
1108,Gabinete LG Ultra-733,Computación,LG,Ultra-733,"Gabinete de LG, modelo Ultra-733, diseñado para uso doméstico, empresarial o profesional.",2944.57,93,Proveedor 06,Disponible
1109,Procesador Dell Max-826,Computación,Dell,Max-826,"Procesador de Dell, modelo Max-826, diseñado para uso doméstico, empresarial o profesional.",50350.34,35,Proveedor 11,Disponible
1110,Switch Tripp Lite Basic-764,Computación,Tripp Lite,Basic-764,"Switch de Tripp Lite, modelo Basic-764, diseñado para uso doméstico, empresarial o profesional.",31258.53,148,Proveedor 23,Disponible
1111,Switch Epson Plus-461,Computación,Epson,Plus-461,"Switch de Epson, modelo Plus-461, diseñado para uso doméstico, empresarial o profesional.",58396.27,128,Proveedor 22,Disponible
1112,Gabinete Logitech Basic-164,Computación,Logitech,Basic-164,"Gabinete de Logitech, modelo Basic-164, diseñado para uso doméstico, empresarial o profesional.",24421.05,115,Proveedor 16,Disponible
1113,Procesador APC Enterprise-225,Computación,APC,Enterprise-225,"Procesador de APC, modelo Enterprise-225, diseñado para uso doméstico, empresarial o profesional.",30719.6,136,Proveedor 22,Disponible
1114,Procesador Kingston Ultra-735,Computación,Kingston,Ultra-735,"Procesador de Kingston, modelo Ultra-735, diseñado para uso doméstico, empresarial o profesional.",24119.04,16,Proveedor 07,Disponible
1115,Memoria RAM Dell Basic-500,Computación,Dell,Basic-500,"Memoria RAM de Dell, modelo Basic-500, diseñado para uso doméstico, empresarial o profesional.",58397.1,73,Proveedor 03,Disponible
1116,Servidor ASUS Plus-214,Computación,ASUS,Plus-214,"Servidor de ASUS, modelo Plus-214, diseñado para uso doméstico, empresarial o profesional.",45401.21,127,Proveedor 05,Disponible
1117,Switch APC Business-123,Computación,APC,Business-123,"Switch de APC, modelo Business-123, diseñado para uso doméstico, empresarial o profesional.",19268.06,138,Proveedor 05,Disponible
1118,Memoria RAM LG Ultra-554,Computación,LG,Ultra-554,"Memoria RAM de LG, modelo Ultra-554, diseñado para uso doméstico, empresarial o profesional.",48029.79,5,Proveedor 10,Disponible
1119,Switch Dell Basic-992,Computación,Dell,Basic-992,"Switch de Dell, modelo Basic-992, diseñado para uso doméstico, empresarial o profesional.",52188.69,133,Proveedor 21,Disponible
1120,Fuente de poder Ubiquiti Max-451,Computación,Ubiquiti,Max-451,"Fuente de poder de Ubiquiti, modelo Max-451, diseñado para uso doméstico, empresarial o profesional.",42727.7,83,Proveedor 16,Disponible
1121,Tarjeta gráfica APC Enterprise-661,Computación,APC,Enterprise-661,"Tarjeta gráfica de APC, modelo Enterprise-661, diseñado para uso doméstico, empresarial o profesional.",29108.08,77,Proveedor 19,Disponible
1122,Router Kingston Pro-908,Computación,Kingston,Pro-908,"Router de Kingston, modelo Pro-908, diseñado para uso doméstico, empresarial o profesional.",17122.48,123,Proveedor 12,Disponible
1123,Tarjeta de red Cisco Pro-461,Computación,Cisco,Pro-461,"Tarjeta de red de Cisco, modelo Pro-461, diseñado para uso doméstico, empresarial o profesional.",18699.52,42,Proveedor 20,Disponible
1124,Router Tripp Lite Plus-286,Computación,Tripp Lite,Plus-286,"Router de Tripp Lite, modelo Plus-286, diseñado para uso doméstico, empresarial o profesional.",63266.43,39,Proveedor 06,Disponible
1125,Switch HP Basic-424,Computación,HP,Basic-424,"Switch de HP, modelo Basic-424, diseñado para uso doméstico, empresarial o profesional.",37471.78,112,Proveedor 09,Disponible
1126,Fuente de poder ASUS Pro-675,Computación,ASUS,Pro-675,"Fuente de poder de ASUS, modelo Pro-675, diseñado para uso doméstico, empresarial o profesional.",46051.59,81,Proveedor 12,Disponible
1127,Router LG Ultra-652,Computación,LG,Ultra-652,"Router de LG, modelo Ultra-652, diseñado para uso doméstico, empresarial o profesional.",63412.63,136,Proveedor 10,Disponible
1128,Servidor TP-Link Ultra-611,Computación,TP-Link,Ultra-611,"Servidor de TP-Link, modelo Ultra-611, diseñado para uso doméstico, empresarial o profesional.",50023.13,117,Proveedor 11,Disponible
1129,Router TP-Link Business-659,Computación,TP-Link,Business-659,"Router de TP-Link, modelo Business-659, diseñado para uso doméstico, empresarial o profesional.",63421.39,84,Proveedor 21,Disponible
1130,Tarjeta de red Brother Plus-872,Computación,Brother,Plus-872,"Tarjeta de red de Brother, modelo Plus-872, diseñado para uso doméstico, empresarial o profesional.",63750.63,146,Proveedor 22,Disponible
1131,Router Intel Business-552,Computación,Intel,Business-552,"Router de Intel, modelo Business-552, diseñado para uso doméstico, empresarial o profesional.",22212.88,28,Proveedor 24,Disponible
1132,Memoria RAM Cisco Pro-794,Computación,Cisco,Pro-794,"Memoria RAM de Cisco, modelo Pro-794, diseñado para uso doméstico, empresarial o profesional.",35947.11,78,Proveedor 01,Disponible
1133,Gabinete AMD Enterprise-325,Computación,AMD,Enterprise-325,"Gabinete de AMD, modelo Enterprise-325, diseñado para uso doméstico, empresarial o profesional.",29154.43,23,Proveedor 11,Disponible
1134,PC de escritorio AMD Business-299,Computación,AMD,Business-299,"PC de escritorio de AMD, modelo Business-299, diseñado para uso doméstico, empresarial o profesional.",38048.01,56,Proveedor 25,Disponible
1135,Tarjeta de red Acer Basic-185,Computación,Acer,Basic-185,"Tarjeta de red de Acer, modelo Basic-185, diseñado para uso doméstico, empresarial o profesional.",35135.28,114,Proveedor 22,Disponible
1136,Servidor APC Ultra-299,Computación,APC,Ultra-299,"Servidor de APC, modelo Ultra-299, diseñado para uso doméstico, empresarial o profesional.",32033.11,130,Proveedor 02,Disponible
1137,Fuente de poder Huawei Pro-833,Computación,Huawei,Pro-833,"Fuente de poder de Huawei, modelo Pro-833, diseñado para uso doméstico, empresarial o profesional.",55541.12,94,Proveedor 13,Disponible
1138,Fuente de poder TP-Link Plus-453,Computación,TP-Link,Plus-453,"Fuente de poder de TP-Link, modelo Plus-453, diseñado para uso doméstico, empresarial o profesional.",23032.67,114,Proveedor 18,Disponible
1139,Servidor Acer Business-554,Computación,Acer,Business-554,"Servidor de Acer, modelo Business-554, diseñado para uso doméstico, empresarial o profesional.",48276.84,106,Proveedor 15,Disponible
1140,Tarjeta de red ASUS Enterprise-845,Computación,ASUS,Enterprise-845,"Tarjeta de red de ASUS, modelo Enterprise-845, diseñado para uso doméstico, empresarial o profesional.",63082.34,108,Proveedor 24,Disponible
1141,Gabinete Lenovo Enterprise-701,Computación,Lenovo,Enterprise-701,"Gabinete de Lenovo, modelo Enterprise-701, diseñado para uso doméstico, empresarial o profesional.",38986.44,36,Proveedor 07,Disponible
1142,Tarjeta de red Brother Enterprise-637,Computación,Brother,Enterprise-637,"Tarjeta de red de Brother, modelo Enterprise-637, diseñado para uso doméstico, empresarial o profesional.",64135.5,16,Proveedor 19,Disponible
1143,Gabinete Dell Basic-519,Computación,Dell,Basic-519,"Gabinete de Dell, modelo Basic-519, diseñado para uso doméstico, empresarial o profesional.",41630.75,69,Proveedor 14,Disponible
1144,Router Tripp Lite Ultra-827,Computación,Tripp Lite,Ultra-827,"Router de Tripp Lite, modelo Ultra-827, diseñado para uso doméstico, empresarial o profesional.",37044.19,35,Proveedor 07,Disponible
1145,Router Huawei Plus-667,Computación,Huawei,Plus-667,"Router de Huawei, modelo Plus-667, diseñado para uso doméstico, empresarial o profesional.",32040.89,77,Proveedor 19,Disponible
1146,Tarjeta de red Brother Max-857,Computación,Brother,Max-857,"Tarjeta de red de Brother, modelo Max-857, diseñado para uso doméstico, empresarial o profesional.",30285.33,6,Proveedor 01,Disponible
1147,Router Logitech Plus-755,Computación,Logitech,Plus-755,"Router de Logitech, modelo Plus-755, diseñado para uso doméstico, empresarial o profesional.",54275.53,120,Proveedor 04,Disponible
1148,Tarjeta de red Ubiquiti Pro-603,Computación,Ubiquiti,Pro-603,"Tarjeta de red de Ubiquiti, modelo Pro-603, diseñado para uso doméstico, empresarial o profesional.",58969.52,62,Proveedor 01,Disponible
1149,Servidor Logitech Ultra-168,Computación,Logitech,Ultra-168,"Servidor de Logitech, modelo Ultra-168, diseñado para uso doméstico, empresarial o profesional.",39048.27,92,Proveedor 19,Disponible
1150,Memoria RAM Intel Ultra-989,Computación,Intel,Ultra-989,"Memoria RAM de Intel, modelo Ultra-989, diseñado para uso doméstico, empresarial o profesional.",16986.88,121,Proveedor 23,Disponible
1151,Servidor LG Max-850,Computación,LG,Max-850,"Servidor de LG, modelo Max-850, diseñado para uso doméstico, empresarial o profesional.",37519.56,66,Proveedor 06,Disponible
1152,Tarjeta gráfica Cisco Pro-427,Computación,Cisco,Pro-427,"Tarjeta gráfica de Cisco, modelo Pro-427, diseñado para uso doméstico, empresarial o profesional.",30129.54,34,Proveedor 12,Disponible
1153,Router Cisco Plus-469,Computación,Cisco,Plus-469,"Router de Cisco, modelo Plus-469, diseñado para uso doméstico, empresarial o profesional.",27442.56,91,Proveedor 02,Disponible
1154,Tarjeta de red Kingston Max-754,Computación,Kingston,Max-754,"Tarjeta de red de Kingston, modelo Max-754, diseñado para uso doméstico, empresarial o profesional.",60879.71,131,Proveedor 07,Disponible
1155,Router HP Max-870,Computación,HP,Max-870,"Router de HP, modelo Max-870, diseñado para uso doméstico, empresarial o profesional.",11113.69,82,Proveedor 11,Disponible
1156,Tarjeta de red Logitech Business-814,Computación,Logitech,Business-814,"Tarjeta de red de Logitech, modelo Business-814, diseñado para uso doméstico, empresarial o profesional.",44836.03,24,Proveedor 18,Disponible
1157,Tarjeta gráfica LG Enterprise-247,Computación,LG,Enterprise-247,"Tarjeta gráfica de LG, modelo Enterprise-247, diseñado para uso doméstico, empresarial o profesional.",1134.48,132,Proveedor 10,Disponible
1158,Fuente de poder Brother Ultra-448,Computación,Brother,Ultra-448,"Fuente de poder de Brother, modelo Ultra-448, diseñado para uso doméstico, empresarial o profesional.",59882.71,41,Proveedor 04,Disponible
1159,Switch Lenovo Max-326,Computación,Lenovo,Max-326,"Switch de Lenovo, modelo Max-326, diseñado para uso doméstico, empresarial o profesional.",54102.81,143,Proveedor 20,Disponible
1160,Procesador Tripp Lite Business-664,Computación,Tripp Lite,Business-664,"Procesador de Tripp Lite, modelo Business-664, diseñado para uso doméstico, empresarial o profesional.",45736.54,29,Proveedor 14,Disponible
1161,Memoria RAM Dell Basic-938,Computación,Dell,Basic-938,"Memoria RAM de Dell, modelo Basic-938, diseñado para uso doméstico, empresarial o profesional.",8790.72,4,Proveedor 16,Disponible
1162,Fuente de poder Kingston Business-471,Computación,Kingston,Business-471,"Fuente de poder de Kingston, modelo Business-471, diseñado para uso doméstico, empresarial o profesional.",9294.2,113,Proveedor 20,Disponible
1163,Procesador Samsung Pro-826,Computación,Samsung,Pro-826,"Procesador de Samsung, modelo Pro-826, diseñado para uso doméstico, empresarial o profesional.",20013.07,30,Proveedor 08,Disponible
1164,Router Lenovo Business-332,Computación,Lenovo,Business-332,"Router de Lenovo, modelo Business-332, diseñado para uso doméstico, empresarial o profesional.",20190.61,53,Proveedor 05,Disponible
1165,Servidor Ubiquiti Business-881,Computación,Ubiquiti,Business-881,"Servidor de Ubiquiti, modelo Business-881, diseñado para uso doméstico, empresarial o profesional.",51026.72,19,Proveedor 01,Disponible
1166,Memoria RAM Ubiquiti Basic-301,Computación,Ubiquiti,Basic-301,"Memoria RAM de Ubiquiti, modelo Basic-301, diseñado para uso doméstico, empresarial o profesional.",7275.78,131,Proveedor 19,Disponible
1167,PC de escritorio Brother Basic-359,Computación,Brother,Basic-359,"PC de escritorio de Brother, modelo Basic-359, diseñado para uso doméstico, empresarial o profesional.",3100.31,77,Proveedor 22,Disponible
1168,PC de escritorio HP Enterprise-226,Computación,HP,Enterprise-226,"PC de escritorio de HP, modelo Enterprise-226, diseñado para uso doméstico, empresarial o profesional.",59830.35,52,Proveedor 19,Disponible
1169,Switch ASUS Business-459,Computación,ASUS,Business-459,"Switch de ASUS, modelo Business-459, diseñado para uso doméstico, empresarial o profesional.",2193.06,37,Proveedor 24,Disponible
1170,Tarjeta de red Intel Plus-460,Computación,Intel,Plus-460,"Tarjeta de red de Intel, modelo Plus-460, diseñado para uso doméstico, empresarial o profesional.",10688.06,128,Proveedor 25,Disponible
1171,Tarjeta gráfica Epson Max-683,Computación,Epson,Max-683,"Tarjeta gráfica de Epson, modelo Max-683, diseñado para uso doméstico, empresarial o profesional.",4721.41,148,Proveedor 25,Disponible
1172,PC de escritorio APC Pro-832,Computación,APC,Pro-832,"PC de escritorio de APC, modelo Pro-832, diseñado para uso doméstico, empresarial o profesional.",12693.12,72,Proveedor 06,Disponible
1173,Procesador TP-Link Business-201,Computación,TP-Link,Business-201,"Procesador de TP-Link, modelo Business-201, diseñado para uso doméstico, empresarial o profesional.",60097.82,129,Proveedor 23,Disponible
1174,Memoria RAM LG Business-703,Computación,LG,Business-703,"Memoria RAM de LG, modelo Business-703, diseñado para uso doméstico, empresarial o profesional.",12277.64,27,Proveedor 06,Disponible
1175,Fuente de poder Huawei Ultra-319,Computación,Huawei,Ultra-319,"Fuente de poder de Huawei, modelo Ultra-319, diseñado para uso doméstico, empresarial o profesional.",33572.04,104,Proveedor 04,Disponible
1176,Fuente de poder HP Ultra-212,Computación,HP,Ultra-212,"Fuente de poder de HP, modelo Ultra-212, diseñado para uso doméstico, empresarial o profesional.",33926.37,126,Proveedor 25,Disponible
1177,Fuente de poder Kingston Max-839,Computación,Kingston,Max-839,"Fuente de poder de Kingston, modelo Max-839, diseñado para uso doméstico, empresarial o profesional.",2927.37,83,Proveedor 16,Disponible
1178,Servidor Huawei Plus-567,Computación,Huawei,Plus-567,"Servidor de Huawei, modelo Plus-567, diseñado para uso doméstico, empresarial o profesional.",39145.2,79,Proveedor 22,Disponible
1179,Memoria RAM Epson Max-517,Computación,Epson,Max-517,"Memoria RAM de Epson, modelo Max-517, diseñado para uso doméstico, empresarial o profesional.",19101.13,109,Proveedor 07,Disponible
1180,Servidor Brother Business-476,Computación,Brother,Business-476,"Servidor de Brother, modelo Business-476, diseñado para uso doméstico, empresarial o profesional.",11900.53,125,Proveedor 22,Disponible
1181,Servidor Huawei Ultra-635,Computación,Huawei,Ultra-635,"Servidor de Huawei, modelo Ultra-635, diseñado para uso doméstico, empresarial o profesional.",42908.07,21,Proveedor 04,Disponible
1182,Router Huawei Ultra-811,Computación,Huawei,Ultra-811,"Router de Huawei, modelo Ultra-811, diseñado para uso doméstico, empresarial o profesional.",38509.05,26,Proveedor 24,Disponible
1183,Router Dell Plus-303,Computación,Dell,Plus-303,"Router de Dell, modelo Plus-303, diseñado para uso doméstico, empresarial o profesional.",22209.47,103,Proveedor 04,Disponible
1184,Switch Ubiquiti Business-611,Computación,Ubiquiti,Business-611,"Switch de Ubiquiti, modelo Business-611, diseñado para uso doméstico, empresarial o profesional.",18320.14,148,Proveedor 19,Disponible
1185,Tarjeta de red Huawei Plus-587,Computación,Huawei,Plus-587,"Tarjeta de red de Huawei, modelo Plus-587, diseñado para uso doméstico, empresarial o profesional.",43434.0,103,Proveedor 16,Disponible
1186,Procesador Logitech Pro-886,Computación,Logitech,Pro-886,"Procesador de Logitech, modelo Pro-886, diseñado para uso doméstico, empresarial o profesional.",29714.87,31,Proveedor 09,Disponible
1187,Memoria RAM Brother Pro-743,Computación,Brother,Pro-743,"Memoria RAM de Brother, modelo Pro-743, diseñado para uso doméstico, empresarial o profesional.",61273.47,7,Proveedor 04,Disponible
1188,PC de escritorio Dell Ultra-794,Computación,Dell,Ultra-794,"PC de escritorio de Dell, modelo Ultra-794, diseñado para uso doméstico, empresarial o profesional.",2030.65,45,Proveedor 13,Disponible
1189,Tarjeta gráfica Samsung Pro-410,Computación,Samsung,Pro-410,"Tarjeta gráfica de Samsung, modelo Pro-410, diseñado para uso doméstico, empresarial o profesional.",40541.25,24,Proveedor 25,Disponible
1190,Servidor APC Enterprise-604,Computación,APC,Enterprise-604,"Servidor de APC, modelo Enterprise-604, diseñado para uso doméstico, empresarial o profesional.",51589.72,51,Proveedor 10,Disponible
1191,Memoria RAM Brother Max-367,Computación,Brother,Max-367,"Memoria RAM de Brother, modelo Max-367, diseñado para uso doméstico, empresarial o profesional.",35395.75,138,Proveedor 18,Disponible
1192,PC de escritorio Cisco Ultra-221,Computación,Cisco,Ultra-221,"PC de escritorio de Cisco, modelo Ultra-221, diseñado para uso doméstico, empresarial o profesional.",25120.85,80,Proveedor 13,Disponible
1193,Memoria RAM Hikvision Basic-133,Computación,Hikvision,Basic-133,"Memoria RAM de Hikvision, modelo Basic-133, diseñado para uso doméstico, empresarial o profesional.",11743.44,77,Proveedor 23,Disponible
1194,Router Brother Ultra-237,Computación,Brother,Ultra-237,"Router de Brother, modelo Ultra-237, diseñado para uso doméstico, empresarial o profesional.",20516.14,99,Proveedor 16,Disponible
1195,Servidor Intel Business-602,Computación,Intel,Business-602,"Servidor de Intel, modelo Business-602, diseñado para uso doméstico, empresarial o profesional.",43007.08,138,Proveedor 19,Disponible
1196,Memoria RAM Brother Max-974,Computación,Brother,Max-974,"Memoria RAM de Brother, modelo Max-974, diseñado para uso doméstico, empresarial o profesional.",10413.32,14,Proveedor 13,Disponible
1197,Tarjeta de red Brother Max-486,Computación,Brother,Max-486,"Tarjeta de red de Brother, modelo Max-486, diseñado para uso doméstico, empresarial o profesional.",40216.0,90,Proveedor 25,Disponible
1198,Tarjeta de red Samsung Basic-128,Computación,Samsung,Basic-128,"Tarjeta de red de Samsung, modelo Basic-128, diseñado para uso doméstico, empresarial o profesional.",38502.98,32,Proveedor 12,Disponible
1199,Fuente de poder Intel Basic-883,Computación,Intel,Basic-883,"Fuente de poder de Intel, modelo Basic-883, diseñado para uso doméstico, empresarial o profesional.",57969.89,87,Proveedor 13,Disponible
1200,Servidor Ubiquiti Plus-465,Computación,Ubiquiti,Plus-465,"Servidor de Ubiquiti, modelo Plus-465, diseñado para uso doméstico, empresarial o profesional.",26951.85,14,Proveedor 22,Disponible
1201,Switch Epson Pro-763,Computación,Epson,Pro-763,"Switch de Epson, modelo Pro-763, diseñado para uso doméstico, empresarial o profesional.",20492.84,21,Proveedor 23,Disponible
1202,Servidor Kingston Basic-445,Computación,Kingston,Basic-445,"Servidor de Kingston, modelo Basic-445, diseñado para uso doméstico, empresarial o profesional.",11284.72,137,Proveedor 11,Disponible
1203,PC de escritorio Hikvision Business-984,Computación,Hikvision,Business-984,"PC de escritorio de Hikvision, modelo Business-984, diseñado para uso doméstico, empresarial o profesional.",27634.01,131,Proveedor 14,Disponible
1204,Tarjeta de red TP-Link Business-580,Computación,TP-Link,Business-580,"Tarjeta de red de TP-Link, modelo Business-580, diseñado para uso doméstico, empresarial o profesional.",38342.9,81,Proveedor 13,Disponible
1205,Tarjeta gráfica Huawei Plus-686,Computación,Huawei,Plus-686,"Tarjeta gráfica de Huawei, modelo Plus-686, diseñado para uso doméstico, empresarial o profesional.",6622.85,125,Proveedor 04,Disponible
1206,Switch Samsung Ultra-614,Computación,Samsung,Ultra-614,"Switch de Samsung, modelo Ultra-614, diseñado para uso doméstico, empresarial o profesional.",52801.28,86,Proveedor 06,Disponible
1207,Tarjeta gráfica Kingston Plus-546,Computación,Kingston,Plus-546,"Tarjeta gráfica de Kingston, modelo Plus-546, diseñado para uso doméstico, empresarial o profesional.",13353.78,19,Proveedor 18,Disponible
1208,Switch Kingston Plus-148,Computación,Kingston,Plus-148,"Switch de Kingston, modelo Plus-148, diseñado para uso doméstico, empresarial o profesional.",19536.62,146,Proveedor 13,Disponible
1209,Switch AMD Business-194,Computación,AMD,Business-194,"Switch de AMD, modelo Business-194, diseñado para uso doméstico, empresarial o profesional.",46735.63,148,Proveedor 04,Disponible
1210,Tarjeta gráfica Samsung Plus-168,Computación,Samsung,Plus-168,"Tarjeta gráfica de Samsung, modelo Plus-168, diseñado para uso doméstico, empresarial o profesional.",36947.91,135,Proveedor 16,Disponible
1211,Gabinete Acer Plus-914,Computación,Acer,Plus-914,"Gabinete de Acer, modelo Plus-914, diseñado para uso doméstico, empresarial o profesional.",5260.0,77,Proveedor 17,Disponible
1212,Tarjeta de red Ubiquiti Business-652,Computación,Ubiquiti,Business-652,"Tarjeta de red de Ubiquiti, modelo Business-652, diseñado para uso doméstico, empresarial o profesional.",20573.94,106,Proveedor 13,Disponible
1213,Tarjeta de red AMD Max-564,Computación,AMD,Max-564,"Tarjeta de red de AMD, modelo Max-564, diseñado para uso doméstico, empresarial o profesional.",43749.95,140,Proveedor 06,Disponible
1214,PC de escritorio APC Enterprise-291,Computación,APC,Enterprise-291,"PC de escritorio de APC, modelo Enterprise-291, diseñado para uso doméstico, empresarial o profesional.",37621.76,54,Proveedor 22,Disponible
1215,Memoria RAM Logitech Business-645,Computación,Logitech,Business-645,"Memoria RAM de Logitech, modelo Business-645, diseñado para uso doméstico, empresarial o profesional.",52638.0,111,Proveedor 19,Disponible
1216,PC de escritorio APC Pro-473,Computación,APC,Pro-473,"PC de escritorio de APC, modelo Pro-473, diseñado para uso doméstico, empresarial o profesional.",30222.89,61,Proveedor 05,Disponible
1217,Tarjeta de red Ubiquiti Ultra-426,Computación,Ubiquiti,Ultra-426,"Tarjeta de red de Ubiquiti, modelo Ultra-426, diseñado para uso doméstico, empresarial o profesional.",55954.03,16,Proveedor 21,Disponible
1218,Switch Ubiquiti Plus-943,Computación,Ubiquiti,Plus-943,"Switch de Ubiquiti, modelo Plus-943, diseñado para uso doméstico, empresarial o profesional.",18871.79,41,Proveedor 09,Disponible
1219,Tarjeta gráfica Epson Ultra-344,Computación,Epson,Ultra-344,"Tarjeta gráfica de Epson, modelo Ultra-344, diseñado para uso doméstico, empresarial o profesional.",7647.24,49,Proveedor 01,Disponible
1220,Switch Kingston Ultra-597,Computación,Kingston,Ultra-597,"Switch de Kingston, modelo Ultra-597, diseñado para uso doméstico, empresarial o profesional.",36520.68,111,Proveedor 14,Disponible
1221,PC de escritorio Acer Pro-379,Computación,Acer,Pro-379,"PC de escritorio de Acer, modelo Pro-379, diseñado para uso doméstico, empresarial o profesional.",9127.06,66,Proveedor 09,Disponible
1222,Procesador ASUS Business-972,Computación,ASUS,Business-972,"Procesador de ASUS, modelo Business-972, diseñado para uso doméstico, empresarial o profesional.",3032.43,124,Proveedor 01,Disponible
1223,PC de escritorio Dell Plus-716,Computación,Dell,Plus-716,"PC de escritorio de Dell, modelo Plus-716, diseñado para uso doméstico, empresarial o profesional.",19579.25,16,Proveedor 14,Disponible
1224,Fuente de poder Dell Ultra-959,Computación,Dell,Ultra-959,"Fuente de poder de Dell, modelo Ultra-959, diseñado para uso doméstico, empresarial o profesional.",47157.97,35,Proveedor 08,Disponible
1225,Servidor Intel Business-612,Computación,Intel,Business-612,"Servidor de Intel, modelo Business-612, diseñado para uso doméstico, empresarial o profesional.",60660.92,133,Proveedor 22,Disponible
1226,Tarjeta gráfica APC Plus-608,Computación,APC,Plus-608,"Tarjeta gráfica de APC, modelo Plus-608, diseñado para uso doméstico, empresarial o profesional.",57531.35,60,Proveedor 20,Disponible
1227,Servidor Samsung Plus-952,Computación,Samsung,Plus-952,"Servidor de Samsung, modelo Plus-952, diseñado para uso doméstico, empresarial o profesional.",38105.91,99,Proveedor 24,Disponible
1228,Switch Ubiquiti Pro-247,Computación,Ubiquiti,Pro-247,"Switch de Ubiquiti, modelo Pro-247, diseñado para uso doméstico, empresarial o profesional.",7210.87,54,Proveedor 09,Disponible
1229,Memoria RAM Ubiquiti Plus-983,Computación,Ubiquiti,Plus-983,"Memoria RAM de Ubiquiti, modelo Plus-983, diseñado para uso doméstico, empresarial o profesional.",38439.42,125,Proveedor 18,Disponible
1230,Fuente de poder HP Plus-658,Computación,HP,Plus-658,"Fuente de poder de HP, modelo Plus-658, diseñado para uso doméstico, empresarial o profesional.",27718.65,63,Proveedor 09,Disponible
1231,Router LG Ultra-832,Computación,LG,Ultra-832,"Router de LG, modelo Ultra-832, diseñado para uso doméstico, empresarial o profesional.",24092.73,78,Proveedor 01,Disponible
1232,Tarjeta gráfica Cisco Enterprise-857,Computación,Cisco,Enterprise-857,"Tarjeta gráfica de Cisco, modelo Enterprise-857, diseñado para uso doméstico, empresarial o profesional.",43145.86,13,Proveedor 23,Disponible
1233,Switch Logitech Max-493,Computación,Logitech,Max-493,"Switch de Logitech, modelo Max-493, diseñado para uso doméstico, empresarial o profesional.",20309.67,92,Proveedor 22,Disponible
1234,Servidor Tripp Lite Enterprise-342,Computación,Tripp Lite,Enterprise-342,"Servidor de Tripp Lite, modelo Enterprise-342, diseñado para uso doméstico, empresarial o profesional.",55789.77,99,Proveedor 01,Disponible
1235,Gabinete Logitech Plus-192,Computación,Logitech,Plus-192,"Gabinete de Logitech, modelo Plus-192, diseñado para uso doméstico, empresarial o profesional.",60880.06,60,Proveedor 10,Disponible
1236,Switch ASUS Ultra-746,Computación,ASUS,Ultra-746,"Switch de ASUS, modelo Ultra-746, diseñado para uso doméstico, empresarial o profesional.",20821.83,104,Proveedor 02,Disponible
1237,Tarjeta de red Dell Enterprise-898,Computación,Dell,Enterprise-898,"Tarjeta de red de Dell, modelo Enterprise-898, diseñado para uso doméstico, empresarial o profesional.",61150.05,120,Proveedor 24,Disponible
1238,Gabinete Samsung Business-532,Computación,Samsung,Business-532,"Gabinete de Samsung, modelo Business-532, diseñado para uso doméstico, empresarial o profesional.",57026.45,25,Proveedor 06,Disponible
1239,Tarjeta de red APC Basic-460,Computación,APC,Basic-460,"Tarjeta de red de APC, modelo Basic-460, diseñado para uso doméstico, empresarial o profesional.",27530.32,140,Proveedor 24,Disponible
1240,Fuente de poder Hikvision Business-128,Computación,Hikvision,Business-128,"Fuente de poder de Hikvision, modelo Business-128, diseñado para uso doméstico, empresarial o profesional.",49599.81,47,Proveedor 21,Disponible
1241,Memoria RAM Lenovo Basic-510,Computación,Lenovo,Basic-510,"Memoria RAM de Lenovo, modelo Basic-510, diseñado para uso doméstico, empresarial o profesional.",13244.87,78,Proveedor 11,Disponible
1242,Tarjeta gráfica Dell Basic-261,Computación,Dell,Basic-261,"Tarjeta gráfica de Dell, modelo Basic-261, diseñado para uso doméstico, empresarial o profesional.",16449.35,33,Proveedor 20,Disponible
1243,Gabinete Samsung Ultra-589,Computación,Samsung,Ultra-589,"Gabinete de Samsung, modelo Ultra-589, diseñado para uso doméstico, empresarial o profesional.",56815.83,34,Proveedor 09,Disponible
1244,Router Intel Enterprise-435,Computación,Intel,Enterprise-435,"Router de Intel, modelo Enterprise-435, diseñado para uso doméstico, empresarial o profesional.",52029.5,50,Proveedor 03,Disponible
1245,Gabinete LG Pro-502,Computación,LG,Pro-502,"Gabinete de LG, modelo Pro-502, diseñado para uso doméstico, empresarial o profesional.",57002.43,146,Proveedor 08,Disponible
1246,PC de escritorio TP-Link Max-762,Computación,TP-Link,Max-762,"PC de escritorio de TP-Link, modelo Max-762, diseñado para uso doméstico, empresarial o profesional.",39896.6,58,Proveedor 03,Disponible
1247,Memoria RAM Acer Plus-818,Computación,Acer,Plus-818,"Memoria RAM de Acer, modelo Plus-818, diseñado para uso doméstico, empresarial o profesional.",55413.46,12,Proveedor 13,Disponible
1248,Tarjeta gráfica Ubiquiti Max-366,Computación,Ubiquiti,Max-366,"Tarjeta gráfica de Ubiquiti, modelo Max-366, diseñado para uso doméstico, empresarial o profesional.",9956.55,94,Proveedor 06,Disponible
1249,Tarjeta gráfica HP Basic-835,Computación,HP,Basic-835,"Tarjeta gráfica de HP, modelo Basic-835, diseñado para uso doméstico, empresarial o profesional.",34321.7,116,Proveedor 22,Disponible
1250,Memoria RAM HP Pro-830,Computación,HP,Pro-830,"Memoria RAM de HP, modelo Pro-830, diseñado para uso doméstico, empresarial o profesional.",13443.51,68,Proveedor 10,Disponible
1251,Rack Huawei Pro-541,Redes,Huawei,Pro-541,"Rack de Huawei, modelo Pro-541, diseñado para uso doméstico, empresarial o profesional.",25701.62,55,Proveedor 10,Disponible
1252,Antena PtP Ubiquiti Pro-518,Redes,Ubiquiti,Pro-518,"Antena PtP de Ubiquiti, modelo Pro-518, diseñado para uso doméstico, empresarial o profesional.",23790.51,7,Proveedor 10,Disponible
1253,Antena PtMP Epson Max-561,Redes,Epson,Max-561,"Antena PtMP de Epson, modelo Max-561, diseñado para uso doméstico, empresarial o profesional.",27227.26,94,Proveedor 19,Disponible
1254,Rack Dell Basic-580,Redes,Dell,Basic-580,"Rack de Dell, modelo Basic-580, diseñado para uso doméstico, empresarial o profesional.",4065.49,82,Proveedor 23,Disponible
1255,Patch panel Acer Business-492,Redes,Acer,Business-492,"Patch panel de Acer, modelo Business-492, diseñado para uso doméstico, empresarial o profesional.",21276.92,65,Proveedor 03,Disponible
1256,Cámara IP Tripp Lite Basic-153,Redes,Tripp Lite,Basic-153,"Cámara IP de Tripp Lite, modelo Basic-153, diseñado para uso doméstico, empresarial o profesional.",10039.25,60,Proveedor 16,Disponible
1257,Firewall AMD Business-921,Redes,AMD,Business-921,"Firewall de AMD, modelo Business-921, diseñado para uso doméstico, empresarial o profesional.",17979.1,11,Proveedor 01,Disponible
1258,Antena PtMP APC Max-490,Redes,APC,Max-490,"Antena PtMP de APC, modelo Max-490, diseñado para uso doméstico, empresarial o profesional.",9131.02,101,Proveedor 22,Disponible
1259,Firewall Lenovo Max-142,Redes,Lenovo,Max-142,"Firewall de Lenovo, modelo Max-142, diseñado para uso doméstico, empresarial o profesional.",17448.17,66,Proveedor 06,Disponible
1260,Cable UTP Brother Plus-998,Redes,Brother,Plus-998,"Cable UTP de Brother, modelo Plus-998, diseñado para uso doméstico, empresarial o profesional.",14085.1,22,Proveedor 11,Disponible
1261,Cable UTP Ubiquiti Pro-366,Redes,Ubiquiti,Pro-366,"Cable UTP de Ubiquiti, modelo Pro-366, diseñado para uso doméstico, empresarial o profesional.",3575.91,11,Proveedor 05,Disponible
1262,Rack Logitech Business-469,Redes,Logitech,Business-469,"Rack de Logitech, modelo Business-469, diseñado para uso doméstico, empresarial o profesional.",27793.01,72,Proveedor 09,Disponible
1263,Conector RJ45 Logitech Max-420,Redes,Logitech,Max-420,"Conector RJ45 de Logitech, modelo Max-420, diseñado para uso doméstico, empresarial o profesional.",13118.4,42,Proveedor 11,Disponible
1264,Rack Lenovo Max-973,Redes,Lenovo,Max-973,"Rack de Lenovo, modelo Max-973, diseñado para uso doméstico, empresarial o profesional.",27691.76,112,Proveedor 02,Disponible
1265,Antena PtP Lenovo Basic-335,Redes,Lenovo,Basic-335,"Antena PtP de Lenovo, modelo Basic-335, diseñado para uso doméstico, empresarial o profesional.",5559.59,120,Proveedor 09,Disponible
1266,Teléfono IP Hikvision Ultra-218,Redes,Hikvision,Ultra-218,"Teléfono IP de Hikvision, modelo Ultra-218, diseñado para uso doméstico, empresarial o profesional.",29856.44,126,Proveedor 02,Disponible
1267,Rack LG Business-674,Redes,LG,Business-674,"Rack de LG, modelo Business-674, diseñado para uso doméstico, empresarial o profesional.",14597.17,126,Proveedor 04,Disponible
1268,Teléfono IP HP Plus-195,Redes,HP,Plus-195,"Teléfono IP de HP, modelo Plus-195, diseñado para uso doméstico, empresarial o profesional.",6175.71,72,Proveedor 06,Disponible
1269,Teléfono IP APC Enterprise-379,Redes,APC,Enterprise-379,"Teléfono IP de APC, modelo Enterprise-379, diseñado para uso doméstico, empresarial o profesional.",16932.36,149,Proveedor 07,Disponible
1270,Conector RJ45 TP-Link Max-885,Redes,TP-Link,Max-885,"Conector RJ45 de TP-Link, modelo Max-885, diseñado para uso doméstico, empresarial o profesional.",17157.97,106,Proveedor 03,Disponible
1271,Antena PtP Brother Business-196,Redes,Brother,Business-196,"Antena PtP de Brother, modelo Business-196, diseñado para uso doméstico, empresarial o profesional.",26630.04,6,Proveedor 10,Disponible
1272,Cámara IP Huawei Plus-704,Redes,Huawei,Plus-704,"Cámara IP de Huawei, modelo Plus-704, diseñado para uso doméstico, empresarial o profesional.",27880.12,27,Proveedor 11,Disponible
1273,Teléfono IP TP-Link Basic-571,Redes,TP-Link,Basic-571,"Teléfono IP de TP-Link, modelo Basic-571, diseñado para uso doméstico, empresarial o profesional.",24934.52,122,Proveedor 15,Disponible
1274,Antena PtMP AMD Business-105,Redes,AMD,Business-105,"Antena PtMP de AMD, modelo Business-105, diseñado para uso doméstico, empresarial o profesional.",9936.45,11,Proveedor 21,Disponible
1275,Conector RJ45 Hikvision Plus-849,Redes,Hikvision,Plus-849,"Conector RJ45 de Hikvision, modelo Plus-849, diseñado para uso doméstico, empresarial o profesional.",29994.65,145,Proveedor 05,Disponible
1276,Antena PtP Cisco Enterprise-759,Redes,Cisco,Enterprise-759,"Antena PtP de Cisco, modelo Enterprise-759, diseñado para uso doméstico, empresarial o profesional.",8545.98,14,Proveedor 24,Disponible
1277,Cámara IP Tripp Lite Max-490,Redes,Tripp Lite,Max-490,"Cámara IP de Tripp Lite, modelo Max-490, diseñado para uso doméstico, empresarial o profesional.",2849.13,65,Proveedor 06,Disponible
1278,Antena PtP Huawei Basic-121,Redes,Huawei,Basic-121,"Antena PtP de Huawei, modelo Basic-121, diseñado para uso doméstico, empresarial o profesional.",25582.19,41,Proveedor 13,Disponible
1279,Patch panel Kingston Business-870,Redes,Kingston,Business-870,"Patch panel de Kingston, modelo Business-870, diseñado para uso doméstico, empresarial o profesional.",28636.62,39,Proveedor 04,Disponible
1280,Antena PtMP Brother Enterprise-542,Redes,Brother,Enterprise-542,"Antena PtMP de Brother, modelo Enterprise-542, diseñado para uso doméstico, empresarial o profesional.",22097.81,79,Proveedor 22,Disponible
1281,Conector RJ45 Lenovo Plus-781,Redes,Lenovo,Plus-781,"Conector RJ45 de Lenovo, modelo Plus-781, diseñado para uso doméstico, empresarial o profesional.",2955.66,94,Proveedor 17,Disponible
1282,Antena PtP Brother Ultra-497,Redes,Brother,Ultra-497,"Antena PtP de Brother, modelo Ultra-497, diseñado para uso doméstico, empresarial o profesional.",14335.08,144,Proveedor 20,Disponible
1283,Patch panel Dell Enterprise-532,Redes,Dell,Enterprise-532,"Patch panel de Dell, modelo Enterprise-532, diseñado para uso doméstico, empresarial o profesional.",24344.95,47,Proveedor 14,Disponible
1284,Patch panel Dell Basic-625,Redes,Dell,Basic-625,"Patch panel de Dell, modelo Basic-625, diseñado para uso doméstico, empresarial o profesional.",10305.01,118,Proveedor 22,Disponible
1285,Antena PtP Lenovo Ultra-639,Redes,Lenovo,Ultra-639,"Antena PtP de Lenovo, modelo Ultra-639, diseñado para uso doméstico, empresarial o profesional.",18916.42,134,Proveedor 03,Disponible
1286,Antena PtMP Hikvision Ultra-181,Redes,Hikvision,Ultra-181,"Antena PtMP de Hikvision, modelo Ultra-181, diseñado para uso doméstico, empresarial o profesional.",27223.65,122,Proveedor 10,Disponible
1287,Teléfono IP Lenovo Business-407,Redes,Lenovo,Business-407,"Teléfono IP de Lenovo, modelo Business-407, diseñado para uso doméstico, empresarial o profesional.",25258.82,133,Proveedor 14,Disponible
1288,Antena PtMP Intel Basic-664,Redes,Intel,Basic-664,"Antena PtMP de Intel, modelo Basic-664, diseñado para uso doméstico, empresarial o profesional.",2369.85,11,Proveedor 17,Disponible
1289,Cámara IP APC Ultra-522,Redes,APC,Ultra-522,"Cámara IP de APC, modelo Ultra-522, diseñado para uso doméstico, empresarial o profesional.",2906.97,145,Proveedor 09,Disponible
1290,Firewall Logitech Max-183,Redes,Logitech,Max-183,"Firewall de Logitech, modelo Max-183, diseñado para uso doméstico, empresarial o profesional.",23077.91,4,Proveedor 04,Disponible
1291,Rack ASUS Enterprise-286,Redes,ASUS,Enterprise-286,"Rack de ASUS, modelo Enterprise-286, diseñado para uso doméstico, empresarial o profesional.",25299.86,11,Proveedor 03,Disponible
1292,Patch panel Kingston Plus-701,Redes,Kingston,Plus-701,"Patch panel de Kingston, modelo Plus-701, diseñado para uso doméstico, empresarial o profesional.",21744.91,115,Proveedor 20,Disponible
1293,Antena PtMP Samsung Enterprise-929,Redes,Samsung,Enterprise-929,"Antena PtMP de Samsung, modelo Enterprise-929, diseñado para uso doméstico, empresarial o profesional.",5680.78,47,Proveedor 03,Disponible
1294,Conector RJ45 Logitech Enterprise-789,Redes,Logitech,Enterprise-789,"Conector RJ45 de Logitech, modelo Enterprise-789, diseñado para uso doméstico, empresarial o profesional.",3261.41,136,Proveedor 01,Disponible
1295,Punto de acceso WiFi Huawei Basic-113,Redes,Huawei,Basic-113,"Punto de acceso WiFi de Huawei, modelo Basic-113, diseñado para uso doméstico, empresarial o profesional.",5218.32,122,Proveedor 15,Disponible
1296,Patch panel AMD Business-598,Redes,AMD,Business-598,"Patch panel de AMD, modelo Business-598, diseñado para uso doméstico, empresarial o profesional.",9139.78,92,Proveedor 23,Disponible
1297,Patch panel Kingston Basic-228,Redes,Kingston,Basic-228,"Patch panel de Kingston, modelo Basic-228, diseñado para uso doméstico, empresarial o profesional.",4122.61,48,Proveedor 04,Disponible
1298,Punto de acceso WiFi Acer Enterprise-127,Redes,Acer,Enterprise-127,"Punto de acceso WiFi de Acer, modelo Enterprise-127, diseñado para uso doméstico, empresarial o profesional.",6340.15,37,Proveedor 21,Disponible
1299,Antena PtP Ubiquiti Enterprise-741,Redes,Ubiquiti,Enterprise-741,"Antena PtP de Ubiquiti, modelo Enterprise-741, diseñado para uso doméstico, empresarial o profesional.",25757.03,137,Proveedor 07,Disponible
1300,Cámara IP Kingston Enterprise-574,Redes,Kingston,Enterprise-574,"Cámara IP de Kingston, modelo Enterprise-574, diseñado para uso doméstico, empresarial o profesional.",4513.12,108,Proveedor 01,Disponible
1301,Cámara IP ASUS Pro-856,Redes,ASUS,Pro-856,"Cámara IP de ASUS, modelo Pro-856, diseñado para uso doméstico, empresarial o profesional.",21101.74,124,Proveedor 16,Disponible
1302,Punto de acceso WiFi Hikvision Max-348,Redes,Hikvision,Max-348,"Punto de acceso WiFi de Hikvision, modelo Max-348, diseñado para uso doméstico, empresarial o profesional.",6104.05,145,Proveedor 13,Disponible
1303,Punto de acceso WiFi Samsung Basic-205,Redes,Samsung,Basic-205,"Punto de acceso WiFi de Samsung, modelo Basic-205, diseñado para uso doméstico, empresarial o profesional.",18941.86,110,Proveedor 14,Disponible
1304,Rack Intel Max-848,Redes,Intel,Max-848,"Rack de Intel, modelo Max-848, diseñado para uso doméstico, empresarial o profesional.",16664.79,74,Proveedor 02,Disponible
1305,Rack Huawei Ultra-625,Redes,Huawei,Ultra-625,"Rack de Huawei, modelo Ultra-625, diseñado para uso doméstico, empresarial o profesional.",17763.9,124,Proveedor 08,Disponible
1306,Punto de acceso WiFi APC Basic-532,Redes,APC,Basic-532,"Punto de acceso WiFi de APC, modelo Basic-532, diseñado para uso doméstico, empresarial o profesional.",17325.99,141,Proveedor 03,Disponible
1307,Antena PtMP Ubiquiti Ultra-219,Redes,Ubiquiti,Ultra-219,"Antena PtMP de Ubiquiti, modelo Ultra-219, diseñado para uso doméstico, empresarial o profesional.",14884.08,88,Proveedor 15,Disponible
1308,Patch panel TP-Link Pro-394,Redes,TP-Link,Pro-394,"Patch panel de TP-Link, modelo Pro-394, diseñado para uso doméstico, empresarial o profesional.",21808.18,120,Proveedor 12,Disponible
1309,Rack Epson Max-324,Redes,Epson,Max-324,"Rack de Epson, modelo Max-324, diseñado para uso doméstico, empresarial o profesional.",17662.75,86,Proveedor 20,Disponible
1310,Rack Lenovo Plus-840,Redes,Lenovo,Plus-840,"Rack de Lenovo, modelo Plus-840, diseñado para uso doméstico, empresarial o profesional.",21364.64,106,Proveedor 22,Disponible
1311,Firewall Brother Enterprise-964,Redes,Brother,Enterprise-964,"Firewall de Brother, modelo Enterprise-964, diseñado para uso doméstico, empresarial o profesional.",4927.81,53,Proveedor 10,Disponible
1312,Cámara IP Brother Pro-277,Redes,Brother,Pro-277,"Cámara IP de Brother, modelo Pro-277, diseñado para uso doméstico, empresarial o profesional.",6048.57,125,Proveedor 04,Disponible
1313,Patch panel Brother Plus-340,Redes,Brother,Plus-340,"Patch panel de Brother, modelo Plus-340, diseñado para uso doméstico, empresarial o profesional.",6346.23,12,Proveedor 01,Disponible
1314,Firewall Logitech Plus-793,Redes,Logitech,Plus-793,"Firewall de Logitech, modelo Plus-793, diseñado para uso doméstico, empresarial o profesional.",4825.48,128,Proveedor 02,Disponible
1315,Cámara IP Samsung Ultra-216,Redes,Samsung,Ultra-216,"Cámara IP de Samsung, modelo Ultra-216, diseñado para uso doméstico, empresarial o profesional.",18557.48,30,Proveedor 18,Disponible
1316,Antena PtP Brother Plus-448,Redes,Brother,Plus-448,"Antena PtP de Brother, modelo Plus-448, diseñado para uso doméstico, empresarial o profesional.",23563.78,11,Proveedor 25,Disponible
1317,Cable UTP Logitech Pro-973,Redes,Logitech,Pro-973,"Cable UTP de Logitech, modelo Pro-973, diseñado para uso doméstico, empresarial o profesional.",20728.86,131,Proveedor 20,Disponible
1318,Cámara IP Cisco Ultra-918,Redes,Cisco,Ultra-918,"Cámara IP de Cisco, modelo Ultra-918, diseñado para uso doméstico, empresarial o profesional.",13757.5,28,Proveedor 04,Disponible
1319,Conector RJ45 AMD Enterprise-978,Redes,AMD,Enterprise-978,"Conector RJ45 de AMD, modelo Enterprise-978, diseñado para uso doméstico, empresarial o profesional.",28425.71,143,Proveedor 02,Disponible
1320,Cable UTP HP Pro-745,Redes,HP,Pro-745,"Cable UTP de HP, modelo Pro-745, diseñado para uso doméstico, empresarial o profesional.",3612.34,52,Proveedor 12,Disponible
1321,Teléfono IP Kingston Business-552,Redes,Kingston,Business-552,"Teléfono IP de Kingston, modelo Business-552, diseñado para uso doméstico, empresarial o profesional.",22877.98,127,Proveedor 24,Disponible
1322,Cámara IP Lenovo Business-472,Redes,Lenovo,Business-472,"Cámara IP de Lenovo, modelo Business-472, diseñado para uso doméstico, empresarial o profesional.",10091.46,35,Proveedor 04,Disponible
1323,Antena PtP Hikvision Ultra-887,Redes,Hikvision,Ultra-887,"Antena PtP de Hikvision, modelo Ultra-887, diseñado para uso doméstico, empresarial o profesional.",23089.47,62,Proveedor 16,Disponible
1324,Firewall Kingston Max-275,Redes,Kingston,Max-275,"Firewall de Kingston, modelo Max-275, diseñado para uso doméstico, empresarial o profesional.",2630.2,95,Proveedor 23,Disponible
1325,Patch panel LG Business-780,Redes,LG,Business-780,"Patch panel de LG, modelo Business-780, diseñado para uso doméstico, empresarial o profesional.",7423.9,135,Proveedor 14,Disponible
1326,Antena PtP Lenovo Enterprise-539,Redes,Lenovo,Enterprise-539,"Antena PtP de Lenovo, modelo Enterprise-539, diseñado para uso doméstico, empresarial o profesional.",12449.21,104,Proveedor 15,Disponible
1327,Cable UTP LG Basic-553,Redes,LG,Basic-553,"Cable UTP de LG, modelo Basic-553, diseñado para uso doméstico, empresarial o profesional.",4435.88,2,Proveedor 23,Disponible
1328,Cable UTP Dell Basic-446,Redes,Dell,Basic-446,"Cable UTP de Dell, modelo Basic-446, diseñado para uso doméstico, empresarial o profesional.",9498.95,42,Proveedor 14,Disponible
1329,Punto de acceso WiFi Huawei Enterprise-137,Redes,Huawei,Enterprise-137,"Punto de acceso WiFi de Huawei, modelo Enterprise-137, diseñado para uso doméstico, empresarial o profesional.",19832.47,38,Proveedor 19,Disponible
1330,Punto de acceso WiFi APC Plus-529,Redes,APC,Plus-529,"Punto de acceso WiFi de APC, modelo Plus-529, diseñado para uso doméstico, empresarial o profesional.",12107.92,141,Proveedor 10,Disponible
1331,Firewall LG Basic-946,Redes,LG,Basic-946,"Firewall de LG, modelo Basic-946, diseñado para uso doméstico, empresarial o profesional.",8451.04,135,Proveedor 20,Disponible
1332,Teléfono IP Huawei Ultra-759,Redes,Huawei,Ultra-759,"Teléfono IP de Huawei, modelo Ultra-759, diseñado para uso doméstico, empresarial o profesional.",6217.6,139,Proveedor 20,Disponible
1333,Conector RJ45 Hikvision Business-453,Redes,Hikvision,Business-453,"Conector RJ45 de Hikvision, modelo Business-453, diseñado para uso doméstico, empresarial o profesional.",26639.23,103,Proveedor 25,Disponible
1334,Antena PtP Kingston Basic-137,Redes,Kingston,Basic-137,"Antena PtP de Kingston, modelo Basic-137, diseñado para uso doméstico, empresarial o profesional.",16160.01,99,Proveedor 24,Disponible
1335,Teléfono IP APC Max-390,Redes,APC,Max-390,"Teléfono IP de APC, modelo Max-390, diseñado para uso doméstico, empresarial o profesional.",6474.94,130,Proveedor 18,Disponible
1336,Antena PtMP APC Plus-875,Redes,APC,Plus-875,"Antena PtMP de APC, modelo Plus-875, diseñado para uso doméstico, empresarial o profesional.",19099.71,5,Proveedor 01,Disponible
1337,Cable UTP Intel Plus-347,Redes,Intel,Plus-347,"Cable UTP de Intel, modelo Plus-347, diseñado para uso doméstico, empresarial o profesional.",24980.29,77,Proveedor 24,Disponible
1338,Patch panel APC Basic-849,Redes,APC,Basic-849,"Patch panel de APC, modelo Basic-849, diseñado para uso doméstico, empresarial o profesional.",1873.58,95,Proveedor 09,Disponible
1339,Cable UTP LG Basic-148,Redes,LG,Basic-148,"Cable UTP de LG, modelo Basic-148, diseñado para uso doméstico, empresarial o profesional.",22716.27,31,Proveedor 15,Disponible
1340,Antena PtMP Intel Business-105,Redes,Intel,Business-105,"Antena PtMP de Intel, modelo Business-105, diseñado para uso doméstico, empresarial o profesional.",13638.16,60,Proveedor 24,Disponible
1341,Conector RJ45 Intel Business-742,Redes,Intel,Business-742,"Conector RJ45 de Intel, modelo Business-742, diseñado para uso doméstico, empresarial o profesional.",19992.37,59,Proveedor 12,Disponible
1342,Antena PtMP Kingston Business-903,Redes,Kingston,Business-903,"Antena PtMP de Kingston, modelo Business-903, diseñado para uso doméstico, empresarial o profesional.",24467.17,146,Proveedor 22,Disponible
1343,Teléfono IP Huawei Max-855,Redes,Huawei,Max-855,"Teléfono IP de Huawei, modelo Max-855, diseñado para uso doméstico, empresarial o profesional.",7489.19,83,Proveedor 17,Disponible
1344,Conector RJ45 Acer Enterprise-897,Redes,Acer,Enterprise-897,"Conector RJ45 de Acer, modelo Enterprise-897, diseñado para uso doméstico, empresarial o profesional.",10889.12,25,Proveedor 05,Disponible
1345,Patch panel Ubiquiti Basic-194,Redes,Ubiquiti,Basic-194,"Patch panel de Ubiquiti, modelo Basic-194, diseñado para uso doméstico, empresarial o profesional.",1940.83,33,Proveedor 16,Disponible
1346,Antena PtP Hikvision Basic-478,Redes,Hikvision,Basic-478,"Antena PtP de Hikvision, modelo Basic-478, diseñado para uso doméstico, empresarial o profesional.",20330.53,103,Proveedor 19,Disponible
1347,Cable UTP APC Enterprise-504,Redes,APC,Enterprise-504,"Cable UTP de APC, modelo Enterprise-504, diseñado para uso doméstico, empresarial o profesional.",26170.68,149,Proveedor 16,Disponible
1348,Patch panel Hikvision Business-601,Redes,Hikvision,Business-601,"Patch panel de Hikvision, modelo Business-601, diseñado para uso doméstico, empresarial o profesional.",21972.97,106,Proveedor 06,Disponible
1349,Teléfono IP APC Pro-596,Redes,APC,Pro-596,"Teléfono IP de APC, modelo Pro-596, diseñado para uso doméstico, empresarial o profesional.",21357.62,33,Proveedor 23,Disponible
1350,Cable UTP APC Basic-811,Redes,APC,Basic-811,"Cable UTP de APC, modelo Basic-811, diseñado para uso doméstico, empresarial o profesional.",6442.26,121,Proveedor 02,Disponible
1351,Teléfono IP Tripp Lite Plus-221,Redes,Tripp Lite,Plus-221,"Teléfono IP de Tripp Lite, modelo Plus-221, diseñado para uso doméstico, empresarial o profesional.",18079.88,104,Proveedor 04,Disponible
1352,Cámara IP LG Max-396,Redes,LG,Max-396,"Cámara IP de LG, modelo Max-396, diseñado para uso doméstico, empresarial o profesional.",1285.24,39,Proveedor 04,Disponible
1353,Firewall Kingston Plus-410,Redes,Kingston,Plus-410,"Firewall de Kingston, modelo Plus-410, diseñado para uso doméstico, empresarial o profesional.",8875.92,7,Proveedor 05,Disponible
1354,Teléfono IP Intel Ultra-149,Redes,Intel,Ultra-149,"Teléfono IP de Intel, modelo Ultra-149, diseñado para uso doméstico, empresarial o profesional.",28109.67,78,Proveedor 10,Disponible
1355,Antena PtP ASUS Enterprise-857,Redes,ASUS,Enterprise-857,"Antena PtP de ASUS, modelo Enterprise-857, diseñado para uso doméstico, empresarial o profesional.",14704.71,31,Proveedor 18,Disponible
1356,Firewall Dell Enterprise-145,Redes,Dell,Enterprise-145,"Firewall de Dell, modelo Enterprise-145, diseñado para uso doméstico, empresarial o profesional.",12573.85,146,Proveedor 10,Disponible
1357,Conector RJ45 Hikvision Plus-900,Redes,Hikvision,Plus-900,"Conector RJ45 de Hikvision, modelo Plus-900, diseñado para uso doméstico, empresarial o profesional.",11368.98,33,Proveedor 25,Disponible
1358,Teléfono IP APC Business-571,Redes,APC,Business-571,"Teléfono IP de APC, modelo Business-571, diseñado para uso doméstico, empresarial o profesional.",22869.43,114,Proveedor 05,Disponible
1359,Firewall Dell Enterprise-739,Redes,Dell,Enterprise-739,"Firewall de Dell, modelo Enterprise-739, diseñado para uso doméstico, empresarial o profesional.",19961.91,104,Proveedor 13,Disponible
1360,Antena PtP Huawei Plus-653,Redes,Huawei,Plus-653,"Antena PtP de Huawei, modelo Plus-653, diseñado para uso doméstico, empresarial o profesional.",1450.93,113,Proveedor 24,Disponible
1361,Antena PtMP Dell Enterprise-269,Redes,Dell,Enterprise-269,"Antena PtMP de Dell, modelo Enterprise-269, diseñado para uso doméstico, empresarial o profesional.",21239.68,146,Proveedor 21,Disponible
1362,Antena PtMP Tripp Lite Business-226,Redes,Tripp Lite,Business-226,"Antena PtMP de Tripp Lite, modelo Business-226, diseñado para uso doméstico, empresarial o profesional.",19345.91,21,Proveedor 07,Disponible
1363,Conector RJ45 Tripp Lite Max-875,Redes,Tripp Lite,Max-875,"Conector RJ45 de Tripp Lite, modelo Max-875, diseñado para uso doméstico, empresarial o profesional.",1662.0,145,Proveedor 17,Disponible
1364,Antena PtP Brother Max-119,Redes,Brother,Max-119,"Antena PtP de Brother, modelo Max-119, diseñado para uso doméstico, empresarial o profesional.",3678.87,136,Proveedor 06,Disponible
1365,Punto de acceso WiFi Logitech Enterprise-310,Redes,Logitech,Enterprise-310,"Punto de acceso WiFi de Logitech, modelo Enterprise-310, diseñado para uso doméstico, empresarial o profesional.",7418.98,148,Proveedor 15,Disponible
1366,Cámara IP Tripp Lite Max-428,Redes,Tripp Lite,Max-428,"Cámara IP de Tripp Lite, modelo Max-428, diseñado para uso doméstico, empresarial o profesional.",12101.79,11,Proveedor 16,Disponible
1367,Punto de acceso WiFi Samsung Ultra-284,Redes,Samsung,Ultra-284,"Punto de acceso WiFi de Samsung, modelo Ultra-284, diseñado para uso doméstico, empresarial o profesional.",12494.9,135,Proveedor 11,Disponible
1368,Patch panel Logitech Basic-217,Redes,Logitech,Basic-217,"Patch panel de Logitech, modelo Basic-217, diseñado para uso doméstico, empresarial o profesional.",29395.2,138,Proveedor 06,Disponible
1369,Antena PtMP Lenovo Pro-361,Redes,Lenovo,Pro-361,"Antena PtMP de Lenovo, modelo Pro-361, diseñado para uso doméstico, empresarial o profesional.",23067.68,39,Proveedor 10,Disponible
1370,Patch panel ASUS Basic-729,Redes,ASUS,Basic-729,"Patch panel de ASUS, modelo Basic-729, diseñado para uso doméstico, empresarial o profesional.",28836.81,46,Proveedor 01,Disponible
1371,Punto de acceso WiFi Kingston Ultra-201,Redes,Kingston,Ultra-201,"Punto de acceso WiFi de Kingston, modelo Ultra-201, diseñado para uso doméstico, empresarial o profesional.",9655.64,105,Proveedor 11,Disponible
1372,Antena PtMP Huawei Enterprise-223,Redes,Huawei,Enterprise-223,"Antena PtMP de Huawei, modelo Enterprise-223, diseñado para uso doméstico, empresarial o profesional.",1632.19,61,Proveedor 25,Disponible
1373,Conector RJ45 Intel Pro-604,Redes,Intel,Pro-604,"Conector RJ45 de Intel, modelo Pro-604, diseñado para uso doméstico, empresarial o profesional.",15297.95,129,Proveedor 13,Disponible
1374,Cámara IP Logitech Basic-425,Redes,Logitech,Basic-425,"Cámara IP de Logitech, modelo Basic-425, diseñado para uso doméstico, empresarial o profesional.",13987.52,104,Proveedor 03,Disponible
1375,Rack TP-Link Ultra-748,Redes,TP-Link,Ultra-748,"Rack de TP-Link, modelo Ultra-748, diseñado para uso doméstico, empresarial o profesional.",7073.51,4,Proveedor 09,Disponible
1376,Cable UTP Intel Business-203,Redes,Intel,Business-203,"Cable UTP de Intel, modelo Business-203, diseñado para uso doméstico, empresarial o profesional.",7449.78,142,Proveedor 21,Disponible
1377,Teléfono IP Kingston Max-516,Redes,Kingston,Max-516,"Teléfono IP de Kingston, modelo Max-516, diseñado para uso doméstico, empresarial o profesional.",13423.79,128,Proveedor 07,Disponible
1378,Teléfono IP LG Max-272,Redes,LG,Max-272,"Teléfono IP de LG, modelo Max-272, diseñado para uso doméstico, empresarial o profesional.",23478.15,137,Proveedor 14,Disponible
1379,Cable UTP Hikvision Basic-101,Redes,Hikvision,Basic-101,"Cable UTP de Hikvision, modelo Basic-101, diseñado para uso doméstico, empresarial o profesional.",24394.3,74,Proveedor 21,Disponible
1380,Teléfono IP TP-Link Basic-593,Redes,TP-Link,Basic-593,"Teléfono IP de TP-Link, modelo Basic-593, diseñado para uso doméstico, empresarial o profesional.",8257.22,64,Proveedor 22,Disponible
1381,Patch panel LG Enterprise-747,Redes,LG,Enterprise-747,"Patch panel de LG, modelo Enterprise-747, diseñado para uso doméstico, empresarial o profesional.",6445.6,130,Proveedor 10,Disponible
1382,Punto de acceso WiFi ASUS Business-646,Redes,ASUS,Business-646,"Punto de acceso WiFi de ASUS, modelo Business-646, diseñado para uso doméstico, empresarial o profesional.",16927.4,76,Proveedor 03,Disponible
1383,Patch panel HP Enterprise-243,Redes,HP,Enterprise-243,"Patch panel de HP, modelo Enterprise-243, diseñado para uso doméstico, empresarial o profesional.",21774.21,71,Proveedor 14,Disponible
1384,Antena PtP AMD Max-921,Redes,AMD,Max-921,"Antena PtP de AMD, modelo Max-921, diseñado para uso doméstico, empresarial o profesional.",9603.65,87,Proveedor 21,Disponible
1385,Antena PtMP Hikvision Plus-351,Redes,Hikvision,Plus-351,"Antena PtMP de Hikvision, modelo Plus-351, diseñado para uso doméstico, empresarial o profesional.",19895.33,82,Proveedor 11,Disponible
1386,Antena PtP Hikvision Max-436,Redes,Hikvision,Max-436,"Antena PtP de Hikvision, modelo Max-436, diseñado para uso doméstico, empresarial o profesional.",554.97,34,Proveedor 21,Disponible
1387,Punto de acceso WiFi AMD Ultra-104,Redes,AMD,Ultra-104,"Punto de acceso WiFi de AMD, modelo Ultra-104, diseñado para uso doméstico, empresarial o profesional.",27051.23,44,Proveedor 14,Disponible
1388,Cable UTP Brother Enterprise-502,Redes,Brother,Enterprise-502,"Cable UTP de Brother, modelo Enterprise-502, diseñado para uso doméstico, empresarial o profesional.",16180.89,19,Proveedor 18,Disponible
1389,Punto de acceso WiFi Hikvision Business-226,Redes,Hikvision,Business-226,"Punto de acceso WiFi de Hikvision, modelo Business-226, diseñado para uso doméstico, empresarial o profesional.",10641.6,96,Proveedor 20,Disponible
1390,Firewall Huawei Pro-959,Redes,Huawei,Pro-959,"Firewall de Huawei, modelo Pro-959, diseñado para uso doméstico, empresarial o profesional.",23057.54,2,Proveedor 04,Disponible
1391,Rack LG Pro-555,Redes,LG,Pro-555,"Rack de LG, modelo Pro-555, diseñado para uso doméstico, empresarial o profesional.",360.15,5,Proveedor 25,Disponible
1392,Antena PtMP LG Pro-192,Redes,LG,Pro-192,"Antena PtMP de LG, modelo Pro-192, diseñado para uso doméstico, empresarial o profesional.",24503.12,77,Proveedor 23,Disponible
1393,Antena PtP Epson Ultra-471,Redes,Epson,Ultra-471,"Antena PtP de Epson, modelo Ultra-471, diseñado para uso doméstico, empresarial o profesional.",1180.94,126,Proveedor 23,Disponible
1394,Conector RJ45 Acer Basic-300,Redes,Acer,Basic-300,"Conector RJ45 de Acer, modelo Basic-300, diseñado para uso doméstico, empresarial o profesional.",29529.17,101,Proveedor 04,Disponible
1395,Antena PtMP Intel Max-605,Redes,Intel,Max-605,"Antena PtMP de Intel, modelo Max-605, diseñado para uso doméstico, empresarial o profesional.",5180.67,49,Proveedor 22,Disponible
1396,Conector RJ45 AMD Max-279,Redes,AMD,Max-279,"Conector RJ45 de AMD, modelo Max-279, diseñado para uso doméstico, empresarial o profesional.",2035.59,32,Proveedor 24,Disponible
1397,Cámara IP Lenovo Plus-683,Redes,Lenovo,Plus-683,"Cámara IP de Lenovo, modelo Plus-683, diseñado para uso doméstico, empresarial o profesional.",25675.93,133,Proveedor 24,Disponible
1398,Antena PtMP Acer Enterprise-794,Redes,Acer,Enterprise-794,"Antena PtMP de Acer, modelo Enterprise-794, diseñado para uso doméstico, empresarial o profesional.",771.68,136,Proveedor 20,Disponible
1399,Antena PtMP Tripp Lite Ultra-102,Redes,Tripp Lite,Ultra-102,"Antena PtMP de Tripp Lite, modelo Ultra-102, diseñado para uso doméstico, empresarial o profesional.",28141.68,13,Proveedor 11,Disponible
1400,Patch panel Ubiquiti Plus-224,Redes,Ubiquiti,Plus-224,"Patch panel de Ubiquiti, modelo Plus-224, diseñado para uso doméstico, empresarial o profesional.",20430.79,119,Proveedor 16,Disponible
1401,Firewall APC Enterprise-144,Redes,APC,Enterprise-144,"Firewall de APC, modelo Enterprise-144, diseñado para uso doméstico, empresarial o profesional.",26523.37,57,Proveedor 02,Disponible
1402,Antena PtMP Ubiquiti Max-559,Redes,Ubiquiti,Max-559,"Antena PtMP de Ubiquiti, modelo Max-559, diseñado para uso doméstico, empresarial o profesional.",9541.96,100,Proveedor 07,Disponible
1403,Firewall Dell Max-927,Redes,Dell,Max-927,"Firewall de Dell, modelo Max-927, diseñado para uso doméstico, empresarial o profesional.",839.13,57,Proveedor 23,Disponible
1404,Patch panel Dell Pro-301,Redes,Dell,Pro-301,"Patch panel de Dell, modelo Pro-301, diseñado para uso doméstico, empresarial o profesional.",5001.29,79,Proveedor 03,Disponible
1405,Cámara IP TP-Link Ultra-542,Redes,TP-Link,Ultra-542,"Cámara IP de TP-Link, modelo Ultra-542, diseñado para uso doméstico, empresarial o profesional.",24257.13,85,Proveedor 09,Disponible
1406,Antena PtP HP Ultra-344,Redes,HP,Ultra-344,"Antena PtP de HP, modelo Ultra-344, diseñado para uso doméstico, empresarial o profesional.",28767.38,13,Proveedor 11,Disponible
1407,Cable UTP Epson Basic-894,Redes,Epson,Basic-894,"Cable UTP de Epson, modelo Basic-894, diseñado para uso doméstico, empresarial o profesional.",18030.94,112,Proveedor 25,Disponible
1408,Cámara IP Hikvision Max-227,Redes,Hikvision,Max-227,"Cámara IP de Hikvision, modelo Max-227, diseñado para uso doméstico, empresarial o profesional.",2639.2,15,Proveedor 02,Disponible
1409,Patch panel Samsung Enterprise-810,Redes,Samsung,Enterprise-810,"Patch panel de Samsung, modelo Enterprise-810, diseñado para uso doméstico, empresarial o profesional.",2025.64,32,Proveedor 02,Disponible
1410,Rack Cisco Plus-725,Redes,Cisco,Plus-725,"Rack de Cisco, modelo Plus-725, diseñado para uso doméstico, empresarial o profesional.",18815.46,16,Proveedor 04,Disponible
1411,Punto de acceso WiFi Tripp Lite Basic-401,Redes,Tripp Lite,Basic-401,"Punto de acceso WiFi de Tripp Lite, modelo Basic-401, diseñado para uso doméstico, empresarial o profesional.",25509.89,102,Proveedor 04,Disponible
1412,Conector RJ45 Ubiquiti Pro-985,Redes,Ubiquiti,Pro-985,"Conector RJ45 de Ubiquiti, modelo Pro-985, diseñado para uso doméstico, empresarial o profesional.",18019.31,2,Proveedor 15,Disponible
1413,Patch panel Hikvision Enterprise-538,Redes,Hikvision,Enterprise-538,"Patch panel de Hikvision, modelo Enterprise-538, diseñado para uso doméstico, empresarial o profesional.",26407.75,25,Proveedor 11,Disponible
1414,Punto de acceso WiFi Hikvision Max-436,Redes,Hikvision,Max-436,"Punto de acceso WiFi de Hikvision, modelo Max-436, diseñado para uso doméstico, empresarial o profesional.",17667.38,27,Proveedor 04,Disponible
1415,Punto de acceso WiFi AMD Business-169,Redes,AMD,Business-169,"Punto de acceso WiFi de AMD, modelo Business-169, diseñado para uso doméstico, empresarial o profesional.",17819.16,49,Proveedor 19,Disponible
1416,Teléfono IP APC Plus-463,Redes,APC,Plus-463,"Teléfono IP de APC, modelo Plus-463, diseñado para uso doméstico, empresarial o profesional.",12676.53,113,Proveedor 06,Disponible
1417,Antena PtP Lenovo Enterprise-145,Redes,Lenovo,Enterprise-145,"Antena PtP de Lenovo, modelo Enterprise-145, diseñado para uso doméstico, empresarial o profesional.",1889.9,79,Proveedor 19,Disponible
1418,Patch panel APC Business-872,Redes,APC,Business-872,"Patch panel de APC, modelo Business-872, diseñado para uso doméstico, empresarial o profesional.",10783.69,149,Proveedor 18,Disponible
1419,Teléfono IP Lenovo Ultra-416,Redes,Lenovo,Ultra-416,"Teléfono IP de Lenovo, modelo Ultra-416, diseñado para uso doméstico, empresarial o profesional.",18131.62,74,Proveedor 12,Disponible
1420,Punto de acceso WiFi APC Max-773,Redes,APC,Max-773,"Punto de acceso WiFi de APC, modelo Max-773, diseñado para uso doméstico, empresarial o profesional.",20374.75,14,Proveedor 08,Disponible
1421,Cable UTP Tripp Lite Enterprise-155,Redes,Tripp Lite,Enterprise-155,"Cable UTP de Tripp Lite, modelo Enterprise-155, diseñado para uso doméstico, empresarial o profesional.",12708.07,50,Proveedor 07,Disponible
1422,Antena PtP Dell Plus-293,Redes,Dell,Plus-293,"Antena PtP de Dell, modelo Plus-293, diseñado para uso doméstico, empresarial o profesional.",20062.38,119,Proveedor 20,Disponible
1423,Firewall Intel Max-443,Redes,Intel,Max-443,"Firewall de Intel, modelo Max-443, diseñado para uso doméstico, empresarial o profesional.",18513.81,107,Proveedor 11,Disponible
1424,Teléfono IP HP Ultra-997,Redes,HP,Ultra-997,"Teléfono IP de HP, modelo Ultra-997, diseñado para uso doméstico, empresarial o profesional.",23692.61,10,Proveedor 16,Disponible
1425,Antena PtP TP-Link Business-328,Redes,TP-Link,Business-328,"Antena PtP de TP-Link, modelo Business-328, diseñado para uso doméstico, empresarial o profesional.",20821.16,119,Proveedor 20,Disponible
1426,Antena PtP Epson Ultra-852,Redes,Epson,Ultra-852,"Antena PtP de Epson, modelo Ultra-852, diseñado para uso doméstico, empresarial o profesional.",23068.98,84,Proveedor 24,Disponible
1427,Patch panel Acer Ultra-288,Redes,Acer,Ultra-288,"Patch panel de Acer, modelo Ultra-288, diseñado para uso doméstico, empresarial o profesional.",24796.44,1,Proveedor 12,Disponible
1428,Punto de acceso WiFi Dell Plus-130,Redes,Dell,Plus-130,"Punto de acceso WiFi de Dell, modelo Plus-130, diseñado para uso doméstico, empresarial o profesional.",16676.37,36,Proveedor 10,Disponible
1429,Rack Acer Business-699,Redes,Acer,Business-699,"Rack de Acer, modelo Business-699, diseñado para uso doméstico, empresarial o profesional.",27388.25,92,Proveedor 02,Disponible
1430,Punto de acceso WiFi Acer Pro-390,Redes,Acer,Pro-390,"Punto de acceso WiFi de Acer, modelo Pro-390, diseñado para uso doméstico, empresarial o profesional.",5290.47,67,Proveedor 24,Disponible
1431,Teléfono IP Samsung Enterprise-667,Redes,Samsung,Enterprise-667,"Teléfono IP de Samsung, modelo Enterprise-667, diseñado para uso doméstico, empresarial o profesional.",7439.25,50,Proveedor 01,Disponible
1432,Teléfono IP Logitech Basic-121,Redes,Logitech,Basic-121,"Teléfono IP de Logitech, modelo Basic-121, diseñado para uso doméstico, empresarial o profesional.",24956.86,35,Proveedor 13,Disponible
1433,Cámara IP Samsung Pro-412,Redes,Samsung,Pro-412,"Cámara IP de Samsung, modelo Pro-412, diseñado para uso doméstico, empresarial o profesional.",13729.61,94,Proveedor 12,Disponible
1434,Teléfono IP APC Enterprise-738,Redes,APC,Enterprise-738,"Teléfono IP de APC, modelo Enterprise-738, diseñado para uso doméstico, empresarial o profesional.",26459.38,16,Proveedor 04,Disponible
1435,Teléfono IP Lenovo Enterprise-294,Redes,Lenovo,Enterprise-294,"Teléfono IP de Lenovo, modelo Enterprise-294, diseñado para uso doméstico, empresarial o profesional.",5815.1,96,Proveedor 23,Disponible
1436,Firewall Samsung Max-539,Redes,Samsung,Max-539,"Firewall de Samsung, modelo Max-539, diseñado para uso doméstico, empresarial o profesional.",29311.29,62,Proveedor 02,Disponible
1437,Conector RJ45 Intel Pro-974,Redes,Intel,Pro-974,"Conector RJ45 de Intel, modelo Pro-974, diseñado para uso doméstico, empresarial o profesional.",16101.21,38,Proveedor 11,Disponible
1438,Antena PtP Cisco Business-914,Redes,Cisco,Business-914,"Antena PtP de Cisco, modelo Business-914, diseñado para uso doméstico, empresarial o profesional.",8459.79,32,Proveedor 17,Disponible
1439,Conector RJ45 Brother Pro-844,Redes,Brother,Pro-844,"Conector RJ45 de Brother, modelo Pro-844, diseñado para uso doméstico, empresarial o profesional.",2515.72,120,Proveedor 22,Disponible
1440,Conector RJ45 Dell Pro-620,Redes,Dell,Pro-620,"Conector RJ45 de Dell, modelo Pro-620, diseñado para uso doméstico, empresarial o profesional.",11692.43,130,Proveedor 12,Disponible
1441,Rack APC Ultra-283,Redes,APC,Ultra-283,"Rack de APC, modelo Ultra-283, diseñado para uso doméstico, empresarial o profesional.",9708.95,95,Proveedor 17,Disponible
1442,Rack Brother Ultra-374,Redes,Brother,Ultra-374,"Rack de Brother, modelo Ultra-374, diseñado para uso doméstico, empresarial o profesional.",17469.11,149,Proveedor 21,Disponible
1443,Punto de acceso WiFi Acer Pro-307,Redes,Acer,Pro-307,"Punto de acceso WiFi de Acer, modelo Pro-307, diseñado para uso doméstico, empresarial o profesional.",13606.24,60,Proveedor 13,Disponible
1444,Antena PtP Kingston Ultra-486,Redes,Kingston,Ultra-486,"Antena PtP de Kingston, modelo Ultra-486, diseñado para uso doméstico, empresarial o profesional.",17175.4,95,Proveedor 09,Disponible
1445,Cable UTP Dell Pro-869,Redes,Dell,Pro-869,"Cable UTP de Dell, modelo Pro-869, diseñado para uso doméstico, empresarial o profesional.",2594.12,113,Proveedor 17,Disponible
1446,Firewall Epson Max-142,Redes,Epson,Max-142,"Firewall de Epson, modelo Max-142, diseñado para uso doméstico, empresarial o profesional.",14000.37,86,Proveedor 14,Disponible
1447,Rack Hikvision Ultra-518,Redes,Hikvision,Ultra-518,"Rack de Hikvision, modelo Ultra-518, diseñado para uso doméstico, empresarial o profesional.",11075.96,127,Proveedor 11,Disponible
1448,Antena PtMP Huawei Basic-283,Redes,Huawei,Basic-283,"Antena PtMP de Huawei, modelo Basic-283, diseñado para uso doméstico, empresarial o profesional.",13295.32,67,Proveedor 21,Disponible
1449,Cámara IP LG Basic-401,Redes,LG,Basic-401,"Cámara IP de LG, modelo Basic-401, diseñado para uso doméstico, empresarial o profesional.",25290.69,131,Proveedor 18,Disponible
1450,Cámara IP Logitech Pro-200,Redes,Logitech,Pro-200,"Cámara IP de Logitech, modelo Pro-200, diseñado para uso doméstico, empresarial o profesional.",3628.15,92,Proveedor 02,Disponible
1451,Cable UTP Acer Plus-301,Redes,Acer,Plus-301,"Cable UTP de Acer, modelo Plus-301, diseñado para uso doméstico, empresarial o profesional.",20279.21,64,Proveedor 10,Disponible
1452,Antena PtMP Acer Business-718,Redes,Acer,Business-718,"Antena PtMP de Acer, modelo Business-718, diseñado para uso doméstico, empresarial o profesional.",29940.03,139,Proveedor 09,Disponible
1453,Punto de acceso WiFi Kingston Plus-942,Redes,Kingston,Plus-942,"Punto de acceso WiFi de Kingston, modelo Plus-942, diseñado para uso doméstico, empresarial o profesional.",10451.24,103,Proveedor 13,Disponible
1454,Conector RJ45 TP-Link Ultra-769,Redes,TP-Link,Ultra-769,"Conector RJ45 de TP-Link, modelo Ultra-769, diseñado para uso doméstico, empresarial o profesional.",15418.4,38,Proveedor 13,Disponible
1455,Antena PtP Epson Business-867,Redes,Epson,Business-867,"Antena PtP de Epson, modelo Business-867, diseñado para uso doméstico, empresarial o profesional.",6359.46,59,Proveedor 17,Disponible
1456,Conector RJ45 Tripp Lite Enterprise-579,Redes,Tripp Lite,Enterprise-579,"Conector RJ45 de Tripp Lite, modelo Enterprise-579, diseñado para uso doméstico, empresarial o profesional.",21697.51,118,Proveedor 11,Disponible
1457,Cámara IP Samsung Enterprise-292,Redes,Samsung,Enterprise-292,"Cámara IP de Samsung, modelo Enterprise-292, diseñado para uso doméstico, empresarial o profesional.",12909.49,106,Proveedor 07,Disponible
1458,Rack Hikvision Enterprise-671,Redes,Hikvision,Enterprise-671,"Rack de Hikvision, modelo Enterprise-671, diseñado para uso doméstico, empresarial o profesional.",980.71,35,Proveedor 19,Disponible
1459,Teléfono IP Kingston Business-109,Redes,Kingston,Business-109,"Teléfono IP de Kingston, modelo Business-109, diseñado para uso doméstico, empresarial o profesional.",15034.02,90,Proveedor 11,Disponible
1460,Antena PtP Ubiquiti Ultra-802,Redes,Ubiquiti,Ultra-802,"Antena PtP de Ubiquiti, modelo Ultra-802, diseñado para uso doméstico, empresarial o profesional.",22598.58,137,Proveedor 10,Disponible
1461,Firewall Intel Basic-681,Redes,Intel,Basic-681,"Firewall de Intel, modelo Basic-681, diseñado para uso doméstico, empresarial o profesional.",23577.91,35,Proveedor 05,Disponible
1462,Firewall Intel Business-918,Redes,Intel,Business-918,"Firewall de Intel, modelo Business-918, diseñado para uso doméstico, empresarial o profesional.",18121.84,146,Proveedor 13,Disponible
1463,Patch panel Acer Ultra-165,Redes,Acer,Ultra-165,"Patch panel de Acer, modelo Ultra-165, diseñado para uso doméstico, empresarial o profesional.",16071.96,48,Proveedor 16,Disponible
1464,Cámara IP Samsung Max-562,Redes,Samsung,Max-562,"Cámara IP de Samsung, modelo Max-562, diseñado para uso doméstico, empresarial o profesional.",19198.98,77,Proveedor 03,Disponible
1465,Teléfono IP HP Business-666,Redes,HP,Business-666,"Teléfono IP de HP, modelo Business-666, diseñado para uso doméstico, empresarial o profesional.",5394.87,125,Proveedor 01,Disponible
1466,Teléfono IP Acer Basic-495,Redes,Acer,Basic-495,"Teléfono IP de Acer, modelo Basic-495, diseñado para uso doméstico, empresarial o profesional.",8571.82,59,Proveedor 10,Disponible
1467,Cable UTP Dell Ultra-158,Redes,Dell,Ultra-158,"Cable UTP de Dell, modelo Ultra-158, diseñado para uso doméstico, empresarial o profesional.",11110.08,2,Proveedor 06,Disponible
1468,Firewall Ubiquiti Ultra-260,Redes,Ubiquiti,Ultra-260,"Firewall de Ubiquiti, modelo Ultra-260, diseñado para uso doméstico, empresarial o profesional.",29688.69,33,Proveedor 18,Disponible
1469,Patch panel Brother Business-170,Redes,Brother,Business-170,"Patch panel de Brother, modelo Business-170, diseñado para uso doméstico, empresarial o profesional.",11718.67,52,Proveedor 05,Disponible
1470,Antena PtP Kingston Ultra-937,Redes,Kingston,Ultra-937,"Antena PtP de Kingston, modelo Ultra-937, diseñado para uso doméstico, empresarial o profesional.",21313.37,121,Proveedor 06,Disponible
1471,Conector RJ45 Intel Plus-701,Redes,Intel,Plus-701,"Conector RJ45 de Intel, modelo Plus-701, diseñado para uso doméstico, empresarial o profesional.",6152.95,117,Proveedor 09,Disponible
1472,Antena PtP TP-Link Pro-556,Redes,TP-Link,Pro-556,"Antena PtP de TP-Link, modelo Pro-556, diseñado para uso doméstico, empresarial o profesional.",1993.98,102,Proveedor 20,Disponible
1473,Antena PtP APC Plus-682,Redes,APC,Plus-682,"Antena PtP de APC, modelo Plus-682, diseñado para uso doméstico, empresarial o profesional.",26386.84,117,Proveedor 15,Disponible
1474,Conector RJ45 Cisco Business-193,Redes,Cisco,Business-193,"Conector RJ45 de Cisco, modelo Business-193, diseñado para uso doméstico, empresarial o profesional.",8694.32,116,Proveedor 12,Disponible
1475,Antena PtMP Huawei Max-943,Redes,Huawei,Max-943,"Antena PtMP de Huawei, modelo Max-943, diseñado para uso doméstico, empresarial o profesional.",24314.74,44,Proveedor 14,Disponible
1476,Antena PtP ASUS Max-850,Redes,ASUS,Max-850,"Antena PtP de ASUS, modelo Max-850, diseñado para uso doméstico, empresarial o profesional.",13007.73,98,Proveedor 22,Disponible
1477,Teléfono IP Intel Basic-502,Redes,Intel,Basic-502,"Teléfono IP de Intel, modelo Basic-502, diseñado para uso doméstico, empresarial o profesional.",20983.45,11,Proveedor 08,Disponible
1478,Teléfono IP Logitech Business-650,Redes,Logitech,Business-650,"Teléfono IP de Logitech, modelo Business-650, diseñado para uso doméstico, empresarial o profesional.",8813.34,17,Proveedor 23,Disponible
1479,Antena PtP Brother Ultra-880,Redes,Brother,Ultra-880,"Antena PtP de Brother, modelo Ultra-880, diseñado para uso doméstico, empresarial o profesional.",16620.49,94,Proveedor 03,Disponible
1480,Cámara IP APC Enterprise-898,Redes,APC,Enterprise-898,"Cámara IP de APC, modelo Enterprise-898, diseñado para uso doméstico, empresarial o profesional.",9834.31,115,Proveedor 06,Disponible
1481,Antena PtMP Acer Max-145,Redes,Acer,Max-145,"Antena PtMP de Acer, modelo Max-145, diseñado para uso doméstico, empresarial o profesional.",13908.05,18,Proveedor 21,Disponible
1482,Rack Huawei Plus-863,Redes,Huawei,Plus-863,"Rack de Huawei, modelo Plus-863, diseñado para uso doméstico, empresarial o profesional.",12028.31,49,Proveedor 13,Disponible
1483,Punto de acceso WiFi TP-Link Plus-217,Redes,TP-Link,Plus-217,"Punto de acceso WiFi de TP-Link, modelo Plus-217, diseñado para uso doméstico, empresarial o profesional.",21296.26,34,Proveedor 11,Disponible
1484,Rack Brother Ultra-169,Redes,Brother,Ultra-169,"Rack de Brother, modelo Ultra-169, diseñado para uso doméstico, empresarial o profesional.",2549.86,62,Proveedor 23,Disponible
1485,Rack Lenovo Ultra-940,Redes,Lenovo,Ultra-940,"Rack de Lenovo, modelo Ultra-940, diseñado para uso doméstico, empresarial o profesional.",8431.93,41,Proveedor 06,Disponible
1486,Punto de acceso WiFi AMD Basic-281,Redes,AMD,Basic-281,"Punto de acceso WiFi de AMD, modelo Basic-281, diseñado para uso doméstico, empresarial o profesional.",8880.81,136,Proveedor 24,Disponible
1487,Patch panel ASUS Basic-787,Redes,ASUS,Basic-787,"Patch panel de ASUS, modelo Basic-787, diseñado para uso doméstico, empresarial o profesional.",22926.58,69,Proveedor 05,Disponible
1488,Rack LG Pro-321,Redes,LG,Pro-321,"Rack de LG, modelo Pro-321, diseñado para uso doméstico, empresarial o profesional.",21455.22,136,Proveedor 07,Disponible
1489,Rack Cisco Enterprise-750,Redes,Cisco,Enterprise-750,"Rack de Cisco, modelo Enterprise-750, diseñado para uso doméstico, empresarial o profesional.",24360.43,26,Proveedor 13,Disponible
1490,Antena PtMP Hikvision Basic-712,Redes,Hikvision,Basic-712,"Antena PtMP de Hikvision, modelo Basic-712, diseñado para uso doméstico, empresarial o profesional.",219.6,96,Proveedor 25,Disponible
1491,Antena PtP Epson Plus-344,Redes,Epson,Plus-344,"Antena PtP de Epson, modelo Plus-344, diseñado para uso doméstico, empresarial o profesional.",6063.57,4,Proveedor 14,Disponible
1492,Punto de acceso WiFi TP-Link Plus-940,Redes,TP-Link,Plus-940,"Punto de acceso WiFi de TP-Link, modelo Plus-940, diseñado para uso doméstico, empresarial o profesional.",5829.18,16,Proveedor 08,Disponible
1493,Cámara IP ASUS Business-271,Redes,ASUS,Business-271,"Cámara IP de ASUS, modelo Business-271, diseñado para uso doméstico, empresarial o profesional.",1396.85,131,Proveedor 04,Disponible
1494,Firewall Samsung Max-741,Redes,Samsung,Max-741,"Firewall de Samsung, modelo Max-741, diseñado para uso doméstico, empresarial o profesional.",5751.26,53,Proveedor 18,Disponible
1495,Patch panel Ubiquiti Basic-337,Redes,Ubiquiti,Basic-337,"Patch panel de Ubiquiti, modelo Basic-337, diseñado para uso doméstico, empresarial o profesional.",6476.3,91,Proveedor 11,Disponible
1496,Teléfono IP TP-Link Ultra-769,Redes,TP-Link,Ultra-769,"Teléfono IP de TP-Link, modelo Ultra-769, diseñado para uso doméstico, empresarial o profesional.",9541.91,99,Proveedor 07,Disponible
1497,Rack Epson Basic-773,Redes,Epson,Basic-773,"Rack de Epson, modelo Basic-773, diseñado para uso doméstico, empresarial o profesional.",24467.34,94,Proveedor 02,Disponible
1498,Cámara IP Acer Ultra-408,Redes,Acer,Ultra-408,"Cámara IP de Acer, modelo Ultra-408, diseñado para uso doméstico, empresarial o profesional.",23044.95,127,Proveedor 04,Disponible
1499,Cable UTP Intel Pro-357,Redes,Intel,Pro-357,"Cable UTP de Intel, modelo Pro-357, diseñado para uso doméstico, empresarial o profesional.",28774.32,83,Proveedor 21,Disponible
1500,Patch panel Lenovo Plus-279,Redes,Lenovo,Plus-279,"Patch panel de Lenovo, modelo Plus-279, diseñado para uso doméstico, empresarial o profesional.",19089.78,81,Proveedor 22,Disponible
1501,Rack Dell Plus-118,Redes,Dell,Plus-118,"Rack de Dell, modelo Plus-118, diseñado para uso doméstico, empresarial o profesional.",18287.32,149,Proveedor 15,Disponible
1502,Patch panel APC Business-859,Redes,APC,Business-859,"Patch panel de APC, modelo Business-859, diseñado para uso doméstico, empresarial o profesional.",7034.17,150,Proveedor 23,Disponible
1503,Punto de acceso WiFi Epson Basic-731,Redes,Epson,Basic-731,"Punto de acceso WiFi de Epson, modelo Basic-731, diseñado para uso doméstico, empresarial o profesional.",22787.52,31,Proveedor 10,Disponible
1504,Antena PtP Ubiquiti Enterprise-349,Redes,Ubiquiti,Enterprise-349,"Antena PtP de Ubiquiti, modelo Enterprise-349, diseñado para uso doméstico, empresarial o profesional.",18623.41,15,Proveedor 05,Disponible
1505,Firewall Brother Plus-306,Redes,Brother,Plus-306,"Firewall de Brother, modelo Plus-306, diseñado para uso doméstico, empresarial o profesional.",4617.98,52,Proveedor 21,Disponible
1506,Punto de acceso WiFi Epson Business-712,Redes,Epson,Business-712,"Punto de acceso WiFi de Epson, modelo Business-712, diseñado para uso doméstico, empresarial o profesional.",29657.46,113,Proveedor 24,Disponible
1507,Firewall Lenovo Plus-425,Redes,Lenovo,Plus-425,"Firewall de Lenovo, modelo Plus-425, diseñado para uso doméstico, empresarial o profesional.",19336.57,10,Proveedor 17,Disponible
1508,Patch panel Kingston Enterprise-124,Redes,Kingston,Enterprise-124,"Patch panel de Kingston, modelo Enterprise-124, diseñado para uso doméstico, empresarial o profesional.",6931.98,84,Proveedor 11,Disponible
1509,Antena PtP Acer Max-155,Redes,Acer,Max-155,"Antena PtP de Acer, modelo Max-155, diseñado para uso doméstico, empresarial o profesional.",27206.43,63,Proveedor 22,Disponible
1510,Antena PtP AMD Enterprise-490,Redes,AMD,Enterprise-490,"Antena PtP de AMD, modelo Enterprise-490, diseñado para uso doméstico, empresarial o profesional.",15682.44,46,Proveedor 15,Disponible
1511,Punto de acceso WiFi Dell Enterprise-603,Redes,Dell,Enterprise-603,"Punto de acceso WiFi de Dell, modelo Enterprise-603, diseñado para uso doméstico, empresarial o profesional.",2173.95,49,Proveedor 02,Disponible
1512,Teléfono IP Acer Pro-193,Redes,Acer,Pro-193,"Teléfono IP de Acer, modelo Pro-193, diseñado para uso doméstico, empresarial o profesional.",5276.38,140,Proveedor 07,Disponible
1513,Antena PtP APC Basic-536,Redes,APC,Basic-536,"Antena PtP de APC, modelo Basic-536, diseñado para uso doméstico, empresarial o profesional.",21771.67,79,Proveedor 06,Disponible
1514,Antena PtP Epson Ultra-280,Redes,Epson,Ultra-280,"Antena PtP de Epson, modelo Ultra-280, diseñado para uso doméstico, empresarial o profesional.",18207.07,77,Proveedor 10,Disponible
1515,Conector RJ45 Hikvision Business-306,Redes,Hikvision,Business-306,"Conector RJ45 de Hikvision, modelo Business-306, diseñado para uso doméstico, empresarial o profesional.",8214.07,123,Proveedor 03,Disponible
1516,Firewall Huawei Ultra-271,Redes,Huawei,Ultra-271,"Firewall de Huawei, modelo Ultra-271, diseñado para uso doméstico, empresarial o profesional.",14163.75,108,Proveedor 17,Disponible
1517,Conector RJ45 Ubiquiti Enterprise-259,Redes,Ubiquiti,Enterprise-259,"Conector RJ45 de Ubiquiti, modelo Enterprise-259, diseñado para uso doméstico, empresarial o profesional.",24602.55,123,Proveedor 01,Disponible
1518,Patch panel Ubiquiti Enterprise-185,Redes,Ubiquiti,Enterprise-185,"Patch panel de Ubiquiti, modelo Enterprise-185, diseñado para uso doméstico, empresarial o profesional.",22785.04,76,Proveedor 20,Disponible
1519,Cable UTP Lenovo Max-844,Redes,Lenovo,Max-844,"Cable UTP de Lenovo, modelo Max-844, diseñado para uso doméstico, empresarial o profesional.",5336.92,97,Proveedor 15,Disponible
1520,Antena PtMP Hikvision Plus-484,Redes,Hikvision,Plus-484,"Antena PtMP de Hikvision, modelo Plus-484, diseñado para uso doméstico, empresarial o profesional.",16899.29,123,Proveedor 03,Disponible
1521,Firewall Lenovo Business-580,Redes,Lenovo,Business-580,"Firewall de Lenovo, modelo Business-580, diseñado para uso doméstico, empresarial o profesional.",5935.82,48,Proveedor 01,Disponible
1522,Punto de acceso WiFi APC Business-842,Redes,APC,Business-842,"Punto de acceso WiFi de APC, modelo Business-842, diseñado para uso doméstico, empresarial o profesional.",11277.79,103,Proveedor 14,Disponible
1523,Patch panel LG Ultra-601,Redes,LG,Ultra-601,"Patch panel de LG, modelo Ultra-601, diseñado para uso doméstico, empresarial o profesional.",9289.7,150,Proveedor 03,Disponible
1524,Patch panel Cisco Basic-494,Redes,Cisco,Basic-494,"Patch panel de Cisco, modelo Basic-494, diseñado para uso doméstico, empresarial o profesional.",27969.32,41,Proveedor 07,Disponible
1525,Patch panel Logitech Enterprise-869,Redes,Logitech,Enterprise-869,"Patch panel de Logitech, modelo Enterprise-869, diseñado para uso doméstico, empresarial o profesional.",21689.58,130,Proveedor 23,Disponible
1526,Rack LG Business-159,Redes,LG,Business-159,"Rack de LG, modelo Business-159, diseñado para uso doméstico, empresarial o profesional.",19555.12,108,Proveedor 24,Disponible
1527,Antena PtP Epson Ultra-135,Redes,Epson,Ultra-135,"Antena PtP de Epson, modelo Ultra-135, diseñado para uso doméstico, empresarial o profesional.",27650.34,92,Proveedor 21,Disponible
1528,Punto de acceso WiFi Lenovo Plus-719,Redes,Lenovo,Plus-719,"Punto de acceso WiFi de Lenovo, modelo Plus-719, diseñado para uso doméstico, empresarial o profesional.",13707.69,37,Proveedor 09,Disponible
1529,Antena PtP AMD Max-778,Redes,AMD,Max-778,"Antena PtP de AMD, modelo Max-778, diseñado para uso doméstico, empresarial o profesional.",25258.16,3,Proveedor 04,Disponible
1530,Cámara IP Huawei Ultra-823,Redes,Huawei,Ultra-823,"Cámara IP de Huawei, modelo Ultra-823, diseñado para uso doméstico, empresarial o profesional.",17617.92,20,Proveedor 17,Disponible
1531,Antena PtP Ubiquiti Pro-949,Redes,Ubiquiti,Pro-949,"Antena PtP de Ubiquiti, modelo Pro-949, diseñado para uso doméstico, empresarial o profesional.",12851.99,77,Proveedor 17,Disponible
1532,Cable UTP Huawei Max-415,Redes,Huawei,Max-415,"Cable UTP de Huawei, modelo Max-415, diseñado para uso doméstico, empresarial o profesional.",22039.29,22,Proveedor 04,Disponible
1533,Conector RJ45 LG Enterprise-246,Redes,LG,Enterprise-246,"Conector RJ45 de LG, modelo Enterprise-246, diseñado para uso doméstico, empresarial o profesional.",8129.12,53,Proveedor 24,Disponible
1534,Patch panel Kingston Basic-272,Redes,Kingston,Basic-272,"Patch panel de Kingston, modelo Basic-272, diseñado para uso doméstico, empresarial o profesional.",24506.37,0,Proveedor 04,Agotado
1535,Cámara IP Ubiquiti Max-526,Redes,Ubiquiti,Max-526,"Cámara IP de Ubiquiti, modelo Max-526, diseñado para uso doméstico, empresarial o profesional.",19663.27,110,Proveedor 06,Disponible
1536,Teléfono IP LG Pro-820,Redes,LG,Pro-820,"Teléfono IP de LG, modelo Pro-820, diseñado para uso doméstico, empresarial o profesional.",4099.22,124,Proveedor 06,Disponible
1537,Cable UTP HP Ultra-680,Redes,HP,Ultra-680,"Cable UTP de HP, modelo Ultra-680, diseñado para uso doméstico, empresarial o profesional.",24445.96,47,Proveedor 07,Disponible
1538,Punto de acceso WiFi ASUS Enterprise-877,Redes,ASUS,Enterprise-877,"Punto de acceso WiFi de ASUS, modelo Enterprise-877, diseñado para uso doméstico, empresarial o profesional.",5821.19,104,Proveedor 15,Disponible
1539,Conector RJ45 HP Enterprise-751,Redes,HP,Enterprise-751,"Conector RJ45 de HP, modelo Enterprise-751, diseñado para uso doméstico, empresarial o profesional.",5050.49,75,Proveedor 03,Disponible
1540,Patch panel HP Plus-165,Redes,HP,Plus-165,"Patch panel de HP, modelo Plus-165, diseñado para uso doméstico, empresarial o profesional.",10317.19,149,Proveedor 08,Disponible
1541,Rack Brother Business-878,Redes,Brother,Business-878,"Rack de Brother, modelo Business-878, diseñado para uso doméstico, empresarial o profesional.",3096.21,15,Proveedor 09,Disponible
1542,Punto de acceso WiFi Intel Enterprise-142,Redes,Intel,Enterprise-142,"Punto de acceso WiFi de Intel, modelo Enterprise-142, diseñado para uso doméstico, empresarial o profesional.",2977.51,133,Proveedor 01,Disponible
1543,Patch panel AMD Max-879,Redes,AMD,Max-879,"Patch panel de AMD, modelo Max-879, diseñado para uso doméstico, empresarial o profesional.",8033.81,124,Proveedor 16,Disponible
1544,Firewall AMD Ultra-444,Redes,AMD,Ultra-444,"Firewall de AMD, modelo Ultra-444, diseñado para uso doméstico, empresarial o profesional.",11173.89,87,Proveedor 11,Disponible
1545,Antena PtP LG Business-508,Redes,LG,Business-508,"Antena PtP de LG, modelo Business-508, diseñado para uso doméstico, empresarial o profesional.",11402.8,14,Proveedor 12,Disponible
1546,Firewall HP Basic-567,Redes,HP,Basic-567,"Firewall de HP, modelo Basic-567, diseñado para uso doméstico, empresarial o profesional.",26126.6,102,Proveedor 24,Disponible
1547,Teléfono IP TP-Link Max-225,Redes,TP-Link,Max-225,"Teléfono IP de TP-Link, modelo Max-225, diseñado para uso doméstico, empresarial o profesional.",26080.64,71,Proveedor 23,Disponible
1548,Antena PtP LG Ultra-733,Redes,LG,Ultra-733,"Antena PtP de LG, modelo Ultra-733, diseñado para uso doméstico, empresarial o profesional.",20610.65,121,Proveedor 17,Disponible
1549,Patch panel Acer Basic-753,Redes,Acer,Basic-753,"Patch panel de Acer, modelo Basic-753, diseñado para uso doméstico, empresarial o profesional.",28729.81,82,Proveedor 01,Disponible
1550,Firewall Cisco Enterprise-853,Redes,Cisco,Enterprise-853,"Firewall de Cisco, modelo Enterprise-853, diseñado para uso doméstico, empresarial o profesional.",9819.71,113,Proveedor 08,Disponible
1551,Conector RJ45 Brother Ultra-856,Redes,Brother,Ultra-856,"Conector RJ45 de Brother, modelo Ultra-856, diseñado para uso doméstico, empresarial o profesional.",18408.76,20,Proveedor 12,Disponible
1552,Patch panel Brother Business-977,Redes,Brother,Business-977,"Patch panel de Brother, modelo Business-977, diseñado para uso doméstico, empresarial o profesional.",21009.03,25,Proveedor 24,Disponible
1553,Patch panel Kingston Max-299,Redes,Kingston,Max-299,"Patch panel de Kingston, modelo Max-299, diseñado para uso doméstico, empresarial o profesional.",21381.3,133,Proveedor 19,Disponible
1554,Cable UTP Cisco Pro-609,Redes,Cisco,Pro-609,"Cable UTP de Cisco, modelo Pro-609, diseñado para uso doméstico, empresarial o profesional.",23920.88,77,Proveedor 22,Disponible
1555,Cable UTP Hikvision Pro-556,Redes,Hikvision,Pro-556,"Cable UTP de Hikvision, modelo Pro-556, diseñado para uso doméstico, empresarial o profesional.",28655.13,123,Proveedor 22,Disponible
1556,Cable UTP Epson Pro-316,Redes,Epson,Pro-316,"Cable UTP de Epson, modelo Pro-316, diseñado para uso doméstico, empresarial o profesional.",5179.36,22,Proveedor 04,Disponible
1557,Patch panel TP-Link Pro-434,Redes,TP-Link,Pro-434,"Patch panel de TP-Link, modelo Pro-434, diseñado para uso doméstico, empresarial o profesional.",27087.24,71,Proveedor 08,Disponible
1558,Antena PtMP Brother Business-226,Redes,Brother,Business-226,"Antena PtMP de Brother, modelo Business-226, diseñado para uso doméstico, empresarial o profesional.",19991.05,136,Proveedor 21,Disponible
1559,Rack Dell Enterprise-808,Redes,Dell,Enterprise-808,"Rack de Dell, modelo Enterprise-808, diseñado para uso doméstico, empresarial o profesional.",10037.41,57,Proveedor 19,Disponible
1560,Conector RJ45 Dell Business-451,Redes,Dell,Business-451,"Conector RJ45 de Dell, modelo Business-451, diseñado para uso doméstico, empresarial o profesional.",11360.15,97,Proveedor 21,Disponible
1561,Cable UTP Ubiquiti Enterprise-338,Redes,Ubiquiti,Enterprise-338,"Cable UTP de Ubiquiti, modelo Enterprise-338, diseñado para uso doméstico, empresarial o profesional.",6768.64,29,Proveedor 10,Disponible
1562,Cámara IP HP Basic-448,Redes,HP,Basic-448,"Cámara IP de HP, modelo Basic-448, diseñado para uso doméstico, empresarial o profesional.",22238.19,48,Proveedor 24,Disponible
1563,Cámara IP Intel Plus-230,Redes,Intel,Plus-230,"Cámara IP de Intel, modelo Plus-230, diseñado para uso doméstico, empresarial o profesional.",25611.64,97,Proveedor 19,Disponible
1564,Punto de acceso WiFi Kingston Basic-704,Redes,Kingston,Basic-704,"Punto de acceso WiFi de Kingston, modelo Basic-704, diseñado para uso doméstico, empresarial o profesional.",16105.24,99,Proveedor 14,Disponible
1565,Firewall LG Enterprise-795,Redes,LG,Enterprise-795,"Firewall de LG, modelo Enterprise-795, diseñado para uso doméstico, empresarial o profesional.",28023.04,32,Proveedor 17,Disponible
1566,Conector RJ45 Intel Pro-209,Redes,Intel,Pro-209,"Conector RJ45 de Intel, modelo Pro-209, diseñado para uso doméstico, empresarial o profesional.",11907.75,137,Proveedor 15,Disponible
1567,Firewall Lenovo Enterprise-403,Redes,Lenovo,Enterprise-403,"Firewall de Lenovo, modelo Enterprise-403, diseñado para uso doméstico, empresarial o profesional.",25129.52,127,Proveedor 22,Disponible
1568,Rack Lenovo Max-390,Redes,Lenovo,Max-390,"Rack de Lenovo, modelo Max-390, diseñado para uso doméstico, empresarial o profesional.",4444.45,8,Proveedor 20,Disponible
1569,Firewall Kingston Max-805,Redes,Kingston,Max-805,"Firewall de Kingston, modelo Max-805, diseñado para uso doméstico, empresarial o profesional.",3774.04,146,Proveedor 16,Disponible
1570,Antena PtP Brother Plus-821,Redes,Brother,Plus-821,"Antena PtP de Brother, modelo Plus-821, diseñado para uso doméstico, empresarial o profesional.",28997.55,15,Proveedor 11,Disponible
1571,Teléfono IP Acer Enterprise-850,Redes,Acer,Enterprise-850,"Teléfono IP de Acer, modelo Enterprise-850, diseñado para uso doméstico, empresarial o profesional.",28038.23,57,Proveedor 23,Disponible
1572,Punto de acceso WiFi ASUS Enterprise-599,Redes,ASUS,Enterprise-599,"Punto de acceso WiFi de ASUS, modelo Enterprise-599, diseñado para uso doméstico, empresarial o profesional.",21843.67,76,Proveedor 22,Disponible
1573,Teléfono IP TP-Link Max-501,Redes,TP-Link,Max-501,"Teléfono IP de TP-Link, modelo Max-501, diseñado para uso doméstico, empresarial o profesional.",10175.31,121,Proveedor 12,Disponible
1574,Patch panel Huawei Basic-640,Redes,Huawei,Basic-640,"Patch panel de Huawei, modelo Basic-640, diseñado para uso doméstico, empresarial o profesional.",21824.5,72,Proveedor 23,Disponible
1575,Antena PtP Tripp Lite Ultra-199,Redes,Tripp Lite,Ultra-199,"Antena PtP de Tripp Lite, modelo Ultra-199, diseñado para uso doméstico, empresarial o profesional.",3996.55,148,Proveedor 02,Disponible
1576,Antena PtMP Hikvision Business-267,Redes,Hikvision,Business-267,"Antena PtMP de Hikvision, modelo Business-267, diseñado para uso doméstico, empresarial o profesional.",17348.55,113,Proveedor 23,Disponible
1577,Rack Kingston Pro-314,Redes,Kingston,Pro-314,"Rack de Kingston, modelo Pro-314, diseñado para uso doméstico, empresarial o profesional.",6606.64,50,Proveedor 24,Disponible
1578,Punto de acceso WiFi LG Business-976,Redes,LG,Business-976,"Punto de acceso WiFi de LG, modelo Business-976, diseñado para uso doméstico, empresarial o profesional.",17304.41,37,Proveedor 13,Disponible
1579,Patch panel ASUS Basic-198,Redes,ASUS,Basic-198,"Patch panel de ASUS, modelo Basic-198, diseñado para uso doméstico, empresarial o profesional.",10719.07,121,Proveedor 06,Disponible
1580,Punto de acceso WiFi HP Max-765,Redes,HP,Max-765,"Punto de acceso WiFi de HP, modelo Max-765, diseñado para uso doméstico, empresarial o profesional.",10207.5,111,Proveedor 05,Disponible
1581,Patch panel Epson Basic-221,Redes,Epson,Basic-221,"Patch panel de Epson, modelo Basic-221, diseñado para uso doméstico, empresarial o profesional.",7286.39,125,Proveedor 10,Disponible
1582,Conector RJ45 ASUS Business-863,Redes,ASUS,Business-863,"Conector RJ45 de ASUS, modelo Business-863, diseñado para uso doméstico, empresarial o profesional.",11311.12,22,Proveedor 25,Disponible
1583,Rack Huawei Plus-747,Redes,Huawei,Plus-747,"Rack de Huawei, modelo Plus-747, diseñado para uso doméstico, empresarial o profesional.",19623.61,94,Proveedor 01,Disponible
1584,Cámara IP HP Basic-224,Redes,HP,Basic-224,"Cámara IP de HP, modelo Basic-224, diseñado para uso doméstico, empresarial o profesional.",14717.42,130,Proveedor 08,Disponible
1585,Punto de acceso WiFi Intel Max-686,Redes,Intel,Max-686,"Punto de acceso WiFi de Intel, modelo Max-686, diseñado para uso doméstico, empresarial o profesional.",14426.59,24,Proveedor 19,Disponible
1586,Teléfono IP Huawei Ultra-760,Redes,Huawei,Ultra-760,"Teléfono IP de Huawei, modelo Ultra-760, diseñado para uso doméstico, empresarial o profesional.",21105.89,76,Proveedor 19,Disponible
1587,Teléfono IP HP Plus-165,Redes,HP,Plus-165,"Teléfono IP de HP, modelo Plus-165, diseñado para uso doméstico, empresarial o profesional.",21435.94,137,Proveedor 06,Disponible
1588,Patch panel TP-Link Ultra-669,Redes,TP-Link,Ultra-669,"Patch panel de TP-Link, modelo Ultra-669, diseñado para uso doméstico, empresarial o profesional.",24538.49,135,Proveedor 16,Disponible
1589,Cámara IP APC Enterprise-698,Redes,APC,Enterprise-698,"Cámara IP de APC, modelo Enterprise-698, diseñado para uso doméstico, empresarial o profesional.",16206.34,31,Proveedor 25,Disponible
1590,Antena PtP HP Pro-982,Redes,HP,Pro-982,"Antena PtP de HP, modelo Pro-982, diseñado para uso doméstico, empresarial o profesional.",18005.15,46,Proveedor 01,Disponible
1591,Cable UTP Hikvision Enterprise-421,Redes,Hikvision,Enterprise-421,"Cable UTP de Hikvision, modelo Enterprise-421, diseñado para uso doméstico, empresarial o profesional.",3761.52,32,Proveedor 19,Disponible
1592,Antena PtP ASUS Basic-675,Redes,ASUS,Basic-675,"Antena PtP de ASUS, modelo Basic-675, diseñado para uso doméstico, empresarial o profesional.",7762.27,8,Proveedor 03,Disponible
1593,Cámara IP APC Plus-472,Redes,APC,Plus-472,"Cámara IP de APC, modelo Plus-472, diseñado para uso doméstico, empresarial o profesional.",28990.98,43,Proveedor 14,Disponible
1594,Punto de acceso WiFi Epson Plus-147,Redes,Epson,Plus-147,"Punto de acceso WiFi de Epson, modelo Plus-147, diseñado para uso doméstico, empresarial o profesional.",28390.74,132,Proveedor 10,Disponible
1595,Cable UTP Hikvision Pro-690,Redes,Hikvision,Pro-690,"Cable UTP de Hikvision, modelo Pro-690, diseñado para uso doméstico, empresarial o profesional.",14754.05,80,Proveedor 17,Disponible
1596,Firewall AMD Max-622,Redes,AMD,Max-622,"Firewall de AMD, modelo Max-622, diseñado para uso doméstico, empresarial o profesional.",6358.4,25,Proveedor 22,Disponible
1597,Punto de acceso WiFi Epson Basic-292,Redes,Epson,Basic-292,"Punto de acceso WiFi de Epson, modelo Basic-292, diseñado para uso doméstico, empresarial o profesional.",4318.69,55,Proveedor 05,Disponible
1598,Conector RJ45 Tripp Lite Pro-705,Redes,Tripp Lite,Pro-705,"Conector RJ45 de Tripp Lite, modelo Pro-705, diseñado para uso doméstico, empresarial o profesional.",10823.23,32,Proveedor 24,Disponible
1599,Conector RJ45 Ubiquiti Basic-663,Redes,Ubiquiti,Basic-663,"Conector RJ45 de Ubiquiti, modelo Basic-663, diseñado para uso doméstico, empresarial o profesional.",7708.62,97,Proveedor 21,Disponible
1600,Teléfono IP Huawei Ultra-185,Redes,Huawei,Ultra-185,"Teléfono IP de Huawei, modelo Ultra-185, diseñado para uso doméstico, empresarial o profesional.",28346.64,108,Proveedor 23,Disponible
1601,Teléfono IP Tripp Lite Pro-172,Redes,Tripp Lite,Pro-172,"Teléfono IP de Tripp Lite, modelo Pro-172, diseñado para uso doméstico, empresarial o profesional.",18916.68,68,Proveedor 21,Disponible
1602,Antena PtP LG Max-773,Redes,LG,Max-773,"Antena PtP de LG, modelo Max-773, diseñado para uso doméstico, empresarial o profesional.",19461.31,130,Proveedor 20,Disponible
1603,Teléfono IP Ubiquiti Enterprise-257,Redes,Ubiquiti,Enterprise-257,"Teléfono IP de Ubiquiti, modelo Enterprise-257, diseñado para uso doméstico, empresarial o profesional.",9545.5,111,Proveedor 13,Disponible
1604,Punto de acceso WiFi AMD Pro-179,Redes,AMD,Pro-179,"Punto de acceso WiFi de AMD, modelo Pro-179, diseñado para uso doméstico, empresarial o profesional.",8162.15,136,Proveedor 04,Disponible
1605,Cable UTP Ubiquiti Basic-437,Redes,Ubiquiti,Basic-437,"Cable UTP de Ubiquiti, modelo Basic-437, diseñado para uso doméstico, empresarial o profesional.",19234.11,92,Proveedor 11,Disponible
1606,Antena PtMP Lenovo Enterprise-917,Redes,Lenovo,Enterprise-917,"Antena PtMP de Lenovo, modelo Enterprise-917, diseñado para uso doméstico, empresarial o profesional.",6834.9,2,Proveedor 04,Disponible
1607,Patch panel Epson Ultra-207,Redes,Epson,Ultra-207,"Patch panel de Epson, modelo Ultra-207, diseñado para uso doméstico, empresarial o profesional.",23499.39,31,Proveedor 06,Disponible
1608,Cable UTP Kingston Max-941,Redes,Kingston,Max-941,"Cable UTP de Kingston, modelo Max-941, diseñado para uso doméstico, empresarial o profesional.",24219.4,24,Proveedor 17,Disponible
1609,Firewall Intel Enterprise-388,Redes,Intel,Enterprise-388,"Firewall de Intel, modelo Enterprise-388, diseñado para uso doméstico, empresarial o profesional.",16582.14,25,Proveedor 02,Disponible
1610,Teléfono IP Samsung Enterprise-498,Redes,Samsung,Enterprise-498,"Teléfono IP de Samsung, modelo Enterprise-498, diseñado para uso doméstico, empresarial o profesional.",5485.72,136,Proveedor 18,Disponible
1611,Conector RJ45 Huawei Ultra-706,Redes,Huawei,Ultra-706,"Conector RJ45 de Huawei, modelo Ultra-706, diseñado para uso doméstico, empresarial o profesional.",3896.96,2,Proveedor 22,Disponible
1612,Cable UTP Lenovo Business-229,Redes,Lenovo,Business-229,"Cable UTP de Lenovo, modelo Business-229, diseñado para uso doméstico, empresarial o profesional.",4348.69,145,Proveedor 24,Disponible
1613,Antena PtMP Cisco Business-754,Redes,Cisco,Business-754,"Antena PtMP de Cisco, modelo Business-754, diseñado para uso doméstico, empresarial o profesional.",29237.04,63,Proveedor 22,Disponible
1614,Conector RJ45 Ubiquiti Business-568,Redes,Ubiquiti,Business-568,"Conector RJ45 de Ubiquiti, modelo Business-568, diseñado para uso doméstico, empresarial o profesional.",5558.49,90,Proveedor 15,Disponible
1615,Cable UTP Kingston Plus-538,Redes,Kingston,Plus-538,"Cable UTP de Kingston, modelo Plus-538, diseñado para uso doméstico, empresarial o profesional.",15656.19,58,Proveedor 10,Disponible
1616,Cámara IP Kingston Ultra-889,Redes,Kingston,Ultra-889,"Cámara IP de Kingston, modelo Ultra-889, diseñado para uso doméstico, empresarial o profesional.",9437.09,23,Proveedor 21,Disponible
1617,Cámara IP Dell Business-345,Redes,Dell,Business-345,"Cámara IP de Dell, modelo Business-345, diseñado para uso doméstico, empresarial o profesional.",28350.42,42,Proveedor 19,Disponible
1618,Punto de acceso WiFi Dell Business-392,Redes,Dell,Business-392,"Punto de acceso WiFi de Dell, modelo Business-392, diseñado para uso doméstico, empresarial o profesional.",16660.46,126,Proveedor 01,Disponible
1619,Patch panel APC Business-239,Redes,APC,Business-239,"Patch panel de APC, modelo Business-239, diseñado para uso doméstico, empresarial o profesional.",14431.31,131,Proveedor 22,Disponible
1620,Cable UTP HP Ultra-114,Redes,HP,Ultra-114,"Cable UTP de HP, modelo Ultra-114, diseñado para uso doméstico, empresarial o profesional.",18519.3,1,Proveedor 23,Disponible
1621,Patch panel Tripp Lite Business-453,Redes,Tripp Lite,Business-453,"Patch panel de Tripp Lite, modelo Business-453, diseñado para uso doméstico, empresarial o profesional.",7387.25,135,Proveedor 22,Disponible
1622,Conector RJ45 Cisco Max-559,Redes,Cisco,Max-559,"Conector RJ45 de Cisco, modelo Max-559, diseñado para uso doméstico, empresarial o profesional.",28942.25,134,Proveedor 08,Disponible
1623,Teléfono IP Dell Plus-959,Redes,Dell,Plus-959,"Teléfono IP de Dell, modelo Plus-959, diseñado para uso doméstico, empresarial o profesional.",4068.9,90,Proveedor 02,Disponible
1624,Patch panel Brother Ultra-274,Redes,Brother,Ultra-274,"Patch panel de Brother, modelo Ultra-274, diseñado para uso doméstico, empresarial o profesional.",11248.65,28,Proveedor 11,Disponible
1625,Antena PtP Tripp Lite Enterprise-884,Redes,Tripp Lite,Enterprise-884,"Antena PtP de Tripp Lite, modelo Enterprise-884, diseñado para uso doméstico, empresarial o profesional.",25745.56,74,Proveedor 10,Disponible
1626,Rack Kingston Plus-318,Redes,Kingston,Plus-318,"Rack de Kingston, modelo Plus-318, diseñado para uso doméstico, empresarial o profesional.",146.85,145,Proveedor 13,Disponible
1627,Antena PtP Kingston Business-627,Redes,Kingston,Business-627,"Antena PtP de Kingston, modelo Business-627, diseñado para uso doméstico, empresarial o profesional.",24785.76,9,Proveedor 15,Disponible
1628,Conector RJ45 Brother Basic-464,Redes,Brother,Basic-464,"Conector RJ45 de Brother, modelo Basic-464, diseñado para uso doméstico, empresarial o profesional.",256.26,117,Proveedor 11,Disponible
1629,Antena PtMP LG Basic-105,Redes,LG,Basic-105,"Antena PtMP de LG, modelo Basic-105, diseñado para uso doméstico, empresarial o profesional.",10543.67,47,Proveedor 13,Disponible
1630,Firewall TP-Link Basic-541,Redes,TP-Link,Basic-541,"Firewall de TP-Link, modelo Basic-541, diseñado para uso doméstico, empresarial o profesional.",14802.02,21,Proveedor 17,Disponible
1631,Cable UTP Lenovo Ultra-226,Redes,Lenovo,Ultra-226,"Cable UTP de Lenovo, modelo Ultra-226, diseñado para uso doméstico, empresarial o profesional.",27400.22,1,Proveedor 05,Disponible
1632,Antena PtMP Epson Ultra-504,Redes,Epson,Ultra-504,"Antena PtMP de Epson, modelo Ultra-504, diseñado para uso doméstico, empresarial o profesional.",11279.34,93,Proveedor 14,Disponible
1633,Teléfono IP Tripp Lite Enterprise-375,Redes,Tripp Lite,Enterprise-375,"Teléfono IP de Tripp Lite, modelo Enterprise-375, diseñado para uso doméstico, empresarial o profesional.",3332.15,112,Proveedor 22,Disponible
1634,Rack ASUS Pro-462,Redes,ASUS,Pro-462,"Rack de ASUS, modelo Pro-462, diseñado para uso doméstico, empresarial o profesional.",22432.97,1,Proveedor 12,Disponible
1635,Antena PtP HP Pro-391,Redes,HP,Pro-391,"Antena PtP de HP, modelo Pro-391, diseñado para uso doméstico, empresarial o profesional.",1284.47,101,Proveedor 14,Disponible
1636,Firewall Cisco Pro-782,Redes,Cisco,Pro-782,"Firewall de Cisco, modelo Pro-782, diseñado para uso doméstico, empresarial o profesional.",6033.84,122,Proveedor 22,Disponible
1637,Antena PtMP HP Ultra-600,Redes,HP,Ultra-600,"Antena PtMP de HP, modelo Ultra-600, diseñado para uso doméstico, empresarial o profesional.",16539.7,32,Proveedor 11,Disponible
1638,Patch panel APC Business-859,Redes,APC,Business-859,"Patch panel de APC, modelo Business-859, diseñado para uso doméstico, empresarial o profesional.",25304.44,99,Proveedor 05,Disponible
1639,Cámara IP HP Enterprise-121,Redes,HP,Enterprise-121,"Cámara IP de HP, modelo Enterprise-121, diseñado para uso doméstico, empresarial o profesional.",3853.62,88,Proveedor 17,Disponible
1640,Punto de acceso WiFi Epson Basic-794,Redes,Epson,Basic-794,"Punto de acceso WiFi de Epson, modelo Basic-794, diseñado para uso doméstico, empresarial o profesional.",24908.69,109,Proveedor 20,Disponible
1641,Punto de acceso WiFi Ubiquiti Ultra-396,Redes,Ubiquiti,Ultra-396,"Punto de acceso WiFi de Ubiquiti, modelo Ultra-396, diseñado para uso doméstico, empresarial o profesional.",8524.12,21,Proveedor 25,Disponible
1642,Patch panel Epson Max-256,Redes,Epson,Max-256,"Patch panel de Epson, modelo Max-256, diseñado para uso doméstico, empresarial o profesional.",21899.12,47,Proveedor 08,Disponible
1643,Antena PtMP HP Enterprise-369,Redes,HP,Enterprise-369,"Antena PtMP de HP, modelo Enterprise-369, diseñado para uso doméstico, empresarial o profesional.",29828.17,63,Proveedor 22,Disponible
1644,Patch panel Acer Ultra-823,Redes,Acer,Ultra-823,"Patch panel de Acer, modelo Ultra-823, diseñado para uso doméstico, empresarial o profesional.",23498.89,26,Proveedor 23,Disponible
1645,Cable UTP AMD Pro-293,Redes,AMD,Pro-293,"Cable UTP de AMD, modelo Pro-293, diseñado para uso doméstico, empresarial o profesional.",29777.15,38,Proveedor 08,Disponible
1646,Cámara IP Lenovo Ultra-139,Redes,Lenovo,Ultra-139,"Cámara IP de Lenovo, modelo Ultra-139, diseñado para uso doméstico, empresarial o profesional.",8273.94,49,Proveedor 05,Disponible
1647,Patch panel TP-Link Max-304,Redes,TP-Link,Max-304,"Patch panel de TP-Link, modelo Max-304, diseñado para uso doméstico, empresarial o profesional.",2800.79,13,Proveedor 13,Disponible
1648,Patch panel APC Plus-816,Redes,APC,Plus-816,"Patch panel de APC, modelo Plus-816, diseñado para uso doméstico, empresarial o profesional.",19028.63,59,Proveedor 08,Disponible
1649,Firewall Ubiquiti Ultra-162,Redes,Ubiquiti,Ultra-162,"Firewall de Ubiquiti, modelo Ultra-162, diseñado para uso doméstico, empresarial o profesional.",15335.12,13,Proveedor 10,Disponible
1650,Cámara IP Logitech Plus-387,Redes,Logitech,Plus-387,"Cámara IP de Logitech, modelo Plus-387, diseñado para uso doméstico, empresarial o profesional.",28294.52,107,Proveedor 08,Disponible
1651,Firewall Cisco Pro-141,Redes,Cisco,Pro-141,"Firewall de Cisco, modelo Pro-141, diseñado para uso doméstico, empresarial o profesional.",96.03,82,Proveedor 07,Disponible
1652,Antena PtMP Brother Plus-721,Redes,Brother,Plus-721,"Antena PtMP de Brother, modelo Plus-721, diseñado para uso doméstico, empresarial o profesional.",3094.79,47,Proveedor 09,Disponible
1653,Rack LG Plus-411,Redes,LG,Plus-411,"Rack de LG, modelo Plus-411, diseñado para uso doméstico, empresarial o profesional.",3416.94,3,Proveedor 22,Disponible
1654,Cable UTP Lenovo Plus-469,Redes,Lenovo,Plus-469,"Cable UTP de Lenovo, modelo Plus-469, diseñado para uso doméstico, empresarial o profesional.",22259.46,92,Proveedor 24,Disponible
1655,Conector RJ45 APC Max-480,Redes,APC,Max-480,"Conector RJ45 de APC, modelo Max-480, diseñado para uso doméstico, empresarial o profesional.",7208.51,70,Proveedor 07,Disponible
1656,Conector RJ45 Huawei Basic-208,Redes,Huawei,Basic-208,"Conector RJ45 de Huawei, modelo Basic-208, diseñado para uso doméstico, empresarial o profesional.",3984.12,30,Proveedor 02,Disponible
1657,Conector RJ45 Acer Pro-821,Redes,Acer,Pro-821,"Conector RJ45 de Acer, modelo Pro-821, diseñado para uso doméstico, empresarial o profesional.",13417.43,25,Proveedor 03,Disponible
1658,Cable UTP AMD Plus-408,Redes,AMD,Plus-408,"Cable UTP de AMD, modelo Plus-408, diseñado para uso doméstico, empresarial o profesional.",21782.49,51,Proveedor 18,Disponible
1659,Teléfono IP Cisco Pro-296,Redes,Cisco,Pro-296,"Teléfono IP de Cisco, modelo Pro-296, diseñado para uso doméstico, empresarial o profesional.",12592.92,64,Proveedor 25,Disponible
1660,Cable UTP LG Plus-559,Redes,LG,Plus-559,"Cable UTP de LG, modelo Plus-559, diseñado para uso doméstico, empresarial o profesional.",18925.55,30,Proveedor 14,Disponible
1661,Cámara IP Brother Ultra-636,Redes,Brother,Ultra-636,"Cámara IP de Brother, modelo Ultra-636, diseñado para uso doméstico, empresarial o profesional.",27945.46,128,Proveedor 01,Disponible
1662,Teléfono IP AMD Plus-813,Redes,AMD,Plus-813,"Teléfono IP de AMD, modelo Plus-813, diseñado para uso doméstico, empresarial o profesional.",29027.21,74,Proveedor 02,Disponible
1663,Conector RJ45 Cisco Enterprise-810,Redes,Cisco,Enterprise-810,"Conector RJ45 de Cisco, modelo Enterprise-810, diseñado para uso doméstico, empresarial o profesional.",5770.51,101,Proveedor 16,Disponible
1664,Cable UTP APC Basic-269,Redes,APC,Basic-269,"Cable UTP de APC, modelo Basic-269, diseñado para uso doméstico, empresarial o profesional.",13177.33,130,Proveedor 13,Disponible
1665,Cable UTP Huawei Ultra-721,Redes,Huawei,Ultra-721,"Cable UTP de Huawei, modelo Ultra-721, diseñado para uso doméstico, empresarial o profesional.",8203.11,47,Proveedor 01,Disponible
1666,Teléfono IP Intel Pro-706,Redes,Intel,Pro-706,"Teléfono IP de Intel, modelo Pro-706, diseñado para uso doméstico, empresarial o profesional.",20925.91,131,Proveedor 15,Disponible
1667,Cable UTP APC Plus-410,Redes,APC,Plus-410,"Cable UTP de APC, modelo Plus-410, diseñado para uso doméstico, empresarial o profesional.",25586.05,75,Proveedor 23,Disponible
1668,Antena PtMP Tripp Lite Basic-275,Redes,Tripp Lite,Basic-275,"Antena PtMP de Tripp Lite, modelo Basic-275, diseñado para uso doméstico, empresarial o profesional.",6779.97,136,Proveedor 08,Disponible
1669,Antena PtMP Cisco Business-251,Redes,Cisco,Business-251,"Antena PtMP de Cisco, modelo Business-251, diseñado para uso doméstico, empresarial o profesional.",28266.02,71,Proveedor 05,Disponible
1670,Antena PtMP Cisco Business-354,Redes,Cisco,Business-354,"Antena PtMP de Cisco, modelo Business-354, diseñado para uso doméstico, empresarial o profesional.",29686.93,53,Proveedor 18,Disponible
1671,Cámara IP TP-Link Business-455,Redes,TP-Link,Business-455,"Cámara IP de TP-Link, modelo Business-455, diseñado para uso doméstico, empresarial o profesional.",19009.87,94,Proveedor 11,Disponible
1672,Cámara IP Tripp Lite Plus-839,Redes,Tripp Lite,Plus-839,"Cámara IP de Tripp Lite, modelo Plus-839, diseñado para uso doméstico, empresarial o profesional.",4077.66,75,Proveedor 11,Disponible
1673,Punto de acceso WiFi TP-Link Enterprise-464,Redes,TP-Link,Enterprise-464,"Punto de acceso WiFi de TP-Link, modelo Enterprise-464, diseñado para uso doméstico, empresarial o profesional.",6640.85,71,Proveedor 06,Disponible
1674,Antena PtMP TP-Link Max-773,Redes,TP-Link,Max-773,"Antena PtMP de TP-Link, modelo Max-773, diseñado para uso doméstico, empresarial o profesional.",29364.57,149,Proveedor 04,Disponible
1675,Patch panel Logitech Enterprise-741,Redes,Logitech,Enterprise-741,"Patch panel de Logitech, modelo Enterprise-741, diseñado para uso doméstico, empresarial o profesional.",19058.42,141,Proveedor 07,Disponible
1676,Rack Epson Plus-375,Redes,Epson,Plus-375,"Rack de Epson, modelo Plus-375, diseñado para uso doméstico, empresarial o profesional.",6181.25,101,Proveedor 05,Disponible
1677,Rack Epson Business-843,Redes,Epson,Business-843,"Rack de Epson, modelo Business-843, diseñado para uso doméstico, empresarial o profesional.",13062.39,37,Proveedor 16,Disponible
1678,Cámara IP Brother Pro-570,Redes,Brother,Pro-570,"Cámara IP de Brother, modelo Pro-570, diseñado para uso doméstico, empresarial o profesional.",5616.04,45,Proveedor 07,Disponible
1679,Conector RJ45 Brother Business-284,Redes,Brother,Business-284,"Conector RJ45 de Brother, modelo Business-284, diseñado para uso doméstico, empresarial o profesional.",19455.12,5,Proveedor 10,Disponible
1680,Teléfono IP ASUS Enterprise-503,Redes,ASUS,Enterprise-503,"Teléfono IP de ASUS, modelo Enterprise-503, diseñado para uso doméstico, empresarial o profesional.",20646.02,48,Proveedor 03,Disponible
1681,Teléfono IP Dell Ultra-351,Redes,Dell,Ultra-351,"Teléfono IP de Dell, modelo Ultra-351, diseñado para uso doméstico, empresarial o profesional.",13694.32,103,Proveedor 04,Disponible
1682,Cable UTP Lenovo Business-868,Redes,Lenovo,Business-868,"Cable UTP de Lenovo, modelo Business-868, diseñado para uso doméstico, empresarial o profesional.",24255.14,25,Proveedor 13,Disponible
1683,Patch panel TP-Link Basic-946,Redes,TP-Link,Basic-946,"Patch panel de TP-Link, modelo Basic-946, diseñado para uso doméstico, empresarial o profesional.",485.48,11,Proveedor 05,Disponible
1684,Antena PtP Dell Plus-246,Redes,Dell,Plus-246,"Antena PtP de Dell, modelo Plus-246, diseñado para uso doméstico, empresarial o profesional.",28162.86,3,Proveedor 01,Disponible
1685,Cámara IP Tripp Lite Business-937,Redes,Tripp Lite,Business-937,"Cámara IP de Tripp Lite, modelo Business-937, diseñado para uso doméstico, empresarial o profesional.",10204.63,21,Proveedor 07,Disponible
1686,Teléfono IP Brother Enterprise-676,Redes,Brother,Enterprise-676,"Teléfono IP de Brother, modelo Enterprise-676, diseñado para uso doméstico, empresarial o profesional.",26780.32,41,Proveedor 10,Disponible
1687,Firewall Brother Pro-349,Redes,Brother,Pro-349,"Firewall de Brother, modelo Pro-349, diseñado para uso doméstico, empresarial o profesional.",1751.8,68,Proveedor 21,Disponible
1688,Cable UTP HP Basic-944,Redes,HP,Basic-944,"Cable UTP de HP, modelo Basic-944, diseñado para uso doméstico, empresarial o profesional.",1412.21,139,Proveedor 10,Disponible
1689,Cámara IP APC Enterprise-525,Redes,APC,Enterprise-525,"Cámara IP de APC, modelo Enterprise-525, diseñado para uso doméstico, empresarial o profesional.",4323.7,57,Proveedor 01,Disponible
1690,Antena PtP Ubiquiti Ultra-250,Redes,Ubiquiti,Ultra-250,"Antena PtP de Ubiquiti, modelo Ultra-250, diseñado para uso doméstico, empresarial o profesional.",10651.03,73,Proveedor 08,Disponible
1691,Patch panel HP Ultra-273,Redes,HP,Ultra-273,"Patch panel de HP, modelo Ultra-273, diseñado para uso doméstico, empresarial o profesional.",29723.78,57,Proveedor 04,Disponible
1692,Antena PtMP LG Basic-730,Redes,LG,Basic-730,"Antena PtMP de LG, modelo Basic-730, diseñado para uso doméstico, empresarial o profesional.",10065.05,92,Proveedor 03,Disponible
1693,Punto de acceso WiFi AMD Pro-282,Redes,AMD,Pro-282,"Punto de acceso WiFi de AMD, modelo Pro-282, diseñado para uso doméstico, empresarial o profesional.",12904.56,85,Proveedor 20,Disponible
1694,Teléfono IP Ubiquiti Pro-783,Redes,Ubiquiti,Pro-783,"Teléfono IP de Ubiquiti, modelo Pro-783, diseñado para uso doméstico, empresarial o profesional.",20639.85,73,Proveedor 12,Disponible
1695,Cámara IP Logitech Ultra-777,Redes,Logitech,Ultra-777,"Cámara IP de Logitech, modelo Ultra-777, diseñado para uso doméstico, empresarial o profesional.",11123.85,67,Proveedor 23,Disponible
1696,Cámara IP TP-Link Enterprise-252,Redes,TP-Link,Enterprise-252,"Cámara IP de TP-Link, modelo Enterprise-252, diseñado para uso doméstico, empresarial o profesional.",23351.3,37,Proveedor 11,Disponible
1697,Teléfono IP Huawei Ultra-838,Redes,Huawei,Ultra-838,"Teléfono IP de Huawei, modelo Ultra-838, diseñado para uso doméstico, empresarial o profesional.",23921.77,122,Proveedor 03,Disponible
1698,Cámara IP Intel Ultra-844,Redes,Intel,Ultra-844,"Cámara IP de Intel, modelo Ultra-844, diseñado para uso doméstico, empresarial o profesional.",8412.01,23,Proveedor 11,Disponible
1699,Teléfono IP ASUS Enterprise-494,Redes,ASUS,Enterprise-494,"Teléfono IP de ASUS, modelo Enterprise-494, diseñado para uso doméstico, empresarial o profesional.",10630.05,126,Proveedor 14,Disponible
1700,Rack Ubiquiti Max-912,Redes,Ubiquiti,Max-912,"Rack de Ubiquiti, modelo Max-912, diseñado para uso doméstico, empresarial o profesional.",19127.2,35,Proveedor 21,Disponible
1701,Antena PtP Huawei Ultra-662,Redes,Huawei,Ultra-662,"Antena PtP de Huawei, modelo Ultra-662, diseñado para uso doméstico, empresarial o profesional.",14953.3,136,Proveedor 16,Disponible
1702,Cable UTP Tripp Lite Enterprise-335,Redes,Tripp Lite,Enterprise-335,"Cable UTP de Tripp Lite, modelo Enterprise-335, diseñado para uso doméstico, empresarial o profesional.",11588.05,148,Proveedor 23,Disponible
1703,Patch panel APC Max-895,Redes,APC,Max-895,"Patch panel de APC, modelo Max-895, diseñado para uso doméstico, empresarial o profesional.",20829.49,56,Proveedor 23,Disponible
1704,Cámara IP Epson Plus-102,Redes,Epson,Plus-102,"Cámara IP de Epson, modelo Plus-102, diseñado para uso doméstico, empresarial o profesional.",6162.13,4,Proveedor 12,Disponible
1705,Cable UTP Brother Pro-212,Redes,Brother,Pro-212,"Cable UTP de Brother, modelo Pro-212, diseñado para uso doméstico, empresarial o profesional.",1862.56,89,Proveedor 12,Disponible
1706,Teléfono IP Kingston Ultra-247,Redes,Kingston,Ultra-247,"Teléfono IP de Kingston, modelo Ultra-247, diseñado para uso doméstico, empresarial o profesional.",25070.75,141,Proveedor 14,Disponible
1707,Antena PtP Acer Enterprise-329,Redes,Acer,Enterprise-329,"Antena PtP de Acer, modelo Enterprise-329, diseñado para uso doméstico, empresarial o profesional.",1751.5,35,Proveedor 04,Disponible
1708,Teléfono IP Huawei Business-126,Redes,Huawei,Business-126,"Teléfono IP de Huawei, modelo Business-126, diseñado para uso doméstico, empresarial o profesional.",20907.99,108,Proveedor 12,Disponible
1709,Punto de acceso WiFi HP Business-695,Redes,HP,Business-695,"Punto de acceso WiFi de HP, modelo Business-695, diseñado para uso doméstico, empresarial o profesional.",2287.21,40,Proveedor 01,Disponible
1710,Teléfono IP LG Pro-180,Redes,LG,Pro-180,"Teléfono IP de LG, modelo Pro-180, diseñado para uso doméstico, empresarial o profesional.",7411.77,3,Proveedor 19,Disponible
1711,Patch panel Lenovo Enterprise-286,Redes,Lenovo,Enterprise-286,"Patch panel de Lenovo, modelo Enterprise-286, diseñado para uso doméstico, empresarial o profesional.",14135.36,35,Proveedor 24,Disponible
1712,Cable UTP Kingston Ultra-521,Redes,Kingston,Ultra-521,"Cable UTP de Kingston, modelo Ultra-521, diseñado para uso doméstico, empresarial o profesional.",21698.92,113,Proveedor 21,Disponible
1713,Punto de acceso WiFi Kingston Basic-259,Redes,Kingston,Basic-259,"Punto de acceso WiFi de Kingston, modelo Basic-259, diseñado para uso doméstico, empresarial o profesional.",1875.22,8,Proveedor 20,Disponible
1714,Teléfono IP APC Pro-111,Redes,APC,Pro-111,"Teléfono IP de APC, modelo Pro-111, diseñado para uso doméstico, empresarial o profesional.",11940.01,108,Proveedor 22,Disponible
1715,Rack Tripp Lite Business-949,Redes,Tripp Lite,Business-949,"Rack de Tripp Lite, modelo Business-949, diseñado para uso doméstico, empresarial o profesional.",7800.99,146,Proveedor 17,Disponible
1716,Antena PtMP Epson Ultra-260,Redes,Epson,Ultra-260,"Antena PtMP de Epson, modelo Ultra-260, diseñado para uso doméstico, empresarial o profesional.",8213.08,23,Proveedor 17,Disponible
1717,Patch panel Lenovo Business-316,Redes,Lenovo,Business-316,"Patch panel de Lenovo, modelo Business-316, diseñado para uso doméstico, empresarial o profesional.",12060.04,14,Proveedor 08,Disponible
1718,Patch panel ASUS Enterprise-863,Redes,ASUS,Enterprise-863,"Patch panel de ASUS, modelo Enterprise-863, diseñado para uso doméstico, empresarial o profesional.",29281.54,19,Proveedor 23,Disponible
1719,Rack Brother Plus-768,Redes,Brother,Plus-768,"Rack de Brother, modelo Plus-768, diseñado para uso doméstico, empresarial o profesional.",19285.37,97,Proveedor 06,Disponible
1720,Punto de acceso WiFi LG Business-534,Redes,LG,Business-534,"Punto de acceso WiFi de LG, modelo Business-534, diseñado para uso doméstico, empresarial o profesional.",5906.34,27,Proveedor 04,Disponible
1721,Cámara IP LG Max-897,Redes,LG,Max-897,"Cámara IP de LG, modelo Max-897, diseñado para uso doméstico, empresarial o profesional.",25410.55,7,Proveedor 08,Disponible
1722,Antena PtMP ASUS Max-209,Redes,ASUS,Max-209,"Antena PtMP de ASUS, modelo Max-209, diseñado para uso doméstico, empresarial o profesional.",2034.35,2,Proveedor 25,Disponible
1723,Antena PtMP Acer Max-306,Redes,Acer,Max-306,"Antena PtMP de Acer, modelo Max-306, diseñado para uso doméstico, empresarial o profesional.",19180.6,8,Proveedor 08,Disponible
1724,Antena PtMP Dell Max-678,Redes,Dell,Max-678,"Antena PtMP de Dell, modelo Max-678, diseñado para uso doméstico, empresarial o profesional.",1422.65,123,Proveedor 02,Disponible
1725,Punto de acceso WiFi Samsung Basic-416,Redes,Samsung,Basic-416,"Punto de acceso WiFi de Samsung, modelo Basic-416, diseñado para uso doméstico, empresarial o profesional.",333.68,91,Proveedor 25,Disponible
1726,Antena PtMP Huawei Max-299,Redes,Huawei,Max-299,"Antena PtMP de Huawei, modelo Max-299, diseñado para uso doméstico, empresarial o profesional.",9489.02,100,Proveedor 24,Disponible
1727,Firewall Lenovo Business-790,Redes,Lenovo,Business-790,"Firewall de Lenovo, modelo Business-790, diseñado para uso doméstico, empresarial o profesional.",2993.6,104,Proveedor 24,Disponible
1728,Cable UTP HP Max-926,Redes,HP,Max-926,"Cable UTP de HP, modelo Max-926, diseñado para uso doméstico, empresarial o profesional.",23269.8,6,Proveedor 19,Disponible
1729,Patch panel Brother Max-989,Redes,Brother,Max-989,"Patch panel de Brother, modelo Max-989, diseñado para uso doméstico, empresarial o profesional.",25572.65,74,Proveedor 06,Disponible
1730,Teléfono IP Hikvision Basic-740,Redes,Hikvision,Basic-740,"Teléfono IP de Hikvision, modelo Basic-740, diseñado para uso doméstico, empresarial o profesional.",2871.26,59,Proveedor 07,Disponible
1731,Teléfono IP ASUS Max-628,Redes,ASUS,Max-628,"Teléfono IP de ASUS, modelo Max-628, diseñado para uso doméstico, empresarial o profesional.",29768.98,133,Proveedor 25,Disponible
1732,Firewall Hikvision Enterprise-234,Redes,Hikvision,Enterprise-234,"Firewall de Hikvision, modelo Enterprise-234, diseñado para uso doméstico, empresarial o profesional.",10223.5,92,Proveedor 20,Disponible
1733,Patch panel Cisco Business-892,Redes,Cisco,Business-892,"Patch panel de Cisco, modelo Business-892, diseñado para uso doméstico, empresarial o profesional.",20511.57,61,Proveedor 07,Disponible
1734,Conector RJ45 AMD Basic-256,Redes,AMD,Basic-256,"Conector RJ45 de AMD, modelo Basic-256, diseñado para uso doméstico, empresarial o profesional.",17041.67,127,Proveedor 04,Disponible
1735,Punto de acceso WiFi Lenovo Enterprise-991,Redes,Lenovo,Enterprise-991,"Punto de acceso WiFi de Lenovo, modelo Enterprise-991, diseñado para uso doméstico, empresarial o profesional.",9341.51,22,Proveedor 16,Disponible
1736,Cámara IP Hikvision Plus-273,Redes,Hikvision,Plus-273,"Cámara IP de Hikvision, modelo Plus-273, diseñado para uso doméstico, empresarial o profesional.",28026.95,41,Proveedor 03,Disponible
1737,Antena PtMP Intel Plus-461,Redes,Intel,Plus-461,"Antena PtMP de Intel, modelo Plus-461, diseñado para uso doméstico, empresarial o profesional.",2749.74,45,Proveedor 23,Disponible
1738,Rack Logitech Ultra-362,Redes,Logitech,Ultra-362,"Rack de Logitech, modelo Ultra-362, diseñado para uso doméstico, empresarial o profesional.",22913.34,113,Proveedor 21,Disponible
1739,Teléfono IP HP Max-599,Redes,HP,Max-599,"Teléfono IP de HP, modelo Max-599, diseñado para uso doméstico, empresarial o profesional.",1264.61,73,Proveedor 13,Disponible
1740,Patch panel AMD Business-232,Redes,AMD,Business-232,"Patch panel de AMD, modelo Business-232, diseñado para uso doméstico, empresarial o profesional.",13269.56,131,Proveedor 20,Disponible
1741,Firewall LG Basic-798,Redes,LG,Basic-798,"Firewall de LG, modelo Basic-798, diseñado para uso doméstico, empresarial o profesional.",12442.77,115,Proveedor 09,Disponible
1742,Punto de acceso WiFi AMD Business-158,Redes,AMD,Business-158,"Punto de acceso WiFi de AMD, modelo Business-158, diseñado para uso doméstico, empresarial o profesional.",22251.99,62,Proveedor 23,Disponible
1743,Cable UTP TP-Link Pro-973,Redes,TP-Link,Pro-973,"Cable UTP de TP-Link, modelo Pro-973, diseñado para uso doméstico, empresarial o profesional.",3230.52,96,Proveedor 06,Disponible
1744,Conector RJ45 Huawei Enterprise-174,Redes,Huawei,Enterprise-174,"Conector RJ45 de Huawei, modelo Enterprise-174, diseñado para uso doméstico, empresarial o profesional.",6753.69,118,Proveedor 22,Disponible
1745,Cámara IP LG Ultra-579,Redes,LG,Ultra-579,"Cámara IP de LG, modelo Ultra-579, diseñado para uso doméstico, empresarial o profesional.",19303.14,119,Proveedor 04,Disponible
1746,Cámara IP ASUS Business-210,Redes,ASUS,Business-210,"Cámara IP de ASUS, modelo Business-210, diseñado para uso doméstico, empresarial o profesional.",27530.41,101,Proveedor 25,Disponible
1747,Patch panel Acer Ultra-436,Redes,Acer,Ultra-436,"Patch panel de Acer, modelo Ultra-436, diseñado para uso doméstico, empresarial o profesional.",2008.99,87,Proveedor 20,Disponible
1748,Rack Acer Business-859,Redes,Acer,Business-859,"Rack de Acer, modelo Business-859, diseñado para uso doméstico, empresarial o profesional.",14328.49,71,Proveedor 15,Disponible
1749,Punto de acceso WiFi Tripp Lite Pro-581,Redes,Tripp Lite,Pro-581,"Punto de acceso WiFi de Tripp Lite, modelo Pro-581, diseñado para uso doméstico, empresarial o profesional.",4433.77,54,Proveedor 11,Disponible
1750,Conector RJ45 Cisco Max-892,Redes,Cisco,Max-892,"Conector RJ45 de Cisco, modelo Max-892, diseñado para uso doméstico, empresarial o profesional.",11458.12,92,Proveedor 14,Disponible
1751,Rack Acer Basic-316,Redes,Acer,Basic-316,"Rack de Acer, modelo Basic-316, diseñado para uso doméstico, empresarial o profesional.",26051.18,108,Proveedor 09,Disponible
1752,Antena PtMP ASUS Basic-245,Redes,ASUS,Basic-245,"Antena PtMP de ASUS, modelo Basic-245, diseñado para uso doméstico, empresarial o profesional.",2152.23,103,Proveedor 03,Disponible
1753,Antena PtMP Hikvision Enterprise-529,Redes,Hikvision,Enterprise-529,"Antena PtMP de Hikvision, modelo Enterprise-529, diseñado para uso doméstico, empresarial o profesional.",15781.36,66,Proveedor 06,Disponible
1754,Punto de acceso WiFi Dell Ultra-450,Redes,Dell,Ultra-450,"Punto de acceso WiFi de Dell, modelo Ultra-450, diseñado para uso doméstico, empresarial o profesional.",28903.9,76,Proveedor 06,Disponible
1755,Antena PtP LG Ultra-593,Redes,LG,Ultra-593,"Antena PtP de LG, modelo Ultra-593, diseñado para uso doméstico, empresarial o profesional.",14306.94,41,Proveedor 23,Disponible
1756,Patch panel LG Business-684,Redes,LG,Business-684,"Patch panel de LG, modelo Business-684, diseñado para uso doméstico, empresarial o profesional.",11723.01,2,Proveedor 18,Disponible
1757,Conector RJ45 Acer Basic-840,Redes,Acer,Basic-840,"Conector RJ45 de Acer, modelo Basic-840, diseñado para uso doméstico, empresarial o profesional.",20065.44,37,Proveedor 11,Disponible
1758,Firewall TP-Link Pro-569,Redes,TP-Link,Pro-569,"Firewall de TP-Link, modelo Pro-569, diseñado para uso doméstico, empresarial o profesional.",28019.88,127,Proveedor 11,Disponible
1759,Cámara IP Ubiquiti Plus-633,Redes,Ubiquiti,Plus-633,"Cámara IP de Ubiquiti, modelo Plus-633, diseñado para uso doméstico, empresarial o profesional.",21690.8,115,Proveedor 05,Disponible
1760,Rack Intel Basic-137,Redes,Intel,Basic-137,"Rack de Intel, modelo Basic-137, diseñado para uso doméstico, empresarial o profesional.",6621.19,48,Proveedor 14,Disponible
1761,Cable UTP ASUS Max-486,Redes,ASUS,Max-486,"Cable UTP de ASUS, modelo Max-486, diseñado para uso doméstico, empresarial o profesional.",6546.83,53,Proveedor 07,Disponible
1762,Conector RJ45 TP-Link Plus-933,Redes,TP-Link,Plus-933,"Conector RJ45 de TP-Link, modelo Plus-933, diseñado para uso doméstico, empresarial o profesional.",10964.73,77,Proveedor 10,Disponible
1763,Cable UTP HP Business-611,Redes,HP,Business-611,"Cable UTP de HP, modelo Business-611, diseñado para uso doméstico, empresarial o profesional.",19495.44,116,Proveedor 14,Disponible
1764,Patch panel LG Plus-948,Redes,LG,Plus-948,"Patch panel de LG, modelo Plus-948, diseñado para uso doméstico, empresarial o profesional.",16310.61,133,Proveedor 25,Disponible
1765,Firewall HP Pro-569,Redes,HP,Pro-569,"Firewall de HP, modelo Pro-569, diseñado para uso doméstico, empresarial o profesional.",12897.24,45,Proveedor 18,Disponible
1766,Conector RJ45 ASUS Max-546,Redes,ASUS,Max-546,"Conector RJ45 de ASUS, modelo Max-546, diseñado para uso doméstico, empresarial o profesional.",11496.37,111,Proveedor 21,Disponible
1767,Antena PtMP AMD Enterprise-201,Redes,AMD,Enterprise-201,"Antena PtMP de AMD, modelo Enterprise-201, diseñado para uso doméstico, empresarial o profesional.",29861.27,26,Proveedor 03,Disponible
1768,Punto de acceso WiFi AMD Ultra-206,Redes,AMD,Ultra-206,"Punto de acceso WiFi de AMD, modelo Ultra-206, diseñado para uso doméstico, empresarial o profesional.",14932.44,139,Proveedor 04,Disponible
1769,Rack APC Max-925,Redes,APC,Max-925,"Rack de APC, modelo Max-925, diseñado para uso doméstico, empresarial o profesional.",1056.46,74,Proveedor 14,Disponible
1770,Antena PtP Epson Enterprise-565,Redes,Epson,Enterprise-565,"Antena PtP de Epson, modelo Enterprise-565, diseñado para uso doméstico, empresarial o profesional.",16583.51,29,Proveedor 07,Disponible
1771,Rack HP Plus-912,Redes,HP,Plus-912,"Rack de HP, modelo Plus-912, diseñado para uso doméstico, empresarial o profesional.",27427.76,105,Proveedor 21,Disponible
1772,Patch panel TP-Link Plus-900,Redes,TP-Link,Plus-900,"Patch panel de TP-Link, modelo Plus-900, diseñado para uso doméstico, empresarial o profesional.",6780.18,72,Proveedor 09,Disponible
1773,Antena PtMP Kingston Enterprise-914,Redes,Kingston,Enterprise-914,"Antena PtMP de Kingston, modelo Enterprise-914, diseñado para uso doméstico, empresarial o profesional.",27287.38,61,Proveedor 01,Disponible
1774,Patch panel Cisco Basic-126,Redes,Cisco,Basic-126,"Patch panel de Cisco, modelo Basic-126, diseñado para uso doméstico, empresarial o profesional.",4668.99,95,Proveedor 17,Disponible
1775,Conector RJ45 Samsung Plus-274,Redes,Samsung,Plus-274,"Conector RJ45 de Samsung, modelo Plus-274, diseñado para uso doméstico, empresarial o profesional.",28778.08,110,Proveedor 08,Disponible
1776,Cable UTP Huawei Pro-731,Redes,Huawei,Pro-731,"Cable UTP de Huawei, modelo Pro-731, diseñado para uso doméstico, empresarial o profesional.",19361.48,13,Proveedor 19,Disponible
1777,Patch panel Lenovo Business-499,Redes,Lenovo,Business-499,"Patch panel de Lenovo, modelo Business-499, diseñado para uso doméstico, empresarial o profesional.",29322.48,44,Proveedor 13,Disponible
1778,Firewall APC Pro-547,Redes,APC,Pro-547,"Firewall de APC, modelo Pro-547, diseñado para uso doméstico, empresarial o profesional.",6990.61,32,Proveedor 17,Disponible
1779,Cámara IP Intel Enterprise-501,Redes,Intel,Enterprise-501,"Cámara IP de Intel, modelo Enterprise-501, diseñado para uso doméstico, empresarial o profesional.",25303.48,66,Proveedor 18,Disponible
1780,Teléfono IP Samsung Pro-195,Redes,Samsung,Pro-195,"Teléfono IP de Samsung, modelo Pro-195, diseñado para uso doméstico, empresarial o profesional.",2870.5,111,Proveedor 01,Disponible
1781,Conector RJ45 Lenovo Basic-732,Redes,Lenovo,Basic-732,"Conector RJ45 de Lenovo, modelo Basic-732, diseñado para uso doméstico, empresarial o profesional.",21250.67,20,Proveedor 19,Disponible
1782,Patch panel TP-Link Business-851,Redes,TP-Link,Business-851,"Patch panel de TP-Link, modelo Business-851, diseñado para uso doméstico, empresarial o profesional.",3986.0,116,Proveedor 21,Disponible
1783,Firewall ASUS Pro-768,Redes,ASUS,Pro-768,"Firewall de ASUS, modelo Pro-768, diseñado para uso doméstico, empresarial o profesional.",26945.44,76,Proveedor 07,Disponible
1784,Cable UTP Epson Business-898,Redes,Epson,Business-898,"Cable UTP de Epson, modelo Business-898, diseñado para uso doméstico, empresarial o profesional.",24228.35,96,Proveedor 25,Disponible
1785,Antena PtMP Cisco Plus-184,Redes,Cisco,Plus-184,"Antena PtMP de Cisco, modelo Plus-184, diseñado para uso doméstico, empresarial o profesional.",28054.48,5,Proveedor 21,Disponible
1786,Conector RJ45 HP Basic-570,Redes,HP,Basic-570,"Conector RJ45 de HP, modelo Basic-570, diseñado para uso doméstico, empresarial o profesional.",27821.79,31,Proveedor 04,Disponible
1787,Teléfono IP Kingston Plus-284,Redes,Kingston,Plus-284,"Teléfono IP de Kingston, modelo Plus-284, diseñado para uso doméstico, empresarial o profesional.",2855.89,126,Proveedor 12,Disponible
1788,Antena PtP Huawei Basic-602,Redes,Huawei,Basic-602,"Antena PtP de Huawei, modelo Basic-602, diseñado para uso doméstico, empresarial o profesional.",23879.61,105,Proveedor 03,Disponible
1789,Rack Dell Pro-803,Redes,Dell,Pro-803,"Rack de Dell, modelo Pro-803, diseñado para uso doméstico, empresarial o profesional.",12643.62,80,Proveedor 21,Disponible
1790,Rack ASUS Pro-405,Redes,ASUS,Pro-405,"Rack de ASUS, modelo Pro-405, diseñado para uso doméstico, empresarial o profesional.",383.4,45,Proveedor 22,Disponible
1791,Conector RJ45 AMD Enterprise-132,Redes,AMD,Enterprise-132,"Conector RJ45 de AMD, modelo Enterprise-132, diseñado para uso doméstico, empresarial o profesional.",3586.84,87,Proveedor 12,Disponible
1792,Rack AMD Max-659,Redes,AMD,Max-659,"Rack de AMD, modelo Max-659, diseñado para uso doméstico, empresarial o profesional.",230.04,133,Proveedor 24,Disponible
1793,Antena PtMP HP Pro-720,Redes,HP,Pro-720,"Antena PtMP de HP, modelo Pro-720, diseñado para uso doméstico, empresarial o profesional.",964.29,5,Proveedor 17,Disponible
1794,Cable UTP Lenovo Pro-987,Redes,Lenovo,Pro-987,"Cable UTP de Lenovo, modelo Pro-987, diseñado para uso doméstico, empresarial o profesional.",10997.53,55,Proveedor 01,Disponible
1795,Firewall Lenovo Pro-185,Redes,Lenovo,Pro-185,"Firewall de Lenovo, modelo Pro-185, diseñado para uso doméstico, empresarial o profesional.",21854.1,32,Proveedor 09,Disponible
1796,Antena PtMP Brother Pro-194,Redes,Brother,Pro-194,"Antena PtMP de Brother, modelo Pro-194, diseñado para uso doméstico, empresarial o profesional.",10508.72,141,Proveedor 21,Disponible
1797,Antena PtMP Hikvision Business-928,Redes,Hikvision,Business-928,"Antena PtMP de Hikvision, modelo Business-928, diseñado para uso doméstico, empresarial o profesional.",14914.39,131,Proveedor 13,Disponible
1798,Antena PtP Logitech Pro-302,Redes,Logitech,Pro-302,"Antena PtP de Logitech, modelo Pro-302, diseñado para uso doméstico, empresarial o profesional.",20636.76,71,Proveedor 13,Disponible
1799,Cámara IP Intel Enterprise-884,Redes,Intel,Enterprise-884,"Cámara IP de Intel, modelo Enterprise-884, diseñado para uso doméstico, empresarial o profesional.",17660.36,42,Proveedor 07,Disponible
1800,Rack Ubiquiti Ultra-533,Redes,Ubiquiti,Ultra-533,"Rack de Ubiquiti, modelo Ultra-533, diseñado para uso doméstico, empresarial o profesional.",17922.19,69,Proveedor 11,Disponible
1801,Conector RJ45 HP Max-492,Redes,HP,Max-492,"Conector RJ45 de HP, modelo Max-492, diseñado para uso doméstico, empresarial o profesional.",12925.04,145,Proveedor 12,Disponible
1802,Firewall Dell Ultra-271,Redes,Dell,Ultra-271,"Firewall de Dell, modelo Ultra-271, diseñado para uso doméstico, empresarial o profesional.",26692.33,130,Proveedor 09,Disponible
1803,Conector RJ45 Ubiquiti Plus-718,Redes,Ubiquiti,Plus-718,"Conector RJ45 de Ubiquiti, modelo Plus-718, diseñado para uso doméstico, empresarial o profesional.",24814.46,135,Proveedor 12,Disponible
1804,Patch panel TP-Link Basic-284,Redes,TP-Link,Basic-284,"Patch panel de TP-Link, modelo Basic-284, diseñado para uso doméstico, empresarial o profesional.",24286.49,109,Proveedor 06,Disponible
1805,Firewall Epson Basic-320,Redes,Epson,Basic-320,"Firewall de Epson, modelo Basic-320, diseñado para uso doméstico, empresarial o profesional.",19736.08,95,Proveedor 05,Disponible
1806,Firewall HP Basic-426,Redes,HP,Basic-426,"Firewall de HP, modelo Basic-426, diseñado para uso doméstico, empresarial o profesional.",20673.71,84,Proveedor 07,Disponible
1807,Rack Intel Enterprise-429,Redes,Intel,Enterprise-429,"Rack de Intel, modelo Enterprise-429, diseñado para uso doméstico, empresarial o profesional.",26970.42,143,Proveedor 03,Disponible
1808,Patch panel Kingston Max-317,Redes,Kingston,Max-317,"Patch panel de Kingston, modelo Max-317, diseñado para uso doméstico, empresarial o profesional.",15855.69,26,Proveedor 18,Disponible
1809,Antena PtMP AMD Enterprise-980,Redes,AMD,Enterprise-980,"Antena PtMP de AMD, modelo Enterprise-980, diseñado para uso doméstico, empresarial o profesional.",20166.64,146,Proveedor 21,Disponible
1810,Patch panel Ubiquiti Plus-932,Redes,Ubiquiti,Plus-932,"Patch panel de Ubiquiti, modelo Plus-932, diseñado para uso doméstico, empresarial o profesional.",9658.03,50,Proveedor 02,Disponible
1811,Rack Brother Basic-381,Redes,Brother,Basic-381,"Rack de Brother, modelo Basic-381, diseñado para uso doméstico, empresarial o profesional.",12683.42,31,Proveedor 15,Disponible
1812,Teléfono IP AMD Plus-705,Redes,AMD,Plus-705,"Teléfono IP de AMD, modelo Plus-705, diseñado para uso doméstico, empresarial o profesional.",11535.1,147,Proveedor 01,Disponible
1813,Antena PtMP TP-Link Business-902,Redes,TP-Link,Business-902,"Antena PtMP de TP-Link, modelo Business-902, diseñado para uso doméstico, empresarial o profesional.",25694.6,1,Proveedor 15,Disponible
1814,Antena PtMP Lenovo Enterprise-512,Redes,Lenovo,Enterprise-512,"Antena PtMP de Lenovo, modelo Enterprise-512, diseñado para uso doméstico, empresarial o profesional.",1187.29,136,Proveedor 17,Disponible
1815,Punto de acceso WiFi Samsung Business-116,Redes,Samsung,Business-116,"Punto de acceso WiFi de Samsung, modelo Business-116, diseñado para uso doméstico, empresarial o profesional.",2158.07,24,Proveedor 14,Disponible
1816,Antena PtMP Logitech Plus-871,Redes,Logitech,Plus-871,"Antena PtMP de Logitech, modelo Plus-871, diseñado para uso doméstico, empresarial o profesional.",10427.07,20,Proveedor 18,Disponible
1817,Firewall Brother Max-148,Redes,Brother,Max-148,"Firewall de Brother, modelo Max-148, diseñado para uso doméstico, empresarial o profesional.",11848.36,116,Proveedor 16,Disponible
1818,Cámara IP LG Max-205,Redes,LG,Max-205,"Cámara IP de LG, modelo Max-205, diseñado para uso doméstico, empresarial o profesional.",956.3,12,Proveedor 01,Disponible
1819,Teléfono IP HP Plus-982,Redes,HP,Plus-982,"Teléfono IP de HP, modelo Plus-982, diseñado para uso doméstico, empresarial o profesional.",20652.96,111,Proveedor 08,Disponible
1820,Teléfono IP Dell Pro-841,Redes,Dell,Pro-841,"Teléfono IP de Dell, modelo Pro-841, diseñado para uso doméstico, empresarial o profesional.",27076.11,94,Proveedor 18,Disponible
1821,Punto de acceso WiFi Cisco Plus-903,Redes,Cisco,Plus-903,"Punto de acceso WiFi de Cisco, modelo Plus-903, diseñado para uso doméstico, empresarial o profesional.",1368.84,12,Proveedor 10,Disponible
1822,Cámara IP Logitech Plus-804,Redes,Logitech,Plus-804,"Cámara IP de Logitech, modelo Plus-804, diseñado para uso doméstico, empresarial o profesional.",18413.5,97,Proveedor 09,Disponible
1823,Teléfono IP Lenovo Max-571,Redes,Lenovo,Max-571,"Teléfono IP de Lenovo, modelo Max-571, diseñado para uso doméstico, empresarial o profesional.",3667.45,81,Proveedor 05,Disponible
1824,Conector RJ45 Ubiquiti Business-557,Redes,Ubiquiti,Business-557,"Conector RJ45 de Ubiquiti, modelo Business-557, diseñado para uso doméstico, empresarial o profesional.",20073.6,133,Proveedor 17,Disponible
1825,Antena PtP Intel Ultra-777,Redes,Intel,Ultra-777,"Antena PtP de Intel, modelo Ultra-777, diseñado para uso doméstico, empresarial o profesional.",14743.91,71,Proveedor 11,Disponible
1826,Rack Epson Basic-370,Redes,Epson,Basic-370,"Rack de Epson, modelo Basic-370, diseñado para uso doméstico, empresarial o profesional.",23004.76,21,Proveedor 12,Disponible
1827,Cable UTP Epson Business-762,Redes,Epson,Business-762,"Cable UTP de Epson, modelo Business-762, diseñado para uso doméstico, empresarial o profesional.",22079.23,52,Proveedor 23,Disponible
1828,Cámara IP Dell Ultra-161,Redes,Dell,Ultra-161,"Cámara IP de Dell, modelo Ultra-161, diseñado para uso doméstico, empresarial o profesional.",6437.27,55,Proveedor 15,Disponible
1829,Patch panel Acer Ultra-207,Redes,Acer,Ultra-207,"Patch panel de Acer, modelo Ultra-207, diseñado para uso doméstico, empresarial o profesional.",10266.27,135,Proveedor 17,Disponible
1830,Firewall Kingston Business-564,Redes,Kingston,Business-564,"Firewall de Kingston, modelo Business-564, diseñado para uso doméstico, empresarial o profesional.",19686.26,129,Proveedor 04,Disponible
1831,Teléfono IP Epson Plus-494,Redes,Epson,Plus-494,"Teléfono IP de Epson, modelo Plus-494, diseñado para uso doméstico, empresarial o profesional.",29253.94,131,Proveedor 07,Disponible
1832,Patch panel Acer Basic-384,Redes,Acer,Basic-384,"Patch panel de Acer, modelo Basic-384, diseñado para uso doméstico, empresarial o profesional.",12738.97,78,Proveedor 19,Disponible
1833,Cámara IP Lenovo Ultra-997,Redes,Lenovo,Ultra-997,"Cámara IP de Lenovo, modelo Ultra-997, diseñado para uso doméstico, empresarial o profesional.",3286.63,28,Proveedor 08,Disponible
1834,Punto de acceso WiFi Hikvision Pro-373,Redes,Hikvision,Pro-373,"Punto de acceso WiFi de Hikvision, modelo Pro-373, diseñado para uso doméstico, empresarial o profesional.",935.3,135,Proveedor 15,Disponible
1835,Firewall Logitech Basic-663,Redes,Logitech,Basic-663,"Firewall de Logitech, modelo Basic-663, diseñado para uso doméstico, empresarial o profesional.",2595.28,110,Proveedor 07,Disponible
1836,Teléfono IP Huawei Max-541,Redes,Huawei,Max-541,"Teléfono IP de Huawei, modelo Max-541, diseñado para uso doméstico, empresarial o profesional.",15277.17,13,Proveedor 15,Disponible
1837,Antena PtMP LG Basic-150,Redes,LG,Basic-150,"Antena PtMP de LG, modelo Basic-150, diseñado para uso doméstico, empresarial o profesional.",19486.76,108,Proveedor 07,Disponible
1838,Antena PtMP Acer Ultra-280,Redes,Acer,Ultra-280,"Antena PtMP de Acer, modelo Ultra-280, diseñado para uso doméstico, empresarial o profesional.",17853.95,135,Proveedor 20,Disponible
1839,Rack APC Ultra-211,Redes,APC,Ultra-211,"Rack de APC, modelo Ultra-211, diseñado para uso doméstico, empresarial o profesional.",20460.32,63,Proveedor 04,Disponible
1840,Antena PtP HP Basic-136,Redes,HP,Basic-136,"Antena PtP de HP, modelo Basic-136, diseñado para uso doméstico, empresarial o profesional.",17290.9,61,Proveedor 03,Disponible
1841,Cable UTP HP Plus-331,Redes,HP,Plus-331,"Cable UTP de HP, modelo Plus-331, diseñado para uso doméstico, empresarial o profesional.",26487.4,103,Proveedor 13,Disponible
1842,Patch panel HP Pro-851,Redes,HP,Pro-851,"Patch panel de HP, modelo Pro-851, diseñado para uso doméstico, empresarial o profesional.",24736.13,68,Proveedor 16,Disponible
1843,Antena PtP ASUS Enterprise-308,Redes,ASUS,Enterprise-308,"Antena PtP de ASUS, modelo Enterprise-308, diseñado para uso doméstico, empresarial o profesional.",10481.18,73,Proveedor 23,Disponible
1844,Conector RJ45 Kingston Business-103,Redes,Kingston,Business-103,"Conector RJ45 de Kingston, modelo Business-103, diseñado para uso doméstico, empresarial o profesional.",2899.74,128,Proveedor 23,Disponible
1845,Conector RJ45 Brother Business-412,Redes,Brother,Business-412,"Conector RJ45 de Brother, modelo Business-412, diseñado para uso doméstico, empresarial o profesional.",25588.71,61,Proveedor 06,Disponible
1846,Firewall Dell Pro-291,Redes,Dell,Pro-291,"Firewall de Dell, modelo Pro-291, diseñado para uso doméstico, empresarial o profesional.",10018.09,116,Proveedor 05,Disponible
1847,Punto de acceso WiFi Brother Ultra-442,Redes,Brother,Ultra-442,"Punto de acceso WiFi de Brother, modelo Ultra-442, diseñado para uso doméstico, empresarial o profesional.",703.14,67,Proveedor 03,Disponible
1848,Teléfono IP TP-Link Max-460,Redes,TP-Link,Max-460,"Teléfono IP de TP-Link, modelo Max-460, diseñado para uso doméstico, empresarial o profesional.",29088.68,149,Proveedor 01,Disponible
1849,Rack Epson Ultra-212,Redes,Epson,Ultra-212,"Rack de Epson, modelo Ultra-212, diseñado para uso doméstico, empresarial o profesional.",1431.68,4,Proveedor 19,Disponible
1850,Antena PtMP Epson Max-615,Redes,Epson,Max-615,"Antena PtMP de Epson, modelo Max-615, diseñado para uso doméstico, empresarial o profesional.",5085.76,37,Proveedor 25,Disponible
1851,Cámara IP HP Plus-923,Redes,HP,Plus-923,"Cámara IP de HP, modelo Plus-923, diseñado para uso doméstico, empresarial o profesional.",22106.7,115,Proveedor 16,Disponible
1852,Firewall Tripp Lite Plus-779,Redes,Tripp Lite,Plus-779,"Firewall de Tripp Lite, modelo Plus-779, diseñado para uso doméstico, empresarial o profesional.",14635.88,93,Proveedor 15,Disponible
1853,Punto de acceso WiFi LG Plus-827,Redes,LG,Plus-827,"Punto de acceso WiFi de LG, modelo Plus-827, diseñado para uso doméstico, empresarial o profesional.",10065.47,132,Proveedor 25,Disponible
1854,Conector RJ45 Brother Basic-376,Redes,Brother,Basic-376,"Conector RJ45 de Brother, modelo Basic-376, diseñado para uso doméstico, empresarial o profesional.",20598.66,5,Proveedor 05,Disponible
1855,Patch panel Epson Business-245,Redes,Epson,Business-245,"Patch panel de Epson, modelo Business-245, diseñado para uso doméstico, empresarial o profesional.",10767.26,7,Proveedor 08,Disponible
1856,Conector RJ45 Ubiquiti Plus-311,Redes,Ubiquiti,Plus-311,"Conector RJ45 de Ubiquiti, modelo Plus-311, diseñado para uso doméstico, empresarial o profesional.",22351.4,49,Proveedor 13,Disponible
1857,Cámara IP Logitech Business-795,Redes,Logitech,Business-795,"Cámara IP de Logitech, modelo Business-795, diseñado para uso doméstico, empresarial o profesional.",16383.9,115,Proveedor 17,Disponible
1858,Teléfono IP Logitech Business-457,Redes,Logitech,Business-457,"Teléfono IP de Logitech, modelo Business-457, diseñado para uso doméstico, empresarial o profesional.",26648.81,100,Proveedor 19,Disponible
1859,Patch panel Logitech Plus-295,Redes,Logitech,Plus-295,"Patch panel de Logitech, modelo Plus-295, diseñado para uso doméstico, empresarial o profesional.",1309.71,133,Proveedor 23,Disponible
1860,Firewall AMD Basic-543,Redes,AMD,Basic-543,"Firewall de AMD, modelo Basic-543, diseñado para uso doméstico, empresarial o profesional.",23876.36,145,Proveedor 12,Disponible
1861,Antena PtMP HP Basic-610,Redes,HP,Basic-610,"Antena PtMP de HP, modelo Basic-610, diseñado para uso doméstico, empresarial o profesional.",27822.81,37,Proveedor 15,Disponible
1862,Teléfono IP APC Plus-738,Redes,APC,Plus-738,"Teléfono IP de APC, modelo Plus-738, diseñado para uso doméstico, empresarial o profesional.",16779.57,41,Proveedor 10,Disponible
1863,Rack Kingston Basic-918,Redes,Kingston,Basic-918,"Rack de Kingston, modelo Basic-918, diseñado para uso doméstico, empresarial o profesional.",8898.22,116,Proveedor 02,Disponible
1864,Antena PtP Kingston Enterprise-707,Redes,Kingston,Enterprise-707,"Antena PtP de Kingston, modelo Enterprise-707, diseñado para uso doméstico, empresarial o profesional.",3773.2,125,Proveedor 10,Disponible
1865,Punto de acceso WiFi Ubiquiti Plus-776,Redes,Ubiquiti,Plus-776,"Punto de acceso WiFi de Ubiquiti, modelo Plus-776, diseñado para uso doméstico, empresarial o profesional.",25036.57,12,Proveedor 09,Disponible
1866,Teléfono IP LG Plus-904,Redes,LG,Plus-904,"Teléfono IP de LG, modelo Plus-904, diseñado para uso doméstico, empresarial o profesional.",25781.6,143,Proveedor 05,Disponible
1867,Cámara IP Logitech Pro-850,Redes,Logitech,Pro-850,"Cámara IP de Logitech, modelo Pro-850, diseñado para uso doméstico, empresarial o profesional.",5966.08,149,Proveedor 03,Disponible
1868,Antena PtMP Epson Basic-584,Redes,Epson,Basic-584,"Antena PtMP de Epson, modelo Basic-584, diseñado para uso doméstico, empresarial o profesional.",27993.41,63,Proveedor 22,Disponible
1869,Patch panel Ubiquiti Ultra-200,Redes,Ubiquiti,Ultra-200,"Patch panel de Ubiquiti, modelo Ultra-200, diseñado para uso doméstico, empresarial o profesional.",26799.57,77,Proveedor 20,Disponible
1870,Antena PtMP ASUS Max-546,Redes,ASUS,Max-546,"Antena PtMP de ASUS, modelo Max-546, diseñado para uso doméstico, empresarial o profesional.",20393.38,82,Proveedor 19,Disponible
1871,Teléfono IP Acer Plus-238,Redes,Acer,Plus-238,"Teléfono IP de Acer, modelo Plus-238, diseñado para uso doméstico, empresarial o profesional.",12536.06,51,Proveedor 10,Disponible
1872,Antena PtMP Dell Plus-680,Redes,Dell,Plus-680,"Antena PtMP de Dell, modelo Plus-680, diseñado para uso doméstico, empresarial o profesional.",27819.39,118,Proveedor 18,Disponible
1873,Teléfono IP Huawei Enterprise-996,Redes,Huawei,Enterprise-996,"Teléfono IP de Huawei, modelo Enterprise-996, diseñado para uso doméstico, empresarial o profesional.",25028.86,24,Proveedor 05,Disponible
1874,Cable UTP Hikvision Business-420,Redes,Hikvision,Business-420,"Cable UTP de Hikvision, modelo Business-420, diseñado para uso doméstico, empresarial o profesional.",15154.15,91,Proveedor 15,Disponible
1875,Firewall Ubiquiti Ultra-530,Redes,Ubiquiti,Ultra-530,"Firewall de Ubiquiti, modelo Ultra-530, diseñado para uso doméstico, empresarial o profesional.",28846.49,118,Proveedor 01,Disponible
1876,Papel TP-Link Enterprise-531,Oficina,TP-Link,Enterprise-531,"Papel de TP-Link, modelo Enterprise-531, diseñado para uso doméstico, empresarial o profesional.",1619.07,35,Proveedor 20,Disponible
1877,Engrapadora Epson Max-624,Oficina,Epson,Max-624,"Engrapadora de Epson, modelo Max-624, diseñado para uso doméstico, empresarial o profesional.",6734.81,139,Proveedor 19,Disponible
1878,Engrapadora Cisco Enterprise-965,Oficina,Cisco,Enterprise-965,"Engrapadora de Cisco, modelo Enterprise-965, diseñado para uso doméstico, empresarial o profesional.",7086.09,103,Proveedor 22,Disponible
1879,Impresora Hikvision Enterprise-881,Oficina,Hikvision,Enterprise-881,"Impresora de Hikvision, modelo Enterprise-881, diseñado para uso doméstico, empresarial o profesional.",15752.15,117,Proveedor 02,Disponible
1880,Escáner Cisco Plus-949,Oficina,Cisco,Plus-949,"Escáner de Cisco, modelo Plus-949, diseñado para uso doméstico, empresarial o profesional.",17751.54,27,Proveedor 11,Disponible
1881,Organizador HP Enterprise-397,Oficina,HP,Enterprise-397,"Organizador de HP, modelo Enterprise-397, diseñado para uso doméstico, empresarial o profesional.",10191.02,84,Proveedor 02,Disponible
1882,Escáner Intel Business-623,Oficina,Intel,Business-623,"Escáner de Intel, modelo Business-623, diseñado para uso doméstico, empresarial o profesional.",13316.36,13,Proveedor 23,Disponible
1883,Calculadora APC Pro-675,Oficina,APC,Pro-675,"Calculadora de APC, modelo Pro-675, diseñado para uso doméstico, empresarial o profesional.",13335.42,126,Proveedor 05,Disponible
1884,Calculadora Lenovo Plus-743,Oficina,Lenovo,Plus-743,"Calculadora de Lenovo, modelo Plus-743, diseñado para uso doméstico, empresarial o profesional.",5616.71,1,Proveedor 16,Disponible
1885,Organizador Acer Basic-168,Oficina,Acer,Basic-168,"Organizador de Acer, modelo Basic-168, diseñado para uso doméstico, empresarial o profesional.",30.64,30,Proveedor 17,Disponible
1886,Escáner Epson Pro-206,Oficina,Epson,Pro-206,"Escáner de Epson, modelo Pro-206, diseñado para uso doméstico, empresarial o profesional.",8543.15,129,Proveedor 15,Disponible
1887,Escritorio Cisco Basic-407,Oficina,Cisco,Basic-407,"Escritorio de Cisco, modelo Basic-407, diseñado para uso doméstico, empresarial o profesional.",7299.9,47,Proveedor 08,Disponible
1888,Papel Logitech Enterprise-727,Oficina,Logitech,Enterprise-727,"Papel de Logitech, modelo Enterprise-727, diseñado para uso doméstico, empresarial o profesional.",12273.33,31,Proveedor 14,Disponible
1889,Proyector TP-Link Pro-245,Oficina,TP-Link,Pro-245,"Proyector de TP-Link, modelo Pro-245, diseñado para uso doméstico, empresarial o profesional.",14739.35,61,Proveedor 06,Disponible
1890,Papel Tripp Lite Pro-587,Oficina,Tripp Lite,Pro-587,"Papel de Tripp Lite, modelo Pro-587, diseñado para uso doméstico, empresarial o profesional.",8663.98,74,Proveedor 22,Disponible
1891,Escáner Intel Ultra-476,Oficina,Intel,Ultra-476,"Escáner de Intel, modelo Ultra-476, diseñado para uso doméstico, empresarial o profesional.",12028.56,100,Proveedor 13,Disponible
1892,Escáner Hikvision Ultra-933,Oficina,Hikvision,Ultra-933,"Escáner de Hikvision, modelo Ultra-933, diseñado para uso doméstico, empresarial o profesional.",7664.25,7,Proveedor 10,Disponible
1893,Archivero HP Max-498,Oficina,HP,Max-498,"Archivero de HP, modelo Max-498, diseñado para uso doméstico, empresarial o profesional.",228.02,77,Proveedor 02,Disponible
1894,Organizador Hikvision Basic-463,Oficina,Hikvision,Basic-463,"Organizador de Hikvision, modelo Basic-463, diseñado para uso doméstico, empresarial o profesional.",17331.45,119,Proveedor 24,Disponible
1895,Archivero Logitech Basic-262,Oficina,Logitech,Basic-262,"Archivero de Logitech, modelo Basic-262, diseñado para uso doméstico, empresarial o profesional.",6458.73,128,Proveedor 07,Disponible
1896,Silla de oficina APC Ultra-625,Oficina,APC,Ultra-625,"Silla de oficina de APC, modelo Ultra-625, diseñado para uso doméstico, empresarial o profesional.",1157.9,38,Proveedor 12,Disponible
1897,Organizador Samsung Ultra-832,Oficina,Samsung,Ultra-832,"Organizador de Samsung, modelo Ultra-832, diseñado para uso doméstico, empresarial o profesional.",15460.19,35,Proveedor 09,Disponible
1898,Engrapadora Huawei Basic-959,Oficina,Huawei,Basic-959,"Engrapadora de Huawei, modelo Basic-959, diseñado para uso doméstico, empresarial o profesional.",11623.06,96,Proveedor 16,Disponible
1899,Organizador ASUS Max-825,Oficina,ASUS,Max-825,"Organizador de ASUS, modelo Max-825, diseñado para uso doméstico, empresarial o profesional.",16695.6,134,Proveedor 09,Disponible
1900,Proyector Samsung Max-694,Oficina,Samsung,Max-694,"Proyector de Samsung, modelo Max-694, diseñado para uso doméstico, empresarial o profesional.",6285.27,103,Proveedor 03,Disponible
1901,Impresora TP-Link Enterprise-850,Oficina,TP-Link,Enterprise-850,"Impresora de TP-Link, modelo Enterprise-850, diseñado para uso doméstico, empresarial o profesional.",2890.46,24,Proveedor 22,Disponible
1902,Escáner Brother Business-587,Oficina,Brother,Business-587,"Escáner de Brother, modelo Business-587, diseñado para uso doméstico, empresarial o profesional.",5846.16,59,Proveedor 25,Disponible
1903,Calculadora HP Pro-845,Oficina,HP,Pro-845,"Calculadora de HP, modelo Pro-845, diseñado para uso doméstico, empresarial o profesional.",16067.74,107,Proveedor 03,Disponible
1904,Impresora AMD Plus-217,Oficina,AMD,Plus-217,"Impresora de AMD, modelo Plus-217, diseñado para uso doméstico, empresarial o profesional.",702.41,18,Proveedor 15,Disponible
1905,Silla de oficina AMD Business-960,Oficina,AMD,Business-960,"Silla de oficina de AMD, modelo Business-960, diseñado para uso doméstico, empresarial o profesional.",559.39,44,Proveedor 11,Disponible
1906,Escáner Hikvision Ultra-236,Oficina,Hikvision,Ultra-236,"Escáner de Hikvision, modelo Ultra-236, diseñado para uso doméstico, empresarial o profesional.",17800.01,146,Proveedor 18,Disponible
1907,Calculadora Acer Plus-602,Oficina,Acer,Plus-602,"Calculadora de Acer, modelo Plus-602, diseñado para uso doméstico, empresarial o profesional.",7892.14,73,Proveedor 08,Disponible
1908,Calculadora ASUS Ultra-933,Oficina,ASUS,Ultra-933,"Calculadora de ASUS, modelo Ultra-933, diseñado para uso doméstico, empresarial o profesional.",9527.67,49,Proveedor 03,Disponible
1909,Organizador TP-Link Business-784,Oficina,TP-Link,Business-784,"Organizador de TP-Link, modelo Business-784, diseñado para uso doméstico, empresarial o profesional.",1758.82,8,Proveedor 05,Disponible
1910,Impresora LG Enterprise-517,Oficina,LG,Enterprise-517,"Impresora de LG, modelo Enterprise-517, diseñado para uso doméstico, empresarial o profesional.",10242.26,18,Proveedor 11,Disponible
1911,Proyector APC Ultra-294,Oficina,APC,Ultra-294,"Proyector de APC, modelo Ultra-294, diseñado para uso doméstico, empresarial o profesional.",14988.28,146,Proveedor 16,Disponible
1912,Papel LG Plus-733,Oficina,LG,Plus-733,"Papel de LG, modelo Plus-733, diseñado para uso doméstico, empresarial o profesional.",16198.61,35,Proveedor 03,Disponible
1913,Archivero Ubiquiti Business-485,Oficina,Ubiquiti,Business-485,"Archivero de Ubiquiti, modelo Business-485, diseñado para uso doméstico, empresarial o profesional.",15735.36,145,Proveedor 03,Disponible
1914,Proyector APC Plus-203,Oficina,APC,Plus-203,"Proyector de APC, modelo Plus-203, diseñado para uso doméstico, empresarial o profesional.",2149.16,59,Proveedor 02,Disponible
1915,Organizador Tripp Lite Plus-123,Oficina,Tripp Lite,Plus-123,"Organizador de Tripp Lite, modelo Plus-123, diseñado para uso doméstico, empresarial o profesional.",4055.66,74,Proveedor 09,Disponible
1916,Escritorio LG Basic-993,Oficina,LG,Basic-993,"Escritorio de LG, modelo Basic-993, diseñado para uso doméstico, empresarial o profesional.",15690.38,73,Proveedor 03,Disponible
1917,Papel Intel Pro-973,Oficina,Intel,Pro-973,"Papel de Intel, modelo Pro-973, diseñado para uso doméstico, empresarial o profesional.",9334.14,128,Proveedor 10,Disponible
1918,Escritorio AMD Basic-659,Oficina,AMD,Basic-659,"Escritorio de AMD, modelo Basic-659, diseñado para uso doméstico, empresarial o profesional.",12564.4,28,Proveedor 19,Disponible
1919,Archivero Logitech Business-130,Oficina,Logitech,Business-130,"Archivero de Logitech, modelo Business-130, diseñado para uso doméstico, empresarial o profesional.",609.98,107,Proveedor 09,Disponible
1920,Calculadora Samsung Enterprise-160,Oficina,Samsung,Enterprise-160,"Calculadora de Samsung, modelo Enterprise-160, diseñado para uso doméstico, empresarial o profesional.",2533.02,140,Proveedor 24,Disponible
1921,Silla de oficina Cisco Pro-605,Oficina,Cisco,Pro-605,"Silla de oficina de Cisco, modelo Pro-605, diseñado para uso doméstico, empresarial o profesional.",1340.23,144,Proveedor 20,Disponible
1922,Impresora LG Basic-526,Oficina,LG,Basic-526,"Impresora de LG, modelo Basic-526, diseñado para uso doméstico, empresarial o profesional.",10778.71,20,Proveedor 18,Disponible
1923,Archivero Lenovo Plus-840,Oficina,Lenovo,Plus-840,"Archivero de Lenovo, modelo Plus-840, diseñado para uso doméstico, empresarial o profesional.",780.09,9,Proveedor 16,Disponible
1924,Papel Epson Business-458,Oficina,Epson,Business-458,"Papel de Epson, modelo Business-458, diseñado para uso doméstico, empresarial o profesional.",7784.33,77,Proveedor 08,Disponible
1925,Impresora Cisco Basic-892,Oficina,Cisco,Basic-892,"Impresora de Cisco, modelo Basic-892, diseñado para uso doméstico, empresarial o profesional.",14079.35,50,Proveedor 18,Disponible
1926,Organizador Huawei Business-800,Oficina,Huawei,Business-800,"Organizador de Huawei, modelo Business-800, diseñado para uso doméstico, empresarial o profesional.",13290.49,141,Proveedor 16,Disponible
1927,Impresora Huawei Enterprise-486,Oficina,Huawei,Enterprise-486,"Impresora de Huawei, modelo Enterprise-486, diseñado para uso doméstico, empresarial o profesional.",12527.07,110,Proveedor 23,Disponible
1928,Escritorio Tripp Lite Pro-218,Oficina,Tripp Lite,Pro-218,"Escritorio de Tripp Lite, modelo Pro-218, diseñado para uso doméstico, empresarial o profesional.",7900.01,94,Proveedor 12,Disponible
1929,Calculadora Samsung Ultra-159,Oficina,Samsung,Ultra-159,"Calculadora de Samsung, modelo Ultra-159, diseñado para uso doméstico, empresarial o profesional.",4309.92,23,Proveedor 19,Disponible
1930,Impresora Epson Ultra-865,Oficina,Epson,Ultra-865,"Impresora de Epson, modelo Ultra-865, diseñado para uso doméstico, empresarial o profesional.",13553.67,137,Proveedor 19,Disponible
1931,Impresora TP-Link Enterprise-837,Oficina,TP-Link,Enterprise-837,"Impresora de TP-Link, modelo Enterprise-837, diseñado para uso doméstico, empresarial o profesional.",4521.11,14,Proveedor 03,Disponible
1932,Impresora Lenovo Ultra-284,Oficina,Lenovo,Ultra-284,"Impresora de Lenovo, modelo Ultra-284, diseñado para uso doméstico, empresarial o profesional.",5108.25,80,Proveedor 12,Disponible
1933,Organizador Epson Plus-232,Oficina,Epson,Plus-232,"Organizador de Epson, modelo Plus-232, diseñado para uso doméstico, empresarial o profesional.",10922.05,122,Proveedor 22,Disponible
1934,Escáner Dell Basic-356,Oficina,Dell,Basic-356,"Escáner de Dell, modelo Basic-356, diseñado para uso doméstico, empresarial o profesional.",16892.51,52,Proveedor 16,Disponible
1935,Silla de oficina Epson Ultra-830,Oficina,Epson,Ultra-830,"Silla de oficina de Epson, modelo Ultra-830, diseñado para uso doméstico, empresarial o profesional.",5469.86,93,Proveedor 25,Disponible
1936,Papel Kingston Enterprise-769,Oficina,Kingston,Enterprise-769,"Papel de Kingston, modelo Enterprise-769, diseñado para uso doméstico, empresarial o profesional.",4418.38,68,Proveedor 11,Disponible
1937,Papel APC Basic-155,Oficina,APC,Basic-155,"Papel de APC, modelo Basic-155, diseñado para uso doméstico, empresarial o profesional.",6259.04,105,Proveedor 23,Disponible
1938,Organizador Brother Plus-180,Oficina,Brother,Plus-180,"Organizador de Brother, modelo Plus-180, diseñado para uso doméstico, empresarial o profesional.",3687.88,35,Proveedor 17,Disponible
1939,Calculadora Kingston Business-666,Oficina,Kingston,Business-666,"Calculadora de Kingston, modelo Business-666, diseñado para uso doméstico, empresarial o profesional.",3817.53,95,Proveedor 24,Disponible
1940,Proyector Cisco Pro-815,Oficina,Cisco,Pro-815,"Proyector de Cisco, modelo Pro-815, diseñado para uso doméstico, empresarial o profesional.",7941.79,116,Proveedor 04,Disponible
1941,Impresora Brother Enterprise-134,Oficina,Brother,Enterprise-134,"Impresora de Brother, modelo Enterprise-134, diseñado para uso doméstico, empresarial o profesional.",4887.27,150,Proveedor 13,Disponible
1942,Engrapadora Dell Basic-385,Oficina,Dell,Basic-385,"Engrapadora de Dell, modelo Basic-385, diseñado para uso doméstico, empresarial o profesional.",15386.7,98,Proveedor 16,Disponible
1943,Impresora Huawei Ultra-554,Oficina,Huawei,Ultra-554,"Impresora de Huawei, modelo Ultra-554, diseñado para uso doméstico, empresarial o profesional.",828.15,52,Proveedor 13,Disponible
1944,Proyector Ubiquiti Max-153,Oficina,Ubiquiti,Max-153,"Proyector de Ubiquiti, modelo Max-153, diseñado para uso doméstico, empresarial o profesional.",11897.43,8,Proveedor 18,Disponible
1945,Silla de oficina TP-Link Max-872,Oficina,TP-Link,Max-872,"Silla de oficina de TP-Link, modelo Max-872, diseñado para uso doméstico, empresarial o profesional.",16080.25,67,Proveedor 25,Disponible
1946,Organizador Acer Enterprise-128,Oficina,Acer,Enterprise-128,"Organizador de Acer, modelo Enterprise-128, diseñado para uso doméstico, empresarial o profesional.",6156.77,111,Proveedor 14,Disponible
1947,Impresora HP Max-497,Oficina,HP,Max-497,"Impresora de HP, modelo Max-497, diseñado para uso doméstico, empresarial o profesional.",17145.95,73,Proveedor 18,Disponible
1948,Archivero Ubiquiti Max-836,Oficina,Ubiquiti,Max-836,"Archivero de Ubiquiti, modelo Max-836, diseñado para uso doméstico, empresarial o profesional.",10242.41,132,Proveedor 09,Disponible
1949,Proyector Huawei Ultra-863,Oficina,Huawei,Ultra-863,"Proyector de Huawei, modelo Ultra-863, diseñado para uso doméstico, empresarial o profesional.",17867.26,60,Proveedor 05,Disponible
1950,Impresora Logitech Enterprise-798,Oficina,Logitech,Enterprise-798,"Impresora de Logitech, modelo Enterprise-798, diseñado para uso doméstico, empresarial o profesional.",17118.88,21,Proveedor 08,Disponible
1951,Papel Kingston Plus-684,Oficina,Kingston,Plus-684,"Papel de Kingston, modelo Plus-684, diseñado para uso doméstico, empresarial o profesional.",7120.98,70,Proveedor 12,Disponible
1952,Engrapadora Logitech Enterprise-768,Oficina,Logitech,Enterprise-768,"Engrapadora de Logitech, modelo Enterprise-768, diseñado para uso doméstico, empresarial o profesional.",14590.36,3,Proveedor 04,Disponible
1953,Engrapadora Intel Business-428,Oficina,Intel,Business-428,"Engrapadora de Intel, modelo Business-428, diseñado para uso doméstico, empresarial o profesional.",15052.92,45,Proveedor 15,Disponible
1954,Archivero TP-Link Ultra-109,Oficina,TP-Link,Ultra-109,"Archivero de TP-Link, modelo Ultra-109, diseñado para uso doméstico, empresarial o profesional.",8411.92,91,Proveedor 16,Disponible
1955,Papel Acer Ultra-159,Oficina,Acer,Ultra-159,"Papel de Acer, modelo Ultra-159, diseñado para uso doméstico, empresarial o profesional.",10444.88,20,Proveedor 09,Disponible
1956,Organizador Tripp Lite Plus-165,Oficina,Tripp Lite,Plus-165,"Organizador de Tripp Lite, modelo Plus-165, diseñado para uso doméstico, empresarial o profesional.",7944.7,66,Proveedor 25,Disponible
1957,Engrapadora Logitech Enterprise-606,Oficina,Logitech,Enterprise-606,"Engrapadora de Logitech, modelo Enterprise-606, diseñado para uso doméstico, empresarial o profesional.",2316.19,44,Proveedor 05,Disponible
1958,Organizador Cisco Pro-217,Oficina,Cisco,Pro-217,"Organizador de Cisco, modelo Pro-217, diseñado para uso doméstico, empresarial o profesional.",11793.18,47,Proveedor 22,Disponible
1959,Papel Hikvision Max-424,Oficina,Hikvision,Max-424,"Papel de Hikvision, modelo Max-424, diseñado para uso doméstico, empresarial o profesional.",783.94,58,Proveedor 02,Disponible
1960,Engrapadora Logitech Basic-794,Oficina,Logitech,Basic-794,"Engrapadora de Logitech, modelo Basic-794, diseñado para uso doméstico, empresarial o profesional.",15213.41,90,Proveedor 18,Disponible
1961,Impresora AMD Pro-458,Oficina,AMD,Pro-458,"Impresora de AMD, modelo Pro-458, diseñado para uso doméstico, empresarial o profesional.",1991.67,129,Proveedor 15,Disponible
1962,Escáner APC Basic-342,Oficina,APC,Basic-342,"Escáner de APC, modelo Basic-342, diseñado para uso doméstico, empresarial o profesional.",3696.63,146,Proveedor 12,Disponible
1963,Escritorio Dell Business-536,Oficina,Dell,Business-536,"Escritorio de Dell, modelo Business-536, diseñado para uso doméstico, empresarial o profesional.",15769.08,36,Proveedor 01,Disponible
1964,Silla de oficina AMD Enterprise-468,Oficina,AMD,Enterprise-468,"Silla de oficina de AMD, modelo Enterprise-468, diseñado para uso doméstico, empresarial o profesional.",6049.69,104,Proveedor 21,Disponible
1965,Silla de oficina Brother Plus-736,Oficina,Brother,Plus-736,"Silla de oficina de Brother, modelo Plus-736, diseñado para uso doméstico, empresarial o profesional.",589.9,94,Proveedor 02,Disponible
1966,Engrapadora Lenovo Max-126,Oficina,Lenovo,Max-126,"Engrapadora de Lenovo, modelo Max-126, diseñado para uso doméstico, empresarial o profesional.",1938.99,54,Proveedor 11,Disponible
1967,Papel APC Enterprise-695,Oficina,APC,Enterprise-695,"Papel de APC, modelo Enterprise-695, diseñado para uso doméstico, empresarial o profesional.",12839.74,55,Proveedor 13,Disponible
1968,Organizador Cisco Business-843,Oficina,Cisco,Business-843,"Organizador de Cisco, modelo Business-843, diseñado para uso doméstico, empresarial o profesional.",2726.84,20,Proveedor 03,Disponible
1969,Calculadora Intel Max-688,Oficina,Intel,Max-688,"Calculadora de Intel, modelo Max-688, diseñado para uso doméstico, empresarial o profesional.",11356.93,107,Proveedor 18,Disponible
1970,Escáner APC Enterprise-152,Oficina,APC,Enterprise-152,"Escáner de APC, modelo Enterprise-152, diseñado para uso doméstico, empresarial o profesional.",10939.62,134,Proveedor 17,Disponible
1971,Archivero Samsung Plus-299,Oficina,Samsung,Plus-299,"Archivero de Samsung, modelo Plus-299, diseñado para uso doméstico, empresarial o profesional.",15053.08,75,Proveedor 08,Disponible
1972,Silla de oficina Epson Enterprise-886,Oficina,Epson,Enterprise-886,"Silla de oficina de Epson, modelo Enterprise-886, diseñado para uso doméstico, empresarial o profesional.",17595.22,59,Proveedor 15,Disponible
1973,Silla de oficina HP Business-346,Oficina,HP,Business-346,"Silla de oficina de HP, modelo Business-346, diseñado para uso doméstico, empresarial o profesional.",8026.78,104,Proveedor 12,Disponible
1974,Escáner LG Max-617,Oficina,LG,Max-617,"Escáner de LG, modelo Max-617, diseñado para uso doméstico, empresarial o profesional.",1403.69,92,Proveedor 21,Disponible
1975,Archivero AMD Pro-559,Oficina,AMD,Pro-559,"Archivero de AMD, modelo Pro-559, diseñado para uso doméstico, empresarial o profesional.",14159.89,58,Proveedor 19,Disponible
1976,Proyector Tripp Lite Pro-895,Oficina,Tripp Lite,Pro-895,"Proyector de Tripp Lite, modelo Pro-895, diseñado para uso doméstico, empresarial o profesional.",16369.51,149,Proveedor 22,Disponible
1977,Proyector AMD Plus-914,Oficina,AMD,Plus-914,"Proyector de AMD, modelo Plus-914, diseñado para uso doméstico, empresarial o profesional.",5185.33,80,Proveedor 04,Disponible
1978,Escáner Ubiquiti Ultra-617,Oficina,Ubiquiti,Ultra-617,"Escáner de Ubiquiti, modelo Ultra-617, diseñado para uso doméstico, empresarial o profesional.",17698.96,147,Proveedor 16,Disponible
1979,Calculadora ASUS Ultra-115,Oficina,ASUS,Ultra-115,"Calculadora de ASUS, modelo Ultra-115, diseñado para uso doméstico, empresarial o profesional.",3026.87,107,Proveedor 09,Disponible
1980,Papel Brother Business-203,Oficina,Brother,Business-203,"Papel de Brother, modelo Business-203, diseñado para uso doméstico, empresarial o profesional.",2301.37,8,Proveedor 14,Disponible
1981,Impresora ASUS Basic-235,Oficina,ASUS,Basic-235,"Impresora de ASUS, modelo Basic-235, diseñado para uso doméstico, empresarial o profesional.",9282.7,135,Proveedor 13,Disponible
1982,Escritorio LG Pro-511,Oficina,LG,Pro-511,"Escritorio de LG, modelo Pro-511, diseñado para uso doméstico, empresarial o profesional.",12553.81,61,Proveedor 23,Disponible
1983,Engrapadora HP Plus-944,Oficina,HP,Plus-944,"Engrapadora de HP, modelo Plus-944, diseñado para uso doméstico, empresarial o profesional.",16173.42,27,Proveedor 24,Disponible
1984,Impresora Dell Business-463,Oficina,Dell,Business-463,"Impresora de Dell, modelo Business-463, diseñado para uso doméstico, empresarial o profesional.",17100.05,104,Proveedor 21,Disponible
1985,Archivero Ubiquiti Plus-875,Oficina,Ubiquiti,Plus-875,"Archivero de Ubiquiti, modelo Plus-875, diseñado para uso doméstico, empresarial o profesional.",8603.6,34,Proveedor 24,Disponible
1986,Proyector Intel Enterprise-621,Oficina,Intel,Enterprise-621,"Proyector de Intel, modelo Enterprise-621, diseñado para uso doméstico, empresarial o profesional.",1535.7,1,Proveedor 19,Disponible
1987,Organizador LG Business-764,Oficina,LG,Business-764,"Organizador de LG, modelo Business-764, diseñado para uso doméstico, empresarial o profesional.",8179.88,82,Proveedor 15,Disponible
1988,Proyector APC Business-702,Oficina,APC,Business-702,"Proyector de APC, modelo Business-702, diseñado para uso doméstico, empresarial o profesional.",5049.01,24,Proveedor 08,Disponible
1989,Engrapadora Brother Plus-149,Oficina,Brother,Plus-149,"Engrapadora de Brother, modelo Plus-149, diseñado para uso doméstico, empresarial o profesional.",10167.44,134,Proveedor 19,Disponible
1990,Papel Ubiquiti Plus-430,Oficina,Ubiquiti,Plus-430,"Papel de Ubiquiti, modelo Plus-430, diseñado para uso doméstico, empresarial o profesional.",6931.7,45,Proveedor 05,Disponible
1991,Impresora Acer Ultra-631,Oficina,Acer,Ultra-631,"Impresora de Acer, modelo Ultra-631, diseñado para uso doméstico, empresarial o profesional.",5030.26,80,Proveedor 04,Disponible
1992,Silla de oficina Kingston Pro-221,Oficina,Kingston,Pro-221,"Silla de oficina de Kingston, modelo Pro-221, diseñado para uso doméstico, empresarial o profesional.",5202.54,124,Proveedor 15,Disponible
1993,Calculadora ASUS Plus-365,Oficina,ASUS,Plus-365,"Calculadora de ASUS, modelo Plus-365, diseñado para uso doméstico, empresarial o profesional.",17798.84,27,Proveedor 08,Disponible
1994,Engrapadora Lenovo Basic-311,Oficina,Lenovo,Basic-311,"Engrapadora de Lenovo, modelo Basic-311, diseñado para uso doméstico, empresarial o profesional.",9952.38,130,Proveedor 25,Disponible
1995,Proyector TP-Link Max-140,Oficina,TP-Link,Max-140,"Proyector de TP-Link, modelo Max-140, diseñado para uso doméstico, empresarial o profesional.",17278.62,138,Proveedor 18,Disponible
1996,Calculadora TP-Link Ultra-952,Oficina,TP-Link,Ultra-952,"Calculadora de TP-Link, modelo Ultra-952, diseñado para uso doméstico, empresarial o profesional.",14808.5,94,Proveedor 07,Disponible
1997,Engrapadora Intel Ultra-849,Oficina,Intel,Ultra-849,"Engrapadora de Intel, modelo Ultra-849, diseñado para uso doméstico, empresarial o profesional.",8023.5,32,Proveedor 15,Disponible
1998,Engrapadora HP Business-823,Oficina,HP,Business-823,"Engrapadora de HP, modelo Business-823, diseñado para uso doméstico, empresarial o profesional.",16547.73,30,Proveedor 15,Disponible
1999,Escritorio Brother Plus-188,Oficina,Brother,Plus-188,"Escritorio de Brother, modelo Plus-188, diseñado para uso doméstico, empresarial o profesional.",15565.11,71,Proveedor 24,Disponible
2000,Escáner LG Enterprise-180,Oficina,LG,Enterprise-180,"Escáner de LG, modelo Enterprise-180, diseñado para uso doméstico, empresarial o profesional.",13404.67,56,Proveedor 24,Disponible
2001,Escáner Samsung Pro-619,Oficina,Samsung,Pro-619,"Escáner de Samsung, modelo Pro-619, diseñado para uso doméstico, empresarial o profesional.",6056.01,116,Proveedor 21,Disponible
2002,Papel Dell Business-804,Oficina,Dell,Business-804,"Papel de Dell, modelo Business-804, diseñado para uso doméstico, empresarial o profesional.",5687.13,9,Proveedor 14,Disponible
2003,Escáner APC Plus-294,Oficina,APC,Plus-294,"Escáner de APC, modelo Plus-294, diseñado para uso doméstico, empresarial o profesional.",15150.52,9,Proveedor 21,Disponible
2004,Impresora Epson Pro-700,Oficina,Epson,Pro-700,"Impresora de Epson, modelo Pro-700, diseñado para uso doméstico, empresarial o profesional.",6790.48,56,Proveedor 22,Disponible
2005,Calculadora Logitech Ultra-255,Oficina,Logitech,Ultra-255,"Calculadora de Logitech, modelo Ultra-255, diseñado para uso doméstico, empresarial o profesional.",8736.59,47,Proveedor 24,Disponible
2006,Archivero Kingston Pro-303,Oficina,Kingston,Pro-303,"Archivero de Kingston, modelo Pro-303, diseñado para uso doméstico, empresarial o profesional.",11436.87,22,Proveedor 17,Disponible
2007,Calculadora TP-Link Ultra-168,Oficina,TP-Link,Ultra-168,"Calculadora de TP-Link, modelo Ultra-168, diseñado para uso doméstico, empresarial o profesional.",8847.72,53,Proveedor 23,Disponible
2008,Proyector Cisco Ultra-804,Oficina,Cisco,Ultra-804,"Proyector de Cisco, modelo Ultra-804, diseñado para uso doméstico, empresarial o profesional.",4757.44,97,Proveedor 21,Disponible
2009,Organizador Epson Business-457,Oficina,Epson,Business-457,"Organizador de Epson, modelo Business-457, diseñado para uso doméstico, empresarial o profesional.",8731.67,46,Proveedor 10,Disponible
2010,Calculadora Kingston Business-596,Oficina,Kingston,Business-596,"Calculadora de Kingston, modelo Business-596, diseñado para uso doméstico, empresarial o profesional.",8839.29,100,Proveedor 20,Disponible
2011,Silla de oficina Tripp Lite Ultra-402,Oficina,Tripp Lite,Ultra-402,"Silla de oficina de Tripp Lite, modelo Ultra-402, diseñado para uso doméstico, empresarial o profesional.",1764.7,28,Proveedor 25,Disponible
2012,Engrapadora Ubiquiti Ultra-433,Oficina,Ubiquiti,Ultra-433,"Engrapadora de Ubiquiti, modelo Ultra-433, diseñado para uso doméstico, empresarial o profesional.",4475.71,108,Proveedor 04,Disponible
2013,Proyector Hikvision Plus-776,Oficina,Hikvision,Plus-776,"Proyector de Hikvision, modelo Plus-776, diseñado para uso doméstico, empresarial o profesional.",2070.25,101,Proveedor 23,Disponible
2014,Proyector Brother Enterprise-924,Oficina,Brother,Enterprise-924,"Proyector de Brother, modelo Enterprise-924, diseñado para uso doméstico, empresarial o profesional.",15556.25,105,Proveedor 22,Disponible
2015,Calculadora TP-Link Plus-374,Oficina,TP-Link,Plus-374,"Calculadora de TP-Link, modelo Plus-374, diseñado para uso doméstico, empresarial o profesional.",9149.55,104,Proveedor 02,Disponible
2016,Papel Samsung Plus-791,Oficina,Samsung,Plus-791,"Papel de Samsung, modelo Plus-791, diseñado para uso doméstico, empresarial o profesional.",5737.6,100,Proveedor 15,Disponible
2017,Escritorio Huawei Plus-155,Oficina,Huawei,Plus-155,"Escritorio de Huawei, modelo Plus-155, diseñado para uso doméstico, empresarial o profesional.",4851.66,56,Proveedor 11,Disponible
2018,Impresora Kingston Ultra-519,Oficina,Kingston,Ultra-519,"Impresora de Kingston, modelo Ultra-519, diseñado para uso doméstico, empresarial o profesional.",4006.94,42,Proveedor 18,Disponible
2019,Calculadora HP Max-725,Oficina,HP,Max-725,"Calculadora de HP, modelo Max-725, diseñado para uso doméstico, empresarial o profesional.",5954.42,138,Proveedor 01,Disponible
2020,Impresora Huawei Basic-899,Oficina,Huawei,Basic-899,"Impresora de Huawei, modelo Basic-899, diseñado para uso doméstico, empresarial o profesional.",12694.01,90,Proveedor 25,Disponible
2021,Papel Dell Business-150,Oficina,Dell,Business-150,"Papel de Dell, modelo Business-150, diseñado para uso doméstico, empresarial o profesional.",9350.12,92,Proveedor 18,Disponible
2022,Calculadora ASUS Enterprise-648,Oficina,ASUS,Enterprise-648,"Calculadora de ASUS, modelo Enterprise-648, diseñado para uso doméstico, empresarial o profesional.",7137.61,58,Proveedor 10,Disponible
2023,Proyector LG Plus-523,Oficina,LG,Plus-523,"Proyector de LG, modelo Plus-523, diseñado para uso doméstico, empresarial o profesional.",3904.6,63,Proveedor 01,Disponible
2024,Impresora TP-Link Enterprise-639,Oficina,TP-Link,Enterprise-639,"Impresora de TP-Link, modelo Enterprise-639, diseñado para uso doméstico, empresarial o profesional.",1872.3,101,Proveedor 16,Disponible
2025,Impresora ASUS Plus-408,Oficina,ASUS,Plus-408,"Impresora de ASUS, modelo Plus-408, diseñado para uso doméstico, empresarial o profesional.",465.67,63,Proveedor 02,Disponible
2026,Engrapadora HP Enterprise-902,Oficina,HP,Enterprise-902,"Engrapadora de HP, modelo Enterprise-902, diseñado para uso doméstico, empresarial o profesional.",6820.09,102,Proveedor 05,Disponible
2027,Engrapadora Dell Basic-175,Oficina,Dell,Basic-175,"Engrapadora de Dell, modelo Basic-175, diseñado para uso doméstico, empresarial o profesional.",9096.04,106,Proveedor 01,Disponible
2028,Impresora Tripp Lite Max-255,Oficina,Tripp Lite,Max-255,"Impresora de Tripp Lite, modelo Max-255, diseñado para uso doméstico, empresarial o profesional.",1747.15,150,Proveedor 13,Disponible
2029,Calculadora AMD Enterprise-419,Oficina,AMD,Enterprise-419,"Calculadora de AMD, modelo Enterprise-419, diseñado para uso doméstico, empresarial o profesional.",14132.35,108,Proveedor 17,Disponible
2030,Impresora Kingston Plus-569,Oficina,Kingston,Plus-569,"Impresora de Kingston, modelo Plus-569, diseñado para uso doméstico, empresarial o profesional.",3671.92,67,Proveedor 21,Disponible
2031,Organizador Brother Ultra-398,Oficina,Brother,Ultra-398,"Organizador de Brother, modelo Ultra-398, diseñado para uso doméstico, empresarial o profesional.",7748.74,56,Proveedor 14,Disponible
2032,Papel Logitech Ultra-391,Oficina,Logitech,Ultra-391,"Papel de Logitech, modelo Ultra-391, diseñado para uso doméstico, empresarial o profesional.",16340.75,136,Proveedor 17,Disponible
2033,Calculadora Huawei Basic-608,Oficina,Huawei,Basic-608,"Calculadora de Huawei, modelo Basic-608, diseñado para uso doméstico, empresarial o profesional.",13104.21,95,Proveedor 25,Disponible
2034,Papel HP Ultra-329,Oficina,HP,Ultra-329,"Papel de HP, modelo Ultra-329, diseñado para uso doméstico, empresarial o profesional.",10414.49,6,Proveedor 13,Disponible
2035,Calculadora Hikvision Plus-588,Oficina,Hikvision,Plus-588,"Calculadora de Hikvision, modelo Plus-588, diseñado para uso doméstico, empresarial o profesional.",10149.86,79,Proveedor 11,Disponible
2036,Proyector Dell Basic-674,Oficina,Dell,Basic-674,"Proyector de Dell, modelo Basic-674, diseñado para uso doméstico, empresarial o profesional.",3071.53,125,Proveedor 19,Disponible
2037,Calculadora Dell Pro-512,Oficina,Dell,Pro-512,"Calculadora de Dell, modelo Pro-512, diseñado para uso doméstico, empresarial o profesional.",11108.3,121,Proveedor 17,Disponible
2038,Organizador Epson Basic-885,Oficina,Epson,Basic-885,"Organizador de Epson, modelo Basic-885, diseñado para uso doméstico, empresarial o profesional.",8896.72,105,Proveedor 10,Disponible
2039,Silla de oficina Lenovo Basic-429,Oficina,Lenovo,Basic-429,"Silla de oficina de Lenovo, modelo Basic-429, diseñado para uso doméstico, empresarial o profesional.",12411.29,104,Proveedor 01,Disponible
2040,Engrapadora Acer Enterprise-675,Oficina,Acer,Enterprise-675,"Engrapadora de Acer, modelo Enterprise-675, diseñado para uso doméstico, empresarial o profesional.",14310.68,139,Proveedor 16,Disponible
2041,Silla de oficina Epson Plus-572,Oficina,Epson,Plus-572,"Silla de oficina de Epson, modelo Plus-572, diseñado para uso doméstico, empresarial o profesional.",12768.36,131,Proveedor 18,Disponible
2042,Escáner HP Ultra-816,Oficina,HP,Ultra-816,"Escáner de HP, modelo Ultra-816, diseñado para uso doméstico, empresarial o profesional.",1422.75,32,Proveedor 25,Disponible
2043,Impresora ASUS Max-866,Oficina,ASUS,Max-866,"Impresora de ASUS, modelo Max-866, diseñado para uso doméstico, empresarial o profesional.",2212.95,50,Proveedor 15,Disponible
2044,Escáner Cisco Ultra-607,Oficina,Cisco,Ultra-607,"Escáner de Cisco, modelo Ultra-607, diseñado para uso doméstico, empresarial o profesional.",3097.88,134,Proveedor 16,Disponible
2045,Proyector Tripp Lite Ultra-508,Oficina,Tripp Lite,Ultra-508,"Proyector de Tripp Lite, modelo Ultra-508, diseñado para uso doméstico, empresarial o profesional.",196.38,30,Proveedor 14,Disponible
2046,Engrapadora Logitech Max-430,Oficina,Logitech,Max-430,"Engrapadora de Logitech, modelo Max-430, diseñado para uso doméstico, empresarial o profesional.",11083.36,95,Proveedor 19,Disponible
2047,Proyector Lenovo Plus-635,Oficina,Lenovo,Plus-635,"Proyector de Lenovo, modelo Plus-635, diseñado para uso doméstico, empresarial o profesional.",12339.88,95,Proveedor 17,Disponible
2048,Organizador Logitech Ultra-573,Oficina,Logitech,Ultra-573,"Organizador de Logitech, modelo Ultra-573, diseñado para uso doméstico, empresarial o profesional.",3814.79,84,Proveedor 24,Disponible
2049,Proyector ASUS Max-832,Oficina,ASUS,Max-832,"Proyector de ASUS, modelo Max-832, diseñado para uso doméstico, empresarial o profesional.",14934.46,2,Proveedor 11,Disponible
2050,Escritorio ASUS Pro-581,Oficina,ASUS,Pro-581,"Escritorio de ASUS, modelo Pro-581, diseñado para uso doméstico, empresarial o profesional.",1234.85,1,Proveedor 10,Disponible
2051,Calculadora Acer Business-196,Oficina,Acer,Business-196,"Calculadora de Acer, modelo Business-196, diseñado para uso doméstico, empresarial o profesional.",9693.03,84,Proveedor 04,Disponible
2052,Impresora AMD Ultra-708,Oficina,AMD,Ultra-708,"Impresora de AMD, modelo Ultra-708, diseñado para uso doméstico, empresarial o profesional.",2841.46,89,Proveedor 21,Disponible
2053,Papel Epson Plus-743,Oficina,Epson,Plus-743,"Papel de Epson, modelo Plus-743, diseñado para uso doméstico, empresarial o profesional.",283.91,49,Proveedor 09,Disponible
2054,Engrapadora Ubiquiti Max-846,Oficina,Ubiquiti,Max-846,"Engrapadora de Ubiquiti, modelo Max-846, diseñado para uso doméstico, empresarial o profesional.",5524.33,103,Proveedor 09,Disponible
2055,Papel Tripp Lite Business-775,Oficina,Tripp Lite,Business-775,"Papel de Tripp Lite, modelo Business-775, diseñado para uso doméstico, empresarial o profesional.",3670.51,39,Proveedor 04,Disponible
2056,Calculadora Logitech Pro-369,Oficina,Logitech,Pro-369,"Calculadora de Logitech, modelo Pro-369, diseñado para uso doméstico, empresarial o profesional.",10158.97,32,Proveedor 17,Disponible
2057,Organizador Huawei Plus-689,Oficina,Huawei,Plus-689,"Organizador de Huawei, modelo Plus-689, diseñado para uso doméstico, empresarial o profesional.",13902.46,70,Proveedor 24,Disponible
2058,Organizador Brother Pro-272,Oficina,Brother,Pro-272,"Organizador de Brother, modelo Pro-272, diseñado para uso doméstico, empresarial o profesional.",77.99,59,Proveedor 07,Disponible
2059,Escáner AMD Pro-246,Oficina,AMD,Pro-246,"Escáner de AMD, modelo Pro-246, diseñado para uso doméstico, empresarial o profesional.",2991.79,0,Proveedor 11,Agotado
2060,Escáner Cisco Pro-623,Oficina,Cisco,Pro-623,"Escáner de Cisco, modelo Pro-623, diseñado para uso doméstico, empresarial o profesional.",14536.0,108,Proveedor 22,Disponible
2061,Archivero Samsung Plus-612,Oficina,Samsung,Plus-612,"Archivero de Samsung, modelo Plus-612, diseñado para uso doméstico, empresarial o profesional.",13687.33,61,Proveedor 18,Disponible
2062,Escritorio Huawei Enterprise-494,Oficina,Huawei,Enterprise-494,"Escritorio de Huawei, modelo Enterprise-494, diseñado para uso doméstico, empresarial o profesional.",12721.22,90,Proveedor 10,Disponible
2063,Papel Samsung Max-180,Oficina,Samsung,Max-180,"Papel de Samsung, modelo Max-180, diseñado para uso doméstico, empresarial o profesional.",15902.64,54,Proveedor 06,Disponible
2064,Engrapadora Lenovo Enterprise-547,Oficina,Lenovo,Enterprise-547,"Engrapadora de Lenovo, modelo Enterprise-547, diseñado para uso doméstico, empresarial o profesional.",10101.93,125,Proveedor 23,Disponible
2065,Engrapadora HP Max-545,Oficina,HP,Max-545,"Engrapadora de HP, modelo Max-545, diseñado para uso doméstico, empresarial o profesional.",11748.1,45,Proveedor 01,Disponible
2066,Silla de oficina Hikvision Enterprise-786,Oficina,Hikvision,Enterprise-786,"Silla de oficina de Hikvision, modelo Enterprise-786, diseñado para uso doméstico, empresarial o profesional.",6247.47,108,Proveedor 07,Disponible
2067,Organizador Tripp Lite Pro-491,Oficina,Tripp Lite,Pro-491,"Organizador de Tripp Lite, modelo Pro-491, diseñado para uso doméstico, empresarial o profesional.",6754.48,2,Proveedor 07,Disponible
2068,Archivero LG Max-299,Oficina,LG,Max-299,"Archivero de LG, modelo Max-299, diseñado para uso doméstico, empresarial o profesional.",130.89,79,Proveedor 11,Disponible
2069,Escáner LG Plus-614,Oficina,LG,Plus-614,"Escáner de LG, modelo Plus-614, diseñado para uso doméstico, empresarial o profesional.",16590.5,69,Proveedor 02,Disponible
2070,Engrapadora Brother Ultra-144,Oficina,Brother,Ultra-144,"Engrapadora de Brother, modelo Ultra-144, diseñado para uso doméstico, empresarial o profesional.",17923.41,64,Proveedor 09,Disponible
2071,Impresora Intel Enterprise-131,Oficina,Intel,Enterprise-131,"Impresora de Intel, modelo Enterprise-131, diseñado para uso doméstico, empresarial o profesional.",15541.44,120,Proveedor 20,Disponible
2072,Archivero Brother Pro-584,Oficina,Brother,Pro-584,"Archivero de Brother, modelo Pro-584, diseñado para uso doméstico, empresarial o profesional.",13506.35,139,Proveedor 04,Disponible
2073,Impresora LG Basic-727,Oficina,LG,Basic-727,"Impresora de LG, modelo Basic-727, diseñado para uso doméstico, empresarial o profesional.",16099.94,39,Proveedor 23,Disponible
2074,Proyector Lenovo Basic-529,Oficina,Lenovo,Basic-529,"Proyector de Lenovo, modelo Basic-529, diseñado para uso doméstico, empresarial o profesional.",15018.14,30,Proveedor 02,Disponible
2075,Archivero Cisco Plus-199,Oficina,Cisco,Plus-199,"Archivero de Cisco, modelo Plus-199, diseñado para uso doméstico, empresarial o profesional.",15446.29,71,Proveedor 07,Disponible
2076,Organizador TP-Link Plus-957,Oficina,TP-Link,Plus-957,"Organizador de TP-Link, modelo Plus-957, diseñado para uso doméstico, empresarial o profesional.",12105.68,81,Proveedor 23,Disponible
2077,Proyector Intel Business-475,Oficina,Intel,Business-475,"Proyector de Intel, modelo Business-475, diseñado para uso doméstico, empresarial o profesional.",9308.64,103,Proveedor 14,Disponible
2078,Impresora Dell Pro-944,Oficina,Dell,Pro-944,"Impresora de Dell, modelo Pro-944, diseñado para uso doméstico, empresarial o profesional.",13710.44,37,Proveedor 24,Disponible
2079,Engrapadora Dell Pro-554,Oficina,Dell,Pro-554,"Engrapadora de Dell, modelo Pro-554, diseñado para uso doméstico, empresarial o profesional.",829.82,50,Proveedor 23,Disponible
2080,Papel Ubiquiti Pro-750,Oficina,Ubiquiti,Pro-750,"Papel de Ubiquiti, modelo Pro-750, diseñado para uso doméstico, empresarial o profesional.",13450.51,0,Proveedor 10,Agotado
2081,Engrapadora Tripp Lite Plus-220,Oficina,Tripp Lite,Plus-220,"Engrapadora de Tripp Lite, modelo Plus-220, diseñado para uso doméstico, empresarial o profesional.",6165.9,145,Proveedor 23,Disponible
2082,Escáner Intel Ultra-190,Oficina,Intel,Ultra-190,"Escáner de Intel, modelo Ultra-190, diseñado para uso doméstico, empresarial o profesional.",2119.22,23,Proveedor 06,Disponible
2083,Escáner ASUS Plus-705,Oficina,ASUS,Plus-705,"Escáner de ASUS, modelo Plus-705, diseñado para uso doméstico, empresarial o profesional.",11290.45,5,Proveedor 25,Disponible
2084,Proyector TP-Link Pro-753,Oficina,TP-Link,Pro-753,"Proyector de TP-Link, modelo Pro-753, diseñado para uso doméstico, empresarial o profesional.",6760.3,20,Proveedor 24,Disponible
2085,Calculadora Kingston Enterprise-797,Oficina,Kingston,Enterprise-797,"Calculadora de Kingston, modelo Enterprise-797, diseñado para uso doméstico, empresarial o profesional.",11572.44,48,Proveedor 24,Disponible
2086,Proyector Kingston Basic-488,Oficina,Kingston,Basic-488,"Proyector de Kingston, modelo Basic-488, diseñado para uso doméstico, empresarial o profesional.",12715.27,45,Proveedor 09,Disponible
2087,Proyector Intel Plus-523,Oficina,Intel,Plus-523,"Proyector de Intel, modelo Plus-523, diseñado para uso doméstico, empresarial o profesional.",4090.51,48,Proveedor 09,Disponible
2088,Calculadora ASUS Plus-365,Oficina,ASUS,Plus-365,"Calculadora de ASUS, modelo Plus-365, diseñado para uso doméstico, empresarial o profesional.",12565.12,67,Proveedor 03,Disponible
2089,Archivero LG Max-472,Oficina,LG,Max-472,"Archivero de LG, modelo Max-472, diseñado para uso doméstico, empresarial o profesional.",6299.0,133,Proveedor 15,Disponible
2090,Proyector Cisco Enterprise-699,Oficina,Cisco,Enterprise-699,"Proyector de Cisco, modelo Enterprise-699, diseñado para uso doméstico, empresarial o profesional.",6960.68,137,Proveedor 19,Disponible
2091,Calculadora Ubiquiti Plus-761,Oficina,Ubiquiti,Plus-761,"Calculadora de Ubiquiti, modelo Plus-761, diseñado para uso doméstico, empresarial o profesional.",14602.02,73,Proveedor 07,Disponible
2092,Silla de oficina APC Max-949,Oficina,APC,Max-949,"Silla de oficina de APC, modelo Max-949, diseñado para uso doméstico, empresarial o profesional.",13384.08,68,Proveedor 03,Disponible
2093,Papel Acer Plus-323,Oficina,Acer,Plus-323,"Papel de Acer, modelo Plus-323, diseñado para uso doméstico, empresarial o profesional.",8434.36,8,Proveedor 04,Disponible
2094,Papel ASUS Ultra-243,Oficina,ASUS,Ultra-243,"Papel de ASUS, modelo Ultra-243, diseñado para uso doméstico, empresarial o profesional.",8426.43,82,Proveedor 12,Disponible
2095,Organizador Huawei Business-702,Oficina,Huawei,Business-702,"Organizador de Huawei, modelo Business-702, diseñado para uso doméstico, empresarial o profesional.",16225.91,82,Proveedor 23,Disponible
2096,Escáner LG Enterprise-108,Oficina,LG,Enterprise-108,"Escáner de LG, modelo Enterprise-108, diseñado para uso doméstico, empresarial o profesional.",2882.75,121,Proveedor 11,Disponible
2097,Silla de oficina HP Pro-466,Oficina,HP,Pro-466,"Silla de oficina de HP, modelo Pro-466, diseñado para uso doméstico, empresarial o profesional.",5533.77,119,Proveedor 18,Disponible
2098,Proyector TP-Link Ultra-928,Oficina,TP-Link,Ultra-928,"Proyector de TP-Link, modelo Ultra-928, diseñado para uso doméstico, empresarial o profesional.",11110.52,147,Proveedor 23,Disponible
2099,Escritorio Huawei Ultra-954,Oficina,Huawei,Ultra-954,"Escritorio de Huawei, modelo Ultra-954, diseñado para uso doméstico, empresarial o profesional.",4407.29,95,Proveedor 20,Disponible
2100,Silla de oficina Brother Business-510,Oficina,Brother,Business-510,"Silla de oficina de Brother, modelo Business-510, diseñado para uso doméstico, empresarial o profesional.",5424.11,59,Proveedor 25,Disponible
2101,Papel HP Ultra-536,Oficina,HP,Ultra-536,"Papel de HP, modelo Ultra-536, diseñado para uso doméstico, empresarial o profesional.",13940.08,147,Proveedor 13,Disponible
2102,Organizador TP-Link Pro-624,Oficina,TP-Link,Pro-624,"Organizador de TP-Link, modelo Pro-624, diseñado para uso doméstico, empresarial o profesional.",3019.93,76,Proveedor 20,Disponible
2103,Papel Acer Max-869,Oficina,Acer,Max-869,"Papel de Acer, modelo Max-869, diseñado para uso doméstico, empresarial o profesional.",2537.7,85,Proveedor 02,Disponible
2104,Escáner Kingston Enterprise-884,Oficina,Kingston,Enterprise-884,"Escáner de Kingston, modelo Enterprise-884, diseñado para uso doméstico, empresarial o profesional.",2572.05,88,Proveedor 15,Disponible
2105,Escritorio ASUS Ultra-100,Oficina,ASUS,Ultra-100,"Escritorio de ASUS, modelo Ultra-100, diseñado para uso doméstico, empresarial o profesional.",11865.2,51,Proveedor 06,Disponible
2106,Engrapadora Kingston Basic-289,Oficina,Kingston,Basic-289,"Engrapadora de Kingston, modelo Basic-289, diseñado para uso doméstico, empresarial o profesional.",4274.22,52,Proveedor 14,Disponible
2107,Escáner Epson Pro-801,Oficina,Epson,Pro-801,"Escáner de Epson, modelo Pro-801, diseñado para uso doméstico, empresarial o profesional.",10009.61,95,Proveedor 01,Disponible
2108,Archivero ASUS Plus-202,Oficina,ASUS,Plus-202,"Archivero de ASUS, modelo Plus-202, diseñado para uso doméstico, empresarial o profesional.",8490.29,100,Proveedor 23,Disponible
2109,Calculadora Brother Business-485,Oficina,Brother,Business-485,"Calculadora de Brother, modelo Business-485, diseñado para uso doméstico, empresarial o profesional.",14969.31,62,Proveedor 25,Disponible
2110,Escáner Huawei Pro-425,Oficina,Huawei,Pro-425,"Escáner de Huawei, modelo Pro-425, diseñado para uso doméstico, empresarial o profesional.",13741.91,34,Proveedor 13,Disponible
2111,Silla de oficina Kingston Enterprise-790,Oficina,Kingston,Enterprise-790,"Silla de oficina de Kingston, modelo Enterprise-790, diseñado para uso doméstico, empresarial o profesional.",13154.79,108,Proveedor 20,Disponible
2112,Escritorio Tripp Lite Basic-455,Oficina,Tripp Lite,Basic-455,"Escritorio de Tripp Lite, modelo Basic-455, diseñado para uso doméstico, empresarial o profesional.",8804.92,150,Proveedor 01,Disponible
2113,Calculadora AMD Pro-886,Oficina,AMD,Pro-886,"Calculadora de AMD, modelo Pro-886, diseñado para uso doméstico, empresarial o profesional.",4255.78,92,Proveedor 11,Disponible
2114,Papel TP-Link Max-713,Oficina,TP-Link,Max-713,"Papel de TP-Link, modelo Max-713, diseñado para uso doméstico, empresarial o profesional.",13537.77,19,Proveedor 21,Disponible
2115,Calculadora Lenovo Ultra-292,Oficina,Lenovo,Ultra-292,"Calculadora de Lenovo, modelo Ultra-292, diseñado para uso doméstico, empresarial o profesional.",825.14,77,Proveedor 14,Disponible
2116,Escáner Samsung Ultra-769,Oficina,Samsung,Ultra-769,"Escáner de Samsung, modelo Ultra-769, diseñado para uso doméstico, empresarial o profesional.",3262.37,38,Proveedor 10,Disponible
2117,Engrapadora Huawei Business-940,Oficina,Huawei,Business-940,"Engrapadora de Huawei, modelo Business-940, diseñado para uso doméstico, empresarial o profesional.",8667.32,66,Proveedor 14,Disponible
2118,Proyector ASUS Ultra-798,Oficina,ASUS,Ultra-798,"Proyector de ASUS, modelo Ultra-798, diseñado para uso doméstico, empresarial o profesional.",9326.75,27,Proveedor 15,Disponible
2119,Escáner LG Business-850,Oficina,LG,Business-850,"Escáner de LG, modelo Business-850, diseñado para uso doméstico, empresarial o profesional.",1852.25,103,Proveedor 01,Disponible
2120,Proyector Samsung Pro-688,Oficina,Samsung,Pro-688,"Proyector de Samsung, modelo Pro-688, diseñado para uso doméstico, empresarial o profesional.",9140.26,116,Proveedor 01,Disponible
2121,Archivero Huawei Ultra-889,Oficina,Huawei,Ultra-889,"Archivero de Huawei, modelo Ultra-889, diseñado para uso doméstico, empresarial o profesional.",1009.57,108,Proveedor 09,Disponible
2122,Escáner AMD Enterprise-921,Oficina,AMD,Enterprise-921,"Escáner de AMD, modelo Enterprise-921, diseñado para uso doméstico, empresarial o profesional.",16350.55,128,Proveedor 12,Disponible
2123,Archivero Samsung Enterprise-647,Oficina,Samsung,Enterprise-647,"Archivero de Samsung, modelo Enterprise-647, diseñado para uso doméstico, empresarial o profesional.",17492.71,28,Proveedor 06,Disponible
2124,Escritorio Tripp Lite Enterprise-492,Oficina,Tripp Lite,Enterprise-492,"Escritorio de Tripp Lite, modelo Enterprise-492, diseñado para uso doméstico, empresarial o profesional.",15669.55,20,Proveedor 05,Disponible
2125,Impresora Samsung Business-704,Oficina,Samsung,Business-704,"Impresora de Samsung, modelo Business-704, diseñado para uso doméstico, empresarial o profesional.",4663.32,131,Proveedor 20,Disponible
2126,Archivero Ubiquiti Basic-575,Oficina,Ubiquiti,Basic-575,"Archivero de Ubiquiti, modelo Basic-575, diseñado para uso doméstico, empresarial o profesional.",5092.4,31,Proveedor 16,Disponible
2127,Archivero LG Basic-713,Oficina,LG,Basic-713,"Archivero de LG, modelo Basic-713, diseñado para uso doméstico, empresarial o profesional.",12364.39,64,Proveedor 14,Disponible
2128,Silla de oficina Kingston Enterprise-938,Oficina,Kingston,Enterprise-938,"Silla de oficina de Kingston, modelo Enterprise-938, diseñado para uso doméstico, empresarial o profesional.",452.84,68,Proveedor 06,Disponible
2129,Engrapadora LG Ultra-117,Oficina,LG,Ultra-117,"Engrapadora de LG, modelo Ultra-117, diseñado para uso doméstico, empresarial o profesional.",8058.46,76,Proveedor 21,Disponible
2130,Impresora AMD Basic-465,Oficina,AMD,Basic-465,"Impresora de AMD, modelo Basic-465, diseñado para uso doméstico, empresarial o profesional.",13182.32,136,Proveedor 24,Disponible
2131,Escritorio Epson Pro-186,Oficina,Epson,Pro-186,"Escritorio de Epson, modelo Pro-186, diseñado para uso doméstico, empresarial o profesional.",9643.68,32,Proveedor 24,Disponible
2132,Proyector Brother Ultra-381,Oficina,Brother,Ultra-381,"Proyector de Brother, modelo Ultra-381, diseñado para uso doméstico, empresarial o profesional.",6236.59,117,Proveedor 23,Disponible
2133,Organizador Epson Enterprise-954,Oficina,Epson,Enterprise-954,"Organizador de Epson, modelo Enterprise-954, diseñado para uso doméstico, empresarial o profesional.",16782.83,134,Proveedor 19,Disponible
2134,Archivero Cisco Basic-434,Oficina,Cisco,Basic-434,"Archivero de Cisco, modelo Basic-434, diseñado para uso doméstico, empresarial o profesional.",6729.13,37,Proveedor 20,Disponible
2135,Escáner Huawei Max-842,Oficina,Huawei,Max-842,"Escáner de Huawei, modelo Max-842, diseñado para uso doméstico, empresarial o profesional.",1445.4,77,Proveedor 14,Disponible
2136,Escritorio TP-Link Pro-864,Oficina,TP-Link,Pro-864,"Escritorio de TP-Link, modelo Pro-864, diseñado para uso doméstico, empresarial o profesional.",4645.74,20,Proveedor 14,Disponible
2137,Escáner Acer Max-367,Oficina,Acer,Max-367,"Escáner de Acer, modelo Max-367, diseñado para uso doméstico, empresarial o profesional.",17908.68,131,Proveedor 18,Disponible
2138,Calculadora Cisco Plus-687,Oficina,Cisco,Plus-687,"Calculadora de Cisco, modelo Plus-687, diseñado para uso doméstico, empresarial o profesional.",8528.34,111,Proveedor 09,Disponible
2139,Proyector Logitech Max-787,Oficina,Logitech,Max-787,"Proyector de Logitech, modelo Max-787, diseñado para uso doméstico, empresarial o profesional.",851.99,102,Proveedor 06,Disponible
2140,Engrapadora Logitech Basic-516,Oficina,Logitech,Basic-516,"Engrapadora de Logitech, modelo Basic-516, diseñado para uso doméstico, empresarial o profesional.",3752.24,106,Proveedor 22,Disponible
2141,Proyector Logitech Plus-573,Oficina,Logitech,Plus-573,"Proyector de Logitech, modelo Plus-573, diseñado para uso doméstico, empresarial o profesional.",10795.46,81,Proveedor 04,Disponible
2142,Calculadora Epson Basic-826,Oficina,Epson,Basic-826,"Calculadora de Epson, modelo Basic-826, diseñado para uso doméstico, empresarial o profesional.",5863.22,16,Proveedor 20,Disponible
2143,Engrapadora AMD Enterprise-571,Oficina,AMD,Enterprise-571,"Engrapadora de AMD, modelo Enterprise-571, diseñado para uso doméstico, empresarial o profesional.",10594.82,84,Proveedor 18,Disponible
2144,Escritorio Brother Max-112,Oficina,Brother,Max-112,"Escritorio de Brother, modelo Max-112, diseñado para uso doméstico, empresarial o profesional.",6192.82,81,Proveedor 12,Disponible
2145,Archivero Lenovo Ultra-974,Oficina,Lenovo,Ultra-974,"Archivero de Lenovo, modelo Ultra-974, diseñado para uso doméstico, empresarial o profesional.",13374.0,53,Proveedor 18,Disponible
2146,Proyector Huawei Plus-512,Oficina,Huawei,Plus-512,"Proyector de Huawei, modelo Plus-512, diseñado para uso doméstico, empresarial o profesional.",609.83,146,Proveedor 03,Disponible
2147,Archivero Tripp Lite Plus-185,Oficina,Tripp Lite,Plus-185,"Archivero de Tripp Lite, modelo Plus-185, diseñado para uso doméstico, empresarial o profesional.",3759.7,135,Proveedor 12,Disponible
2148,Engrapadora Kingston Enterprise-422,Oficina,Kingston,Enterprise-422,"Engrapadora de Kingston, modelo Enterprise-422, diseñado para uso doméstico, empresarial o profesional.",8143.44,119,Proveedor 01,Disponible
2149,Proyector AMD Max-270,Oficina,AMD,Max-270,"Proyector de AMD, modelo Max-270, diseñado para uso doméstico, empresarial o profesional.",11248.04,144,Proveedor 14,Disponible
2150,Escritorio TP-Link Enterprise-390,Oficina,TP-Link,Enterprise-390,"Escritorio de TP-Link, modelo Enterprise-390, diseñado para uso doméstico, empresarial o profesional.",10029.22,125,Proveedor 08,Disponible
2151,Escritorio Tripp Lite Pro-487,Oficina,Tripp Lite,Pro-487,"Escritorio de Tripp Lite, modelo Pro-487, diseñado para uso doméstico, empresarial o profesional.",10939.98,31,Proveedor 04,Disponible
2152,Escritorio Acer Pro-213,Oficina,Acer,Pro-213,"Escritorio de Acer, modelo Pro-213, diseñado para uso doméstico, empresarial o profesional.",10286.29,45,Proveedor 06,Disponible
2153,Escritorio Tripp Lite Ultra-460,Oficina,Tripp Lite,Ultra-460,"Escritorio de Tripp Lite, modelo Ultra-460, diseñado para uso doméstico, empresarial o profesional.",13530.52,107,Proveedor 20,Disponible
2154,Engrapadora Samsung Enterprise-471,Oficina,Samsung,Enterprise-471,"Engrapadora de Samsung, modelo Enterprise-471, diseñado para uso doméstico, empresarial o profesional.",11356.05,81,Proveedor 17,Disponible
2155,Papel Tripp Lite Ultra-330,Oficina,Tripp Lite,Ultra-330,"Papel de Tripp Lite, modelo Ultra-330, diseñado para uso doméstico, empresarial o profesional.",15467.25,126,Proveedor 25,Disponible
2156,Archivero Kingston Enterprise-560,Oficina,Kingston,Enterprise-560,"Archivero de Kingston, modelo Enterprise-560, diseñado para uso doméstico, empresarial o profesional.",2850.71,45,Proveedor 13,Disponible
2157,Engrapadora TP-Link Max-949,Oficina,TP-Link,Max-949,"Engrapadora de TP-Link, modelo Max-949, diseñado para uso doméstico, empresarial o profesional.",6032.97,118,Proveedor 21,Disponible
2158,Proyector HP Ultra-694,Oficina,HP,Ultra-694,"Proyector de HP, modelo Ultra-694, diseñado para uso doméstico, empresarial o profesional.",11766.28,107,Proveedor 14,Disponible
2159,Calculadora TP-Link Max-329,Oficina,TP-Link,Max-329,"Calculadora de TP-Link, modelo Max-329, diseñado para uso doméstico, empresarial o profesional.",2520.14,128,Proveedor 03,Disponible
2160,Organizador Intel Business-518,Oficina,Intel,Business-518,"Organizador de Intel, modelo Business-518, diseñado para uso doméstico, empresarial o profesional.",17020.44,83,Proveedor 20,Disponible
2161,Calculadora ASUS Max-740,Oficina,ASUS,Max-740,"Calculadora de ASUS, modelo Max-740, diseñado para uso doméstico, empresarial o profesional.",8510.29,23,Proveedor 12,Disponible
2162,Impresora AMD Enterprise-769,Oficina,AMD,Enterprise-769,"Impresora de AMD, modelo Enterprise-769, diseñado para uso doméstico, empresarial o profesional.",7026.43,130,Proveedor 07,Disponible
2163,Proyector Hikvision Plus-840,Oficina,Hikvision,Plus-840,"Proyector de Hikvision, modelo Plus-840, diseñado para uso doméstico, empresarial o profesional.",15747.46,44,Proveedor 16,Disponible
2164,Calculadora Samsung Pro-400,Oficina,Samsung,Pro-400,"Calculadora de Samsung, modelo Pro-400, diseñado para uso doméstico, empresarial o profesional.",1194.69,7,Proveedor 07,Disponible
2165,Organizador Hikvision Ultra-350,Oficina,Hikvision,Ultra-350,"Organizador de Hikvision, modelo Ultra-350, diseñado para uso doméstico, empresarial o profesional.",12315.57,113,Proveedor 08,Disponible
2166,Proyector Hikvision Max-756,Oficina,Hikvision,Max-756,"Proyector de Hikvision, modelo Max-756, diseñado para uso doméstico, empresarial o profesional.",2027.5,84,Proveedor 06,Disponible
2167,Calculadora Hikvision Business-171,Oficina,Hikvision,Business-171,"Calculadora de Hikvision, modelo Business-171, diseñado para uso doméstico, empresarial o profesional.",153.69,8,Proveedor 22,Disponible
2168,Escritorio APC Ultra-982,Oficina,APC,Ultra-982,"Escritorio de APC, modelo Ultra-982, diseñado para uso doméstico, empresarial o profesional.",6954.12,106,Proveedor 09,Disponible
2169,Papel HP Business-895,Oficina,HP,Business-895,"Papel de HP, modelo Business-895, diseñado para uso doméstico, empresarial o profesional.",10937.38,136,Proveedor 23,Disponible
2170,Impresora Hikvision Ultra-947,Oficina,Hikvision,Ultra-947,"Impresora de Hikvision, modelo Ultra-947, diseñado para uso doméstico, empresarial o profesional.",13076.79,74,Proveedor 13,Disponible
2171,Impresora LG Ultra-833,Oficina,LG,Ultra-833,"Impresora de LG, modelo Ultra-833, diseñado para uso doméstico, empresarial o profesional.",16695.2,112,Proveedor 14,Disponible
2172,Escáner HP Pro-967,Oficina,HP,Pro-967,"Escáner de HP, modelo Pro-967, diseñado para uso doméstico, empresarial o profesional.",4747.11,148,Proveedor 25,Disponible
2173,Escáner ASUS Plus-522,Oficina,ASUS,Plus-522,"Escáner de ASUS, modelo Plus-522, diseñado para uso doméstico, empresarial o profesional.",11827.97,36,Proveedor 08,Disponible
2174,Archivero Acer Plus-199,Oficina,Acer,Plus-199,"Archivero de Acer, modelo Plus-199, diseñado para uso doméstico, empresarial o profesional.",5960.56,18,Proveedor 15,Disponible
2175,Archivero Epson Enterprise-366,Oficina,Epson,Enterprise-366,"Archivero de Epson, modelo Enterprise-366, diseñado para uso doméstico, empresarial o profesional.",6183.7,113,Proveedor 11,Disponible
2176,Archivero Logitech Max-381,Oficina,Logitech,Max-381,"Archivero de Logitech, modelo Max-381, diseñado para uso doméstico, empresarial o profesional.",10711.87,35,Proveedor 05,Disponible
2177,Papel Kingston Basic-326,Oficina,Kingston,Basic-326,"Papel de Kingston, modelo Basic-326, diseñado para uso doméstico, empresarial o profesional.",15846.67,144,Proveedor 12,Disponible
2178,Engrapadora Kingston Business-262,Oficina,Kingston,Business-262,"Engrapadora de Kingston, modelo Business-262, diseñado para uso doméstico, empresarial o profesional.",10230.49,78,Proveedor 16,Disponible
2179,Archivero Kingston Pro-861,Oficina,Kingston,Pro-861,"Archivero de Kingston, modelo Pro-861, diseñado para uso doméstico, empresarial o profesional.",14499.42,32,Proveedor 05,Disponible
2180,Organizador Kingston Enterprise-493,Oficina,Kingston,Enterprise-493,"Organizador de Kingston, modelo Enterprise-493, diseñado para uso doméstico, empresarial o profesional.",4653.78,58,Proveedor 01,Disponible
2181,Calculadora Intel Plus-251,Oficina,Intel,Plus-251,"Calculadora de Intel, modelo Plus-251, diseñado para uso doméstico, empresarial o profesional.",10528.7,66,Proveedor 12,Disponible
2182,Papel APC Ultra-588,Oficina,APC,Ultra-588,"Papel de APC, modelo Ultra-588, diseñado para uso doméstico, empresarial o profesional.",11143.73,43,Proveedor 12,Disponible
2183,Proyector Intel Enterprise-613,Oficina,Intel,Enterprise-613,"Proyector de Intel, modelo Enterprise-613, diseñado para uso doméstico, empresarial o profesional.",5677.9,95,Proveedor 13,Disponible
2184,Archivero ASUS Enterprise-637,Oficina,ASUS,Enterprise-637,"Archivero de ASUS, modelo Enterprise-637, diseñado para uso doméstico, empresarial o profesional.",8692.48,123,Proveedor 13,Disponible
2185,Impresora Dell Plus-330,Oficina,Dell,Plus-330,"Impresora de Dell, modelo Plus-330, diseñado para uso doméstico, empresarial o profesional.",5588.27,57,Proveedor 05,Disponible
2186,Engrapadora AMD Enterprise-846,Oficina,AMD,Enterprise-846,"Engrapadora de AMD, modelo Enterprise-846, diseñado para uso doméstico, empresarial o profesional.",14213.26,50,Proveedor 12,Disponible
2187,Archivero Hikvision Max-753,Oficina,Hikvision,Max-753,"Archivero de Hikvision, modelo Max-753, diseñado para uso doméstico, empresarial o profesional.",16316.25,134,Proveedor 08,Disponible
2188,Calculadora LG Business-133,Oficina,LG,Business-133,"Calculadora de LG, modelo Business-133, diseñado para uso doméstico, empresarial o profesional.",7190.89,25,Proveedor 11,Disponible
2189,Papel Dell Plus-666,Oficina,Dell,Plus-666,"Papel de Dell, modelo Plus-666, diseñado para uso doméstico, empresarial o profesional.",17310.96,137,Proveedor 03,Disponible
2190,Impresora Hikvision Max-635,Oficina,Hikvision,Max-635,"Impresora de Hikvision, modelo Max-635, diseñado para uso doméstico, empresarial o profesional.",4486.06,65,Proveedor 24,Disponible
2191,Proyector Epson Pro-806,Oficina,Epson,Pro-806,"Proyector de Epson, modelo Pro-806, diseñado para uso doméstico, empresarial o profesional.",12921.32,45,Proveedor 02,Disponible
2192,Organizador Logitech Max-384,Oficina,Logitech,Max-384,"Organizador de Logitech, modelo Max-384, diseñado para uso doméstico, empresarial o profesional.",1671.72,48,Proveedor 24,Disponible
2193,Escáner Lenovo Max-410,Oficina,Lenovo,Max-410,"Escáner de Lenovo, modelo Max-410, diseñado para uso doméstico, empresarial o profesional.",1123.75,58,Proveedor 08,Disponible
2194,Organizador Intel Ultra-575,Oficina,Intel,Ultra-575,"Organizador de Intel, modelo Ultra-575, diseñado para uso doméstico, empresarial o profesional.",1795.92,13,Proveedor 11,Disponible
2195,Escáner Acer Ultra-219,Oficina,Acer,Ultra-219,"Escáner de Acer, modelo Ultra-219, diseñado para uso doméstico, empresarial o profesional.",7970.91,121,Proveedor 07,Disponible
2196,Escáner Tripp Lite Max-320,Oficina,Tripp Lite,Max-320,"Escáner de Tripp Lite, modelo Max-320, diseñado para uso doméstico, empresarial o profesional.",10781.34,76,Proveedor 19,Disponible
2197,Impresora Intel Ultra-981,Oficina,Intel,Ultra-981,"Impresora de Intel, modelo Ultra-981, diseñado para uso doméstico, empresarial o profesional.",16292.65,113,Proveedor 25,Disponible
2198,Calculadora Intel Enterprise-750,Oficina,Intel,Enterprise-750,"Calculadora de Intel, modelo Enterprise-750, diseñado para uso doméstico, empresarial o profesional.",11071.01,116,Proveedor 01,Disponible
2199,Engrapadora Ubiquiti Max-377,Oficina,Ubiquiti,Max-377,"Engrapadora de Ubiquiti, modelo Max-377, diseñado para uso doméstico, empresarial o profesional.",8882.11,45,Proveedor 11,Disponible
2200,Papel Brother Max-390,Oficina,Brother,Max-390,"Papel de Brother, modelo Max-390, diseñado para uso doméstico, empresarial o profesional.",17127.3,76,Proveedor 09,Disponible
2201,Papel Epson Plus-381,Oficina,Epson,Plus-381,"Papel de Epson, modelo Plus-381, diseñado para uso doméstico, empresarial o profesional.",12210.83,128,Proveedor 10,Disponible
2202,Archivero HP Enterprise-286,Oficina,HP,Enterprise-286,"Archivero de HP, modelo Enterprise-286, diseñado para uso doméstico, empresarial o profesional.",8791.82,81,Proveedor 17,Disponible
2203,Archivero Brother Pro-283,Oficina,Brother,Pro-283,"Archivero de Brother, modelo Pro-283, diseñado para uso doméstico, empresarial o profesional.",1208.1,110,Proveedor 22,Disponible
2204,Engrapadora HP Enterprise-553,Oficina,HP,Enterprise-553,"Engrapadora de HP, modelo Enterprise-553, diseñado para uso doméstico, empresarial o profesional.",6183.5,137,Proveedor 06,Disponible
2205,Calculadora HP Enterprise-337,Oficina,HP,Enterprise-337,"Calculadora de HP, modelo Enterprise-337, diseñado para uso doméstico, empresarial o profesional.",3861.5,128,Proveedor 10,Disponible
2206,Silla de oficina APC Ultra-205,Oficina,APC,Ultra-205,"Silla de oficina de APC, modelo Ultra-205, diseñado para uso doméstico, empresarial o profesional.",12334.89,53,Proveedor 19,Disponible
2207,Proyector Samsung Pro-296,Oficina,Samsung,Pro-296,"Proyector de Samsung, modelo Pro-296, diseñado para uso doméstico, empresarial o profesional.",13802.16,43,Proveedor 06,Disponible
2208,Organizador ASUS Plus-628,Oficina,ASUS,Plus-628,"Organizador de ASUS, modelo Plus-628, diseñado para uso doméstico, empresarial o profesional.",17661.34,106,Proveedor 25,Disponible
2209,Engrapadora Epson Plus-583,Oficina,Epson,Plus-583,"Engrapadora de Epson, modelo Plus-583, diseñado para uso doméstico, empresarial o profesional.",16819.91,77,Proveedor 12,Disponible
2210,Proyector Kingston Plus-844,Oficina,Kingston,Plus-844,"Proyector de Kingston, modelo Plus-844, diseñado para uso doméstico, empresarial o profesional.",6390.19,80,Proveedor 15,Disponible
2211,Engrapadora Ubiquiti Max-502,Oficina,Ubiquiti,Max-502,"Engrapadora de Ubiquiti, modelo Max-502, diseñado para uso doméstico, empresarial o profesional.",13735.63,1,Proveedor 25,Disponible
2212,Escritorio Cisco Ultra-462,Oficina,Cisco,Ultra-462,"Escritorio de Cisco, modelo Ultra-462, diseñado para uso doméstico, empresarial o profesional.",11634.9,35,Proveedor 15,Disponible
2213,Engrapadora TP-Link Enterprise-821,Oficina,TP-Link,Enterprise-821,"Engrapadora de TP-Link, modelo Enterprise-821, diseñado para uso doméstico, empresarial o profesional.",3663.77,65,Proveedor 10,Disponible
2214,Silla de oficina TP-Link Plus-537,Oficina,TP-Link,Plus-537,"Silla de oficina de TP-Link, modelo Plus-537, diseñado para uso doméstico, empresarial o profesional.",14242.83,83,Proveedor 18,Disponible
2215,Papel Acer Enterprise-320,Oficina,Acer,Enterprise-320,"Papel de Acer, modelo Enterprise-320, diseñado para uso doméstico, empresarial o profesional.",11127.48,112,Proveedor 09,Disponible
2216,Escáner Dell Pro-264,Oficina,Dell,Pro-264,"Escáner de Dell, modelo Pro-264, diseñado para uso doméstico, empresarial o profesional.",5878.93,122,Proveedor 24,Disponible
2217,Organizador Brother Basic-899,Oficina,Brother,Basic-899,"Organizador de Brother, modelo Basic-899, diseñado para uso doméstico, empresarial o profesional.",11879.75,124,Proveedor 08,Disponible
2218,Engrapadora AMD Max-484,Oficina,AMD,Max-484,"Engrapadora de AMD, modelo Max-484, diseñado para uso doméstico, empresarial o profesional.",1095.92,14,Proveedor 21,Disponible
2219,Silla de oficina Logitech Max-478,Oficina,Logitech,Max-478,"Silla de oficina de Logitech, modelo Max-478, diseñado para uso doméstico, empresarial o profesional.",7903.09,72,Proveedor 04,Disponible
2220,Archivero Lenovo Business-175,Oficina,Lenovo,Business-175,"Archivero de Lenovo, modelo Business-175, diseñado para uso doméstico, empresarial o profesional.",5862.08,105,Proveedor 05,Disponible
2221,Proyector Intel Plus-687,Oficina,Intel,Plus-687,"Proyector de Intel, modelo Plus-687, diseñado para uso doméstico, empresarial o profesional.",3623.9,22,Proveedor 15,Disponible
2222,Calculadora Samsung Max-659,Oficina,Samsung,Max-659,"Calculadora de Samsung, modelo Max-659, diseñado para uso doméstico, empresarial o profesional.",13737.29,66,Proveedor 18,Disponible
2223,Papel Kingston Business-122,Oficina,Kingston,Business-122,"Papel de Kingston, modelo Business-122, diseñado para uso doméstico, empresarial o profesional.",2554.2,17,Proveedor 23,Disponible
2224,Silla de oficina LG Enterprise-556,Oficina,LG,Enterprise-556,"Silla de oficina de LG, modelo Enterprise-556, diseñado para uso doméstico, empresarial o profesional.",13458.5,54,Proveedor 06,Disponible
2225,Silla de oficina Hikvision Pro-571,Oficina,Hikvision,Pro-571,"Silla de oficina de Hikvision, modelo Pro-571, diseñado para uso doméstico, empresarial o profesional.",6538.8,50,Proveedor 22,Disponible
2226,Engrapadora Logitech Max-865,Oficina,Logitech,Max-865,"Engrapadora de Logitech, modelo Max-865, diseñado para uso doméstico, empresarial o profesional.",16790.28,35,Proveedor 04,Disponible
2227,Escritorio Ubiquiti Ultra-925,Oficina,Ubiquiti,Ultra-925,"Escritorio de Ubiquiti, modelo Ultra-925, diseñado para uso doméstico, empresarial o profesional.",8769.84,12,Proveedor 17,Disponible
2228,Impresora APC Plus-116,Oficina,APC,Plus-116,"Impresora de APC, modelo Plus-116, diseñado para uso doméstico, empresarial o profesional.",10195.89,8,Proveedor 17,Disponible
2229,Silla de oficina Tripp Lite Ultra-389,Oficina,Tripp Lite,Ultra-389,"Silla de oficina de Tripp Lite, modelo Ultra-389, diseñado para uso doméstico, empresarial o profesional.",10359.43,17,Proveedor 24,Disponible
2230,Escáner Intel Basic-671,Oficina,Intel,Basic-671,"Escáner de Intel, modelo Basic-671, diseñado para uso doméstico, empresarial o profesional.",14057.17,136,Proveedor 06,Disponible
2231,Papel Dell Max-579,Oficina,Dell,Max-579,"Papel de Dell, modelo Max-579, diseñado para uso doméstico, empresarial o profesional.",10992.27,48,Proveedor 25,Disponible
2232,Escáner Ubiquiti Enterprise-383,Oficina,Ubiquiti,Enterprise-383,"Escáner de Ubiquiti, modelo Enterprise-383, diseñado para uso doméstico, empresarial o profesional.",8398.9,38,Proveedor 21,Disponible
2233,Silla de oficina Dell Pro-763,Oficina,Dell,Pro-763,"Silla de oficina de Dell, modelo Pro-763, diseñado para uso doméstico, empresarial o profesional.",10366.77,116,Proveedor 17,Disponible
2234,Escritorio TP-Link Ultra-688,Oficina,TP-Link,Ultra-688,"Escritorio de TP-Link, modelo Ultra-688, diseñado para uso doméstico, empresarial o profesional.",5309.83,99,Proveedor 01,Disponible
2235,Impresora Epson Plus-537,Oficina,Epson,Plus-537,"Impresora de Epson, modelo Plus-537, diseñado para uso doméstico, empresarial o profesional.",2734.39,57,Proveedor 19,Disponible
2236,Silla de oficina Tripp Lite Ultra-769,Oficina,Tripp Lite,Ultra-769,"Silla de oficina de Tripp Lite, modelo Ultra-769, diseñado para uso doméstico, empresarial o profesional.",11987.27,147,Proveedor 12,Disponible
2237,Organizador Lenovo Pro-891,Oficina,Lenovo,Pro-891,"Organizador de Lenovo, modelo Pro-891, diseñado para uso doméstico, empresarial o profesional.",2694.66,78,Proveedor 06,Disponible
2238,Escáner TP-Link Max-716,Oficina,TP-Link,Max-716,"Escáner de TP-Link, modelo Max-716, diseñado para uso doméstico, empresarial o profesional.",17002.57,10,Proveedor 25,Disponible
2239,Proyector Tripp Lite Plus-170,Oficina,Tripp Lite,Plus-170,"Proyector de Tripp Lite, modelo Plus-170, diseñado para uso doméstico, empresarial o profesional.",5914.48,80,Proveedor 08,Disponible
2240,Calculadora Acer Plus-267,Oficina,Acer,Plus-267,"Calculadora de Acer, modelo Plus-267, diseñado para uso doméstico, empresarial o profesional.",7654.38,69,Proveedor 08,Disponible
2241,Calculadora LG Basic-240,Oficina,LG,Basic-240,"Calculadora de LG, modelo Basic-240, diseñado para uso doméstico, empresarial o profesional.",15801.15,112,Proveedor 04,Disponible
2242,Escritorio TP-Link Ultra-988,Oficina,TP-Link,Ultra-988,"Escritorio de TP-Link, modelo Ultra-988, diseñado para uso doméstico, empresarial o profesional.",13398.64,53,Proveedor 13,Disponible
2243,Impresora Hikvision Ultra-508,Oficina,Hikvision,Ultra-508,"Impresora de Hikvision, modelo Ultra-508, diseñado para uso doméstico, empresarial o profesional.",3599.52,97,Proveedor 19,Disponible
2244,Escáner Dell Pro-618,Oficina,Dell,Pro-618,"Escáner de Dell, modelo Pro-618, diseñado para uso doméstico, empresarial o profesional.",16441.7,132,Proveedor 04,Disponible
2245,Proyector Acer Basic-600,Oficina,Acer,Basic-600,"Proyector de Acer, modelo Basic-600, diseñado para uso doméstico, empresarial o profesional.",13339.34,91,Proveedor 24,Disponible
2246,Silla de oficina Ubiquiti Pro-315,Oficina,Ubiquiti,Pro-315,"Silla de oficina de Ubiquiti, modelo Pro-315, diseñado para uso doméstico, empresarial o profesional.",17733.18,129,Proveedor 12,Disponible
2247,Archivero Logitech Max-214,Oficina,Logitech,Max-214,"Archivero de Logitech, modelo Max-214, diseñado para uso doméstico, empresarial o profesional.",17009.8,4,Proveedor 01,Disponible
2248,Escritorio Ubiquiti Ultra-978,Oficina,Ubiquiti,Ultra-978,"Escritorio de Ubiquiti, modelo Ultra-978, diseñado para uso doméstico, empresarial o profesional.",1828.19,92,Proveedor 10,Disponible
2249,Escáner Ubiquiti Enterprise-767,Oficina,Ubiquiti,Enterprise-767,"Escáner de Ubiquiti, modelo Enterprise-767, diseñado para uso doméstico, empresarial o profesional.",5433.48,21,Proveedor 21,Disponible
2250,Escritorio Brother Basic-381,Oficina,Brother,Basic-381,"Escritorio de Brother, modelo Basic-381, diseñado para uso doméstico, empresarial o profesional.",13141.44,82,Proveedor 02,Disponible
2251,Proyector Epson Pro-678,Oficina,Epson,Pro-678,"Proyector de Epson, modelo Pro-678, diseñado para uso doméstico, empresarial o profesional.",196.65,132,Proveedor 05,Disponible
2252,Proyector Brother Enterprise-139,Oficina,Brother,Enterprise-139,"Proyector de Brother, modelo Enterprise-139, diseñado para uso doméstico, empresarial o profesional.",1129.43,53,Proveedor 24,Disponible
2253,Engrapadora LG Max-524,Oficina,LG,Max-524,"Engrapadora de LG, modelo Max-524, diseñado para uso doméstico, empresarial o profesional.",14823.82,107,Proveedor 06,Disponible
2254,Proyector APC Pro-859,Oficina,APC,Pro-859,"Proyector de APC, modelo Pro-859, diseñado para uso doméstico, empresarial o profesional.",14575.23,46,Proveedor 12,Disponible
2255,Escáner ASUS Basic-609,Oficina,ASUS,Basic-609,"Escáner de ASUS, modelo Basic-609, diseñado para uso doméstico, empresarial o profesional.",3697.26,103,Proveedor 21,Disponible
2256,Silla de oficina Logitech Max-428,Oficina,Logitech,Max-428,"Silla de oficina de Logitech, modelo Max-428, diseñado para uso doméstico, empresarial o profesional.",541.75,6,Proveedor 11,Disponible
2257,Impresora Brother Basic-852,Oficina,Brother,Basic-852,"Impresora de Brother, modelo Basic-852, diseñado para uso doméstico, empresarial o profesional.",15700.35,104,Proveedor 02,Disponible
2258,Papel Huawei Enterprise-712,Oficina,Huawei,Enterprise-712,"Papel de Huawei, modelo Enterprise-712, diseñado para uso doméstico, empresarial o profesional.",13013.73,43,Proveedor 06,Disponible
2259,Escáner TP-Link Plus-328,Oficina,TP-Link,Plus-328,"Escáner de TP-Link, modelo Plus-328, diseñado para uso doméstico, empresarial o profesional.",1685.47,16,Proveedor 04,Disponible
2260,Archivero Hikvision Ultra-976,Oficina,Hikvision,Ultra-976,"Archivero de Hikvision, modelo Ultra-976, diseñado para uso doméstico, empresarial o profesional.",16169.64,112,Proveedor 05,Disponible
2261,Organizador TP-Link Plus-587,Oficina,TP-Link,Plus-587,"Organizador de TP-Link, modelo Plus-587, diseñado para uso doméstico, empresarial o profesional.",8466.68,65,Proveedor 05,Disponible
2262,Silla de oficina Tripp Lite Plus-728,Oficina,Tripp Lite,Plus-728,"Silla de oficina de Tripp Lite, modelo Plus-728, diseñado para uso doméstico, empresarial o profesional.",12041.72,24,Proveedor 16,Disponible
2263,Archivero Intel Pro-228,Oficina,Intel,Pro-228,"Archivero de Intel, modelo Pro-228, diseñado para uso doméstico, empresarial o profesional.",3971.02,33,Proveedor 05,Disponible
2264,Calculadora Dell Business-197,Oficina,Dell,Business-197,"Calculadora de Dell, modelo Business-197, diseñado para uso doméstico, empresarial o profesional.",12919.31,72,Proveedor 20,Disponible
2265,Escáner Epson Pro-356,Oficina,Epson,Pro-356,"Escáner de Epson, modelo Pro-356, diseñado para uso doméstico, empresarial o profesional.",3347.74,77,Proveedor 11,Disponible
2266,Archivero Intel Max-629,Oficina,Intel,Max-629,"Archivero de Intel, modelo Max-629, diseñado para uso doméstico, empresarial o profesional.",10401.69,68,Proveedor 25,Disponible
2267,Proyector Samsung Ultra-483,Oficina,Samsung,Ultra-483,"Proyector de Samsung, modelo Ultra-483, diseñado para uso doméstico, empresarial o profesional.",11911.8,148,Proveedor 24,Disponible
2268,Impresora Huawei Business-149,Oficina,Huawei,Business-149,"Impresora de Huawei, modelo Business-149, diseñado para uso doméstico, empresarial o profesional.",14301.68,46,Proveedor 01,Disponible
2269,Proyector Cisco Enterprise-913,Oficina,Cisco,Enterprise-913,"Proyector de Cisco, modelo Enterprise-913, diseñado para uso doméstico, empresarial o profesional.",4303.79,101,Proveedor 11,Disponible
2270,Impresora Intel Ultra-595,Oficina,Intel,Ultra-595,"Impresora de Intel, modelo Ultra-595, diseñado para uso doméstico, empresarial o profesional.",15442.52,48,Proveedor 21,Disponible
2271,Organizador Huawei Ultra-319,Oficina,Huawei,Ultra-319,"Organizador de Huawei, modelo Ultra-319, diseñado para uso doméstico, empresarial o profesional.",8173.89,67,Proveedor 18,Disponible
2272,Archivero HP Business-386,Oficina,HP,Business-386,"Archivero de HP, modelo Business-386, diseñado para uso doméstico, empresarial o profesional.",11808.63,131,Proveedor 11,Disponible
2273,Silla de oficina ASUS Plus-449,Oficina,ASUS,Plus-449,"Silla de oficina de ASUS, modelo Plus-449, diseñado para uso doméstico, empresarial o profesional.",14531.58,124,Proveedor 25,Disponible
2274,Papel Hikvision Business-198,Oficina,Hikvision,Business-198,"Papel de Hikvision, modelo Business-198, diseñado para uso doméstico, empresarial o profesional.",12034.19,87,Proveedor 25,Disponible
2275,Papel Logitech Basic-900,Oficina,Logitech,Basic-900,"Papel de Logitech, modelo Basic-900, diseñado para uso doméstico, empresarial o profesional.",6596.64,6,Proveedor 18,Disponible
2276,Proyector HP Pro-568,Oficina,HP,Pro-568,"Proyector de HP, modelo Pro-568, diseñado para uso doméstico, empresarial o profesional.",14946.5,30,Proveedor 18,Disponible
2277,Engrapadora Lenovo Enterprise-455,Oficina,Lenovo,Enterprise-455,"Engrapadora de Lenovo, modelo Enterprise-455, diseñado para uso doméstico, empresarial o profesional.",5547.34,111,Proveedor 18,Disponible
2278,Escáner APC Pro-507,Oficina,APC,Pro-507,"Escáner de APC, modelo Pro-507, diseñado para uso doméstico, empresarial o profesional.",14765.88,130,Proveedor 07,Disponible
2279,Proyector Epson Enterprise-117,Oficina,Epson,Enterprise-117,"Proyector de Epson, modelo Enterprise-117, diseñado para uso doméstico, empresarial o profesional.",3600.23,90,Proveedor 17,Disponible
2280,Organizador Lenovo Max-980,Oficina,Lenovo,Max-980,"Organizador de Lenovo, modelo Max-980, diseñado para uso doméstico, empresarial o profesional.",9564.19,12,Proveedor 18,Disponible
2281,Silla de oficina Tripp Lite Pro-810,Oficina,Tripp Lite,Pro-810,"Silla de oficina de Tripp Lite, modelo Pro-810, diseñado para uso doméstico, empresarial o profesional.",17050.53,135,Proveedor 06,Disponible
2282,Silla de oficina ASUS Basic-796,Oficina,ASUS,Basic-796,"Silla de oficina de ASUS, modelo Basic-796, diseñado para uso doméstico, empresarial o profesional.",3006.47,57,Proveedor 25,Disponible
2283,Proyector Tripp Lite Max-534,Oficina,Tripp Lite,Max-534,"Proyector de Tripp Lite, modelo Max-534, diseñado para uso doméstico, empresarial o profesional.",15453.56,71,Proveedor 02,Disponible
2284,Escritorio Kingston Ultra-634,Oficina,Kingston,Ultra-634,"Escritorio de Kingston, modelo Ultra-634, diseñado para uso doméstico, empresarial o profesional.",17497.0,121,Proveedor 15,Disponible
2285,Silla de oficina Lenovo Business-407,Oficina,Lenovo,Business-407,"Silla de oficina de Lenovo, modelo Business-407, diseñado para uso doméstico, empresarial o profesional.",36.35,64,Proveedor 23,Disponible
2286,Papel Kingston Pro-851,Oficina,Kingston,Pro-851,"Papel de Kingston, modelo Pro-851, diseñado para uso doméstico, empresarial o profesional.",11047.72,17,Proveedor 02,Disponible
2287,Escritorio Lenovo Pro-592,Oficina,Lenovo,Pro-592,"Escritorio de Lenovo, modelo Pro-592, diseñado para uso doméstico, empresarial o profesional.",14809.27,62,Proveedor 13,Disponible
2288,Proyector Ubiquiti Ultra-705,Oficina,Ubiquiti,Ultra-705,"Proyector de Ubiquiti, modelo Ultra-705, diseñado para uso doméstico, empresarial o profesional.",3504.88,89,Proveedor 03,Disponible
2289,Calculadora Logitech Pro-511,Oficina,Logitech,Pro-511,"Calculadora de Logitech, modelo Pro-511, diseñado para uso doméstico, empresarial o profesional.",2248.78,149,Proveedor 22,Disponible
2290,Proyector Acer Ultra-245,Oficina,Acer,Ultra-245,"Proyector de Acer, modelo Ultra-245, diseñado para uso doméstico, empresarial o profesional.",12110.12,83,Proveedor 01,Disponible
2291,Escáner APC Plus-636,Oficina,APC,Plus-636,"Escáner de APC, modelo Plus-636, diseñado para uso doméstico, empresarial o profesional.",1873.94,120,Proveedor 08,Disponible
2292,Archivero Kingston Enterprise-227,Oficina,Kingston,Enterprise-227,"Archivero de Kingston, modelo Enterprise-227, diseñado para uso doméstico, empresarial o profesional.",9756.43,116,Proveedor 05,Disponible
2293,Escáner Samsung Plus-141,Oficina,Samsung,Plus-141,"Escáner de Samsung, modelo Plus-141, diseñado para uso doméstico, empresarial o profesional.",6885.59,65,Proveedor 04,Disponible
2294,Archivero Ubiquiti Max-272,Oficina,Ubiquiti,Max-272,"Archivero de Ubiquiti, modelo Max-272, diseñado para uso doméstico, empresarial o profesional.",15776.07,124,Proveedor 25,Disponible
2295,Engrapadora Epson Max-205,Oficina,Epson,Max-205,"Engrapadora de Epson, modelo Max-205, diseñado para uso doméstico, empresarial o profesional.",1621.66,92,Proveedor 08,Disponible
2296,Archivero Ubiquiti Ultra-158,Oficina,Ubiquiti,Ultra-158,"Archivero de Ubiquiti, modelo Ultra-158, diseñado para uso doméstico, empresarial o profesional.",11495.94,71,Proveedor 24,Disponible
2297,Engrapadora Logitech Business-620,Oficina,Logitech,Business-620,"Engrapadora de Logitech, modelo Business-620, diseñado para uso doméstico, empresarial o profesional.",5939.07,64,Proveedor 12,Disponible
2298,Escáner TP-Link Basic-830,Oficina,TP-Link,Basic-830,"Escáner de TP-Link, modelo Basic-830, diseñado para uso doméstico, empresarial o profesional.",14513.67,62,Proveedor 19,Disponible
2299,Archivero Epson Max-544,Oficina,Epson,Max-544,"Archivero de Epson, modelo Max-544, diseñado para uso doméstico, empresarial o profesional.",11991.34,26,Proveedor 25,Disponible
2300,Archivero Tripp Lite Max-957,Oficina,Tripp Lite,Max-957,"Archivero de Tripp Lite, modelo Max-957, diseñado para uso doméstico, empresarial o profesional.",10194.19,132,Proveedor 22,Disponible
2301,Escritorio Cisco Max-210,Oficina,Cisco,Max-210,"Escritorio de Cisco, modelo Max-210, diseñado para uso doméstico, empresarial o profesional.",10638.46,25,Proveedor 19,Disponible
2302,Escáner HP Enterprise-344,Oficina,HP,Enterprise-344,"Escáner de HP, modelo Enterprise-344, diseñado para uso doméstico, empresarial o profesional.",6511.79,107,Proveedor 13,Disponible
2303,Impresora LG Business-907,Oficina,LG,Business-907,"Impresora de LG, modelo Business-907, diseñado para uso doméstico, empresarial o profesional.",7941.2,117,Proveedor 19,Disponible
2304,Papel Cisco Ultra-932,Oficina,Cisco,Ultra-932,"Papel de Cisco, modelo Ultra-932, diseñado para uso doméstico, empresarial o profesional.",14499.81,110,Proveedor 22,Disponible
2305,Impresora Acer Max-285,Oficina,Acer,Max-285,"Impresora de Acer, modelo Max-285, diseñado para uso doméstico, empresarial o profesional.",463.88,84,Proveedor 04,Disponible
2306,Engrapadora Ubiquiti Enterprise-129,Oficina,Ubiquiti,Enterprise-129,"Engrapadora de Ubiquiti, modelo Enterprise-129, diseñado para uso doméstico, empresarial o profesional.",13131.16,64,Proveedor 12,Disponible
2307,Silla de oficina LG Pro-383,Oficina,LG,Pro-383,"Silla de oficina de LG, modelo Pro-383, diseñado para uso doméstico, empresarial o profesional.",8044.75,12,Proveedor 11,Disponible
2308,Archivero Logitech Enterprise-912,Oficina,Logitech,Enterprise-912,"Archivero de Logitech, modelo Enterprise-912, diseñado para uso doméstico, empresarial o profesional.",2915.84,142,Proveedor 25,Disponible
2309,Papel Samsung Business-510,Oficina,Samsung,Business-510,"Papel de Samsung, modelo Business-510, diseñado para uso doméstico, empresarial o profesional.",13567.15,44,Proveedor 16,Disponible
2310,Escáner Samsung Plus-731,Oficina,Samsung,Plus-731,"Escáner de Samsung, modelo Plus-731, diseñado para uso doméstico, empresarial o profesional.",9702.08,58,Proveedor 11,Disponible
2311,Engrapadora HP Business-192,Oficina,HP,Business-192,"Engrapadora de HP, modelo Business-192, diseñado para uso doméstico, empresarial o profesional.",11520.95,80,Proveedor 20,Disponible
2312,Archivero ASUS Enterprise-491,Oficina,ASUS,Enterprise-491,"Archivero de ASUS, modelo Enterprise-491, diseñado para uso doméstico, empresarial o profesional.",3662.62,124,Proveedor 12,Disponible
2313,Silla de oficina Hikvision Plus-872,Oficina,Hikvision,Plus-872,"Silla de oficina de Hikvision, modelo Plus-872, diseñado para uso doméstico, empresarial o profesional.",2891.14,43,Proveedor 11,Disponible
2314,Impresora HP Pro-695,Oficina,HP,Pro-695,"Impresora de HP, modelo Pro-695, diseñado para uso doméstico, empresarial o profesional.",5610.18,129,Proveedor 23,Disponible
2315,Papel Kingston Enterprise-673,Oficina,Kingston,Enterprise-673,"Papel de Kingston, modelo Enterprise-673, diseñado para uso doméstico, empresarial o profesional.",9702.43,101,Proveedor 20,Disponible
2316,Escáner Acer Basic-192,Oficina,Acer,Basic-192,"Escáner de Acer, modelo Basic-192, diseñado para uso doméstico, empresarial o profesional.",12818.63,103,Proveedor 09,Disponible
2317,Proyector Samsung Max-462,Oficina,Samsung,Max-462,"Proyector de Samsung, modelo Max-462, diseñado para uso doméstico, empresarial o profesional.",7159.72,98,Proveedor 04,Disponible
2318,Engrapadora AMD Max-184,Oficina,AMD,Max-184,"Engrapadora de AMD, modelo Max-184, diseñado para uso doméstico, empresarial o profesional.",5849.34,57,Proveedor 15,Disponible
2319,Impresora Epson Max-258,Oficina,Epson,Max-258,"Impresora de Epson, modelo Max-258, diseñado para uso doméstico, empresarial o profesional.",12025.36,70,Proveedor 01,Disponible
2320,Archivero Epson Enterprise-811,Oficina,Epson,Enterprise-811,"Archivero de Epson, modelo Enterprise-811, diseñado para uso doméstico, empresarial o profesional.",17699.22,62,Proveedor 08,Disponible
2321,Archivero Acer Pro-112,Oficina,Acer,Pro-112,"Archivero de Acer, modelo Pro-112, diseñado para uso doméstico, empresarial o profesional.",5363.37,5,Proveedor 20,Disponible
2322,Archivero Hikvision Ultra-669,Oficina,Hikvision,Ultra-669,"Archivero de Hikvision, modelo Ultra-669, diseñado para uso doméstico, empresarial o profesional.",9935.53,145,Proveedor 07,Disponible
2323,Escritorio ASUS Enterprise-631,Oficina,ASUS,Enterprise-631,"Escritorio de ASUS, modelo Enterprise-631, diseñado para uso doméstico, empresarial o profesional.",10468.69,147,Proveedor 13,Disponible
2324,Engrapadora LG Enterprise-920,Oficina,LG,Enterprise-920,"Engrapadora de LG, modelo Enterprise-920, diseñado para uso doméstico, empresarial o profesional.",4766.13,94,Proveedor 12,Disponible
2325,Calculadora Samsung Max-465,Oficina,Samsung,Max-465,"Calculadora de Samsung, modelo Max-465, diseñado para uso doméstico, empresarial o profesional.",1414.42,34,Proveedor 11,Disponible
2326,Calculadora Tripp Lite Max-231,Oficina,Tripp Lite,Max-231,"Calculadora de Tripp Lite, modelo Max-231, diseñado para uso doméstico, empresarial o profesional.",1766.29,129,Proveedor 23,Disponible
2327,Archivero Tripp Lite Plus-207,Oficina,Tripp Lite,Plus-207,"Archivero de Tripp Lite, modelo Plus-207, diseñado para uso doméstico, empresarial o profesional.",14536.35,58,Proveedor 24,Disponible
2328,Silla de oficina Tripp Lite Enterprise-329,Oficina,Tripp Lite,Enterprise-329,"Silla de oficina de Tripp Lite, modelo Enterprise-329, diseñado para uso doméstico, empresarial o profesional.",8391.2,147,Proveedor 02,Disponible
2329,Archivero AMD Ultra-609,Oficina,AMD,Ultra-609,"Archivero de AMD, modelo Ultra-609, diseñado para uso doméstico, empresarial o profesional.",10651.4,16,Proveedor 06,Disponible
2330,Impresora Tripp Lite Ultra-672,Oficina,Tripp Lite,Ultra-672,"Impresora de Tripp Lite, modelo Ultra-672, diseñado para uso doméstico, empresarial o profesional.",11715.49,88,Proveedor 16,Disponible
2331,Proyector Dell Business-462,Oficina,Dell,Business-462,"Proyector de Dell, modelo Business-462, diseñado para uso doméstico, empresarial o profesional.",1205.47,70,Proveedor 19,Disponible
2332,Engrapadora TP-Link Business-712,Oficina,TP-Link,Business-712,"Engrapadora de TP-Link, modelo Business-712, diseñado para uso doméstico, empresarial o profesional.",8849.85,34,Proveedor 13,Disponible
2333,Calculadora Hikvision Plus-651,Oficina,Hikvision,Plus-651,"Calculadora de Hikvision, modelo Plus-651, diseñado para uso doméstico, empresarial o profesional.",12558.79,77,Proveedor 11,Disponible
2334,Calculadora Intel Enterprise-996,Oficina,Intel,Enterprise-996,"Calculadora de Intel, modelo Enterprise-996, diseñado para uso doméstico, empresarial o profesional.",9157.95,104,Proveedor 05,Disponible
2335,Papel Intel Plus-983,Oficina,Intel,Plus-983,"Papel de Intel, modelo Plus-983, diseñado para uso doméstico, empresarial o profesional.",151.75,13,Proveedor 23,Disponible
2336,Silla de oficina Intel Basic-893,Oficina,Intel,Basic-893,"Silla de oficina de Intel, modelo Basic-893, diseñado para uso doméstico, empresarial o profesional.",17593.05,16,Proveedor 17,Disponible
2337,Escritorio ASUS Business-299,Oficina,ASUS,Business-299,"Escritorio de ASUS, modelo Business-299, diseñado para uso doméstico, empresarial o profesional.",4500.93,45,Proveedor 06,Disponible
2338,Impresora Brother Business-222,Oficina,Brother,Business-222,"Impresora de Brother, modelo Business-222, diseñado para uso doméstico, empresarial o profesional.",5992.27,24,Proveedor 13,Disponible
2339,Organizador Huawei Enterprise-517,Oficina,Huawei,Enterprise-517,"Organizador de Huawei, modelo Enterprise-517, diseñado para uso doméstico, empresarial o profesional.",6881.79,121,Proveedor 05,Disponible
2340,Silla de oficina ASUS Basic-418,Oficina,ASUS,Basic-418,"Silla de oficina de ASUS, modelo Basic-418, diseñado para uso doméstico, empresarial o profesional.",6412.17,110,Proveedor 09,Disponible
2341,Archivero Dell Pro-366,Oficina,Dell,Pro-366,"Archivero de Dell, modelo Pro-366, diseñado para uso doméstico, empresarial o profesional.",7243.66,58,Proveedor 12,Disponible
2342,Escáner Samsung Ultra-869,Oficina,Samsung,Ultra-869,"Escáner de Samsung, modelo Ultra-869, diseñado para uso doméstico, empresarial o profesional.",1719.68,65,Proveedor 01,Disponible
2343,Organizador Cisco Max-160,Oficina,Cisco,Max-160,"Organizador de Cisco, modelo Max-160, diseñado para uso doméstico, empresarial o profesional.",12298.3,24,Proveedor 06,Disponible
2344,Impresora APC Basic-104,Oficina,APC,Basic-104,"Impresora de APC, modelo Basic-104, diseñado para uso doméstico, empresarial o profesional.",5903.67,78,Proveedor 01,Disponible
2345,Organizador Intel Plus-979,Oficina,Intel,Plus-979,"Organizador de Intel, modelo Plus-979, diseñado para uso doméstico, empresarial o profesional.",1276.92,44,Proveedor 07,Disponible
2346,Organizador Brother Pro-648,Oficina,Brother,Pro-648,"Organizador de Brother, modelo Pro-648, diseñado para uso doméstico, empresarial o profesional.",3954.18,88,Proveedor 04,Disponible
2347,Proyector AMD Plus-687,Oficina,AMD,Plus-687,"Proyector de AMD, modelo Plus-687, diseñado para uso doméstico, empresarial o profesional.",3209.4,112,Proveedor 23,Disponible
2348,Proyector APC Pro-933,Oficina,APC,Pro-933,"Proyector de APC, modelo Pro-933, diseñado para uso doméstico, empresarial o profesional.",14747.35,7,Proveedor 20,Disponible
2349,Impresora Tripp Lite Enterprise-223,Oficina,Tripp Lite,Enterprise-223,"Impresora de Tripp Lite, modelo Enterprise-223, diseñado para uso doméstico, empresarial o profesional.",14535.47,79,Proveedor 10,Disponible
2350,Escáner LG Business-284,Oficina,LG,Business-284,"Escáner de LG, modelo Business-284, diseñado para uso doméstico, empresarial o profesional.",10634.21,42,Proveedor 04,Disponible
2351,Archivero Acer Max-258,Oficina,Acer,Max-258,"Archivero de Acer, modelo Max-258, diseñado para uso doméstico, empresarial o profesional.",17952.23,86,Proveedor 15,Disponible
2352,Papel Huawei Enterprise-558,Oficina,Huawei,Enterprise-558,"Papel de Huawei, modelo Enterprise-558, diseñado para uso doméstico, empresarial o profesional.",16993.88,141,Proveedor 03,Disponible
2353,Silla de oficina Epson Plus-244,Oficina,Epson,Plus-244,"Silla de oficina de Epson, modelo Plus-244, diseñado para uso doméstico, empresarial o profesional.",4332.94,125,Proveedor 07,Disponible
2354,Escritorio Cisco Plus-160,Oficina,Cisco,Plus-160,"Escritorio de Cisco, modelo Plus-160, diseñado para uso doméstico, empresarial o profesional.",16501.49,122,Proveedor 22,Disponible
2355,Organizador HP Enterprise-632,Oficina,HP,Enterprise-632,"Organizador de HP, modelo Enterprise-632, diseñado para uso doméstico, empresarial o profesional.",1664.43,82,Proveedor 17,Disponible
2356,Organizador Intel Business-644,Oficina,Intel,Business-644,"Organizador de Intel, modelo Business-644, diseñado para uso doméstico, empresarial o profesional.",9404.46,139,Proveedor 21,Disponible
2357,Calculadora Kingston Plus-238,Oficina,Kingston,Plus-238,"Calculadora de Kingston, modelo Plus-238, diseñado para uso doméstico, empresarial o profesional.",8078.85,50,Proveedor 10,Disponible
2358,Escritorio Huawei Ultra-486,Oficina,Huawei,Ultra-486,"Escritorio de Huawei, modelo Ultra-486, diseñado para uso doméstico, empresarial o profesional.",1510.53,6,Proveedor 16,Disponible
2359,Escáner Samsung Max-595,Oficina,Samsung,Max-595,"Escáner de Samsung, modelo Max-595, diseñado para uso doméstico, empresarial o profesional.",10985.65,78,Proveedor 16,Disponible
2360,Engrapadora Cisco Max-951,Oficina,Cisco,Max-951,"Engrapadora de Cisco, modelo Max-951, diseñado para uso doméstico, empresarial o profesional.",778.14,22,Proveedor 10,Disponible
2361,Organizador Intel Max-277,Oficina,Intel,Max-277,"Organizador de Intel, modelo Max-277, diseñado para uso doméstico, empresarial o profesional.",11547.56,12,Proveedor 18,Disponible
2362,Impresora Cisco Plus-494,Oficina,Cisco,Plus-494,"Impresora de Cisco, modelo Plus-494, diseñado para uso doméstico, empresarial o profesional.",3412.66,137,Proveedor 02,Disponible
2363,Escritorio APC Max-969,Oficina,APC,Max-969,"Escritorio de APC, modelo Max-969, diseñado para uso doméstico, empresarial o profesional.",3233.87,94,Proveedor 22,Disponible
2364,Impresora Acer Basic-568,Oficina,Acer,Basic-568,"Impresora de Acer, modelo Basic-568, diseñado para uso doméstico, empresarial o profesional.",17100.86,56,Proveedor 23,Disponible
2365,Silla de oficina Dell Business-308,Oficina,Dell,Business-308,"Silla de oficina de Dell, modelo Business-308, diseñado para uso doméstico, empresarial o profesional.",8930.1,146,Proveedor 21,Disponible
2366,Organizador TP-Link Basic-490,Oficina,TP-Link,Basic-490,"Organizador de TP-Link, modelo Basic-490, diseñado para uso doméstico, empresarial o profesional.",3732.36,29,Proveedor 10,Disponible
2367,Impresora Epson Business-933,Oficina,Epson,Business-933,"Impresora de Epson, modelo Business-933, diseñado para uso doméstico, empresarial o profesional.",16476.95,84,Proveedor 06,Disponible
2368,Escritorio Epson Plus-957,Oficina,Epson,Plus-957,"Escritorio de Epson, modelo Plus-957, diseñado para uso doméstico, empresarial o profesional.",7253.2,39,Proveedor 05,Disponible
2369,Organizador Epson Max-784,Oficina,Epson,Max-784,"Organizador de Epson, modelo Max-784, diseñado para uso doméstico, empresarial o profesional.",4669.59,108,Proveedor 22,Disponible
2370,Organizador Kingston Pro-999,Oficina,Kingston,Pro-999,"Organizador de Kingston, modelo Pro-999, diseñado para uso doméstico, empresarial o profesional.",11770.45,69,Proveedor 14,Disponible
2371,Impresora Ubiquiti Enterprise-523,Oficina,Ubiquiti,Enterprise-523,"Impresora de Ubiquiti, modelo Enterprise-523, diseñado para uso doméstico, empresarial o profesional.",6807.06,48,Proveedor 25,Disponible
2372,Archivero Logitech Max-110,Oficina,Logitech,Max-110,"Archivero de Logitech, modelo Max-110, diseñado para uso doméstico, empresarial o profesional.",11288.87,101,Proveedor 02,Disponible
2373,Archivero Lenovo Business-806,Oficina,Lenovo,Business-806,"Archivero de Lenovo, modelo Business-806, diseñado para uso doméstico, empresarial o profesional.",4036.85,29,Proveedor 04,Disponible
2374,Proyector Brother Basic-287,Oficina,Brother,Basic-287,"Proyector de Brother, modelo Basic-287, diseñado para uso doméstico, empresarial o profesional.",9678.81,42,Proveedor 24,Disponible
2375,Engrapadora Huawei Plus-649,Oficina,Huawei,Plus-649,"Engrapadora de Huawei, modelo Plus-649, diseñado para uso doméstico, empresarial o profesional.",5177.31,145,Proveedor 09,Disponible
2376,Escáner HP Ultra-942,Oficina,HP,Ultra-942,"Escáner de HP, modelo Ultra-942, diseñado para uso doméstico, empresarial o profesional.",15944.23,51,Proveedor 03,Disponible
2377,Papel Brother Pro-230,Oficina,Brother,Pro-230,"Papel de Brother, modelo Pro-230, diseñado para uso doméstico, empresarial o profesional.",9342.51,9,Proveedor 16,Disponible
2378,Archivero HP Basic-334,Oficina,HP,Basic-334,"Archivero de HP, modelo Basic-334, diseñado para uso doméstico, empresarial o profesional.",713.42,99,Proveedor 06,Disponible
2379,Escáner Dell Pro-546,Oficina,Dell,Pro-546,"Escáner de Dell, modelo Pro-546, diseñado para uso doméstico, empresarial o profesional.",11087.32,112,Proveedor 24,Disponible
2380,Proyector Hikvision Max-887,Oficina,Hikvision,Max-887,"Proyector de Hikvision, modelo Max-887, diseñado para uso doméstico, empresarial o profesional.",767.7,128,Proveedor 25,Disponible
2381,Calculadora Acer Business-425,Oficina,Acer,Business-425,"Calculadora de Acer, modelo Business-425, diseñado para uso doméstico, empresarial o profesional.",816.33,3,Proveedor 05,Disponible
2382,Silla de oficina Logitech Pro-458,Oficina,Logitech,Pro-458,"Silla de oficina de Logitech, modelo Pro-458, diseñado para uso doméstico, empresarial o profesional.",8332.78,14,Proveedor 13,Disponible
2383,Escritorio Lenovo Plus-617,Oficina,Lenovo,Plus-617,"Escritorio de Lenovo, modelo Plus-617, diseñado para uso doméstico, empresarial o profesional.",1173.78,47,Proveedor 21,Disponible
2384,Calculadora Samsung Business-838,Oficina,Samsung,Business-838,"Calculadora de Samsung, modelo Business-838, diseñado para uso doméstico, empresarial o profesional.",7916.52,112,Proveedor 03,Disponible
2385,Calculadora AMD Max-394,Oficina,AMD,Max-394,"Calculadora de AMD, modelo Max-394, diseñado para uso doméstico, empresarial o profesional.",10036.65,36,Proveedor 18,Disponible
2386,Silla de oficina Cisco Basic-801,Oficina,Cisco,Basic-801,"Silla de oficina de Cisco, modelo Basic-801, diseñado para uso doméstico, empresarial o profesional.",1200.41,132,Proveedor 18,Disponible
2387,Impresora AMD Business-273,Oficina,AMD,Business-273,"Impresora de AMD, modelo Business-273, diseñado para uso doméstico, empresarial o profesional.",13041.71,82,Proveedor 12,Disponible
2388,Impresora Lenovo Basic-800,Oficina,Lenovo,Basic-800,"Impresora de Lenovo, modelo Basic-800, diseñado para uso doméstico, empresarial o profesional.",4228.91,97,Proveedor 01,Disponible
2389,Organizador Cisco Enterprise-496,Oficina,Cisco,Enterprise-496,"Organizador de Cisco, modelo Enterprise-496, diseñado para uso doméstico, empresarial o profesional.",13843.46,30,Proveedor 08,Disponible
2390,Impresora Intel Max-175,Oficina,Intel,Max-175,"Impresora de Intel, modelo Max-175, diseñado para uso doméstico, empresarial o profesional.",385.69,121,Proveedor 19,Disponible
2391,Escritorio Kingston Business-730,Oficina,Kingston,Business-730,"Escritorio de Kingston, modelo Business-730, diseñado para uso doméstico, empresarial o profesional.",6980.21,60,Proveedor 22,Disponible
2392,Archivero AMD Plus-453,Oficina,AMD,Plus-453,"Archivero de AMD, modelo Plus-453, diseñado para uso doméstico, empresarial o profesional.",17642.96,116,Proveedor 16,Disponible
2393,Proyector Hikvision Max-468,Oficina,Hikvision,Max-468,"Proyector de Hikvision, modelo Max-468, diseñado para uso doméstico, empresarial o profesional.",4052.4,73,Proveedor 21,Disponible
2394,Proyector Huawei Plus-264,Oficina,Huawei,Plus-264,"Proyector de Huawei, modelo Plus-264, diseñado para uso doméstico, empresarial o profesional.",6644.36,5,Proveedor 14,Disponible
2395,Engrapadora Lenovo Basic-570,Oficina,Lenovo,Basic-570,"Engrapadora de Lenovo, modelo Basic-570, diseñado para uso doméstico, empresarial o profesional.",7404.37,138,Proveedor 08,Disponible
2396,Escritorio Lenovo Enterprise-741,Oficina,Lenovo,Enterprise-741,"Escritorio de Lenovo, modelo Enterprise-741, diseñado para uso doméstico, empresarial o profesional.",6372.36,103,Proveedor 14,Disponible
2397,Escritorio Hikvision Business-563,Oficina,Hikvision,Business-563,"Escritorio de Hikvision, modelo Business-563, diseñado para uso doméstico, empresarial o profesional.",8006.76,99,Proveedor 15,Disponible
2398,Silla de oficina Samsung Plus-781,Oficina,Samsung,Plus-781,"Silla de oficina de Samsung, modelo Plus-781, diseñado para uso doméstico, empresarial o profesional.",7197.93,135,Proveedor 07,Disponible
2399,Calculadora Acer Business-295,Oficina,Acer,Business-295,"Calculadora de Acer, modelo Business-295, diseñado para uso doméstico, empresarial o profesional.",10243.91,93,Proveedor 15,Disponible
2400,Papel Ubiquiti Plus-759,Oficina,Ubiquiti,Plus-759,"Papel de Ubiquiti, modelo Plus-759, diseñado para uso doméstico, empresarial o profesional.",5544.97,100,Proveedor 05,Disponible
2401,Archivero HP Max-767,Oficina,HP,Max-767,"Archivero de HP, modelo Max-767, diseñado para uso doméstico, empresarial o profesional.",8158.19,105,Proveedor 02,Disponible
2402,Calculadora Acer Plus-664,Oficina,Acer,Plus-664,"Calculadora de Acer, modelo Plus-664, diseñado para uso doméstico, empresarial o profesional.",16021.95,98,Proveedor 17,Disponible
2403,Escritorio ASUS Ultra-124,Oficina,ASUS,Ultra-124,"Escritorio de ASUS, modelo Ultra-124, diseñado para uso doméstico, empresarial o profesional.",12500.63,98,Proveedor 19,Disponible
2404,Proyector Logitech Business-796,Oficina,Logitech,Business-796,"Proyector de Logitech, modelo Business-796, diseñado para uso doméstico, empresarial o profesional.",10153.65,39,Proveedor 21,Disponible
2405,Escritorio Intel Enterprise-920,Oficina,Intel,Enterprise-920,"Escritorio de Intel, modelo Enterprise-920, diseñado para uso doméstico, empresarial o profesional.",3584.64,105,Proveedor 11,Disponible
2406,Archivero Epson Enterprise-856,Oficina,Epson,Enterprise-856,"Archivero de Epson, modelo Enterprise-856, diseñado para uso doméstico, empresarial o profesional.",2376.07,124,Proveedor 11,Disponible
2407,Organizador AMD Max-852,Oficina,AMD,Max-852,"Organizador de AMD, modelo Max-852, diseñado para uso doméstico, empresarial o profesional.",11316.7,9,Proveedor 22,Disponible
2408,Escáner Dell Basic-121,Oficina,Dell,Basic-121,"Escáner de Dell, modelo Basic-121, diseñado para uso doméstico, empresarial o profesional.",185.78,13,Proveedor 11,Disponible
2409,Escáner Samsung Plus-307,Oficina,Samsung,Plus-307,"Escáner de Samsung, modelo Plus-307, diseñado para uso doméstico, empresarial o profesional.",13392.21,54,Proveedor 10,Disponible
2410,Escáner LG Max-423,Oficina,LG,Max-423,"Escáner de LG, modelo Max-423, diseñado para uso doméstico, empresarial o profesional.",10514.57,114,Proveedor 16,Disponible
2411,Silla de oficina ASUS Plus-410,Oficina,ASUS,Plus-410,"Silla de oficina de ASUS, modelo Plus-410, diseñado para uso doméstico, empresarial o profesional.",1853.95,143,Proveedor 06,Disponible
2412,Proyector ASUS Ultra-221,Oficina,ASUS,Ultra-221,"Proyector de ASUS, modelo Ultra-221, diseñado para uso doméstico, empresarial o profesional.",9595.52,104,Proveedor 06,Disponible
2413,Papel Tripp Lite Business-580,Oficina,Tripp Lite,Business-580,"Papel de Tripp Lite, modelo Business-580, diseñado para uso doméstico, empresarial o profesional.",12606.53,71,Proveedor 23,Disponible
2414,Calculadora HP Business-250,Oficina,HP,Business-250,"Calculadora de HP, modelo Business-250, diseñado para uso doméstico, empresarial o profesional.",16368.05,24,Proveedor 25,Disponible
2415,Impresora Lenovo Ultra-584,Oficina,Lenovo,Ultra-584,"Impresora de Lenovo, modelo Ultra-584, diseñado para uso doméstico, empresarial o profesional.",6847.27,43,Proveedor 25,Disponible
2416,Impresora Intel Business-937,Oficina,Intel,Business-937,"Impresora de Intel, modelo Business-937, diseñado para uso doméstico, empresarial o profesional.",6542.04,112,Proveedor 19,Disponible
2417,Organizador ASUS Ultra-120,Oficina,ASUS,Ultra-120,"Organizador de ASUS, modelo Ultra-120, diseñado para uso doméstico, empresarial o profesional.",17466.23,145,Proveedor 12,Disponible
2418,Silla de oficina Dell Plus-170,Oficina,Dell,Plus-170,"Silla de oficina de Dell, modelo Plus-170, diseñado para uso doméstico, empresarial o profesional.",3214.92,76,Proveedor 22,Disponible
2419,Escritorio Lenovo Basic-909,Oficina,Lenovo,Basic-909,"Escritorio de Lenovo, modelo Basic-909, diseñado para uso doméstico, empresarial o profesional.",17288.65,50,Proveedor 21,Disponible
2420,Silla de oficina Kingston Business-911,Oficina,Kingston,Business-911,"Silla de oficina de Kingston, modelo Business-911, diseñado para uso doméstico, empresarial o profesional.",17079.25,21,Proveedor 12,Disponible
2421,Organizador Brother Basic-736,Oficina,Brother,Basic-736,"Organizador de Brother, modelo Basic-736, diseñado para uso doméstico, empresarial o profesional.",16042.13,106,Proveedor 06,Disponible
2422,Silla de oficina Logitech Pro-625,Oficina,Logitech,Pro-625,"Silla de oficina de Logitech, modelo Pro-625, diseñado para uso doméstico, empresarial o profesional.",5066.02,133,Proveedor 01,Disponible
2423,Archivero Samsung Pro-153,Oficina,Samsung,Pro-153,"Archivero de Samsung, modelo Pro-153, diseñado para uso doméstico, empresarial o profesional.",11699.81,78,Proveedor 09,Disponible
2424,Archivero Ubiquiti Plus-141,Oficina,Ubiquiti,Plus-141,"Archivero de Ubiquiti, modelo Plus-141, diseñado para uso doméstico, empresarial o profesional.",4932.87,117,Proveedor 22,Disponible
2425,Escáner Samsung Max-132,Oficina,Samsung,Max-132,"Escáner de Samsung, modelo Max-132, diseñado para uso doméstico, empresarial o profesional.",2377.78,2,Proveedor 24,Disponible
2426,Organizador TP-Link Plus-489,Oficina,TP-Link,Plus-489,"Organizador de TP-Link, modelo Plus-489, diseñado para uso doméstico, empresarial o profesional.",3617.57,120,Proveedor 13,Disponible
2427,Escritorio Cisco Business-788,Oficina,Cisco,Business-788,"Escritorio de Cisco, modelo Business-788, diseñado para uso doméstico, empresarial o profesional.",4887.0,96,Proveedor 11,Disponible
2428,Silla de oficina APC Enterprise-902,Oficina,APC,Enterprise-902,"Silla de oficina de APC, modelo Enterprise-902, diseñado para uso doméstico, empresarial o profesional.",7658.52,87,Proveedor 05,Disponible
2429,Silla de oficina Logitech Max-297,Oficina,Logitech,Max-297,"Silla de oficina de Logitech, modelo Max-297, diseñado para uso doméstico, empresarial o profesional.",8814.28,68,Proveedor 03,Disponible
2430,Archivero Dell Enterprise-782,Oficina,Dell,Enterprise-782,"Archivero de Dell, modelo Enterprise-782, diseñado para uso doméstico, empresarial o profesional.",16442.75,130,Proveedor 04,Disponible
2431,Impresora Lenovo Enterprise-880,Oficina,Lenovo,Enterprise-880,"Impresora de Lenovo, modelo Enterprise-880, diseñado para uso doméstico, empresarial o profesional.",1953.68,19,Proveedor 06,Disponible
2432,Silla de oficina Dell Pro-685,Oficina,Dell,Pro-685,"Silla de oficina de Dell, modelo Pro-685, diseñado para uso doméstico, empresarial o profesional.",14432.18,22,Proveedor 03,Disponible
2433,Impresora TP-Link Business-926,Oficina,TP-Link,Business-926,"Impresora de TP-Link, modelo Business-926, diseñado para uso doméstico, empresarial o profesional.",6160.19,18,Proveedor 05,Disponible
2434,Organizador Hikvision Business-994,Oficina,Hikvision,Business-994,"Organizador de Hikvision, modelo Business-994, diseñado para uso doméstico, empresarial o profesional.",5976.28,27,Proveedor 20,Disponible
2435,Escáner Cisco Business-242,Oficina,Cisco,Business-242,"Escáner de Cisco, modelo Business-242, diseñado para uso doméstico, empresarial o profesional.",3615.4,20,Proveedor 06,Disponible
2436,Escáner Dell Basic-543,Oficina,Dell,Basic-543,"Escáner de Dell, modelo Basic-543, diseñado para uso doméstico, empresarial o profesional.",14254.92,59,Proveedor 07,Disponible
2437,Impresora Dell Ultra-428,Oficina,Dell,Ultra-428,"Impresora de Dell, modelo Ultra-428, diseñado para uso doméstico, empresarial o profesional.",11269.37,49,Proveedor 16,Disponible
2438,Calculadora Brother Max-823,Oficina,Brother,Max-823,"Calculadora de Brother, modelo Max-823, diseñado para uso doméstico, empresarial o profesional.",3373.59,73,Proveedor 24,Disponible
2439,Organizador Cisco Ultra-289,Oficina,Cisco,Ultra-289,"Organizador de Cisco, modelo Ultra-289, diseñado para uso doméstico, empresarial o profesional.",9151.29,20,Proveedor 06,Disponible
2440,Calculadora Logitech Pro-999,Oficina,Logitech,Pro-999,"Calculadora de Logitech, modelo Pro-999, diseñado para uso doméstico, empresarial o profesional.",9769.71,48,Proveedor 23,Disponible
2441,Escáner Dell Pro-291,Oficina,Dell,Pro-291,"Escáner de Dell, modelo Pro-291, diseñado para uso doméstico, empresarial o profesional.",15279.63,58,Proveedor 06,Disponible
2442,Escritorio Intel Plus-715,Oficina,Intel,Plus-715,"Escritorio de Intel, modelo Plus-715, diseñado para uso doméstico, empresarial o profesional.",7438.71,73,Proveedor 07,Disponible
2443,Escritorio Logitech Enterprise-453,Oficina,Logitech,Enterprise-453,"Escritorio de Logitech, modelo Enterprise-453, diseñado para uso doméstico, empresarial o profesional.",13245.91,135,Proveedor 01,Disponible
2444,Engrapadora Kingston Enterprise-265,Oficina,Kingston,Enterprise-265,"Engrapadora de Kingston, modelo Enterprise-265, diseñado para uso doméstico, empresarial o profesional.",1191.82,16,Proveedor 16,Disponible
2445,Silla de oficina Cisco Max-873,Oficina,Cisco,Max-873,"Silla de oficina de Cisco, modelo Max-873, diseñado para uso doméstico, empresarial o profesional.",14724.13,20,Proveedor 22,Disponible
2446,Archivero TP-Link Business-790,Oficina,TP-Link,Business-790,"Archivero de TP-Link, modelo Business-790, diseñado para uso doméstico, empresarial o profesional.",1615.52,150,Proveedor 25,Disponible
2447,Silla de oficina AMD Business-167,Oficina,AMD,Business-167,"Silla de oficina de AMD, modelo Business-167, diseñado para uso doméstico, empresarial o profesional.",10258.54,81,Proveedor 15,Disponible
2448,Silla de oficina Brother Plus-611,Oficina,Brother,Plus-611,"Silla de oficina de Brother, modelo Plus-611, diseñado para uso doméstico, empresarial o profesional.",5425.44,125,Proveedor 11,Disponible
2449,Papel Acer Pro-701,Oficina,Acer,Pro-701,"Papel de Acer, modelo Pro-701, diseñado para uso doméstico, empresarial o profesional.",3094.84,90,Proveedor 14,Disponible
2450,Archivero Hikvision Plus-915,Oficina,Hikvision,Plus-915,"Archivero de Hikvision, modelo Plus-915, diseñado para uso doméstico, empresarial o profesional.",15241.27,103,Proveedor 15,Disponible
2451,Archivero Hikvision Pro-245,Oficina,Hikvision,Pro-245,"Archivero de Hikvision, modelo Pro-245, diseñado para uso doméstico, empresarial o profesional.",13289.33,98,Proveedor 14,Disponible
2452,Impresora Lenovo Enterprise-424,Oficina,Lenovo,Enterprise-424,"Impresora de Lenovo, modelo Enterprise-424, diseñado para uso doméstico, empresarial o profesional.",6884.79,38,Proveedor 13,Disponible
2453,Silla de oficina TP-Link Ultra-910,Oficina,TP-Link,Ultra-910,"Silla de oficina de TP-Link, modelo Ultra-910, diseñado para uso doméstico, empresarial o profesional.",14718.76,44,Proveedor 05,Disponible
2454,Organizador ASUS Pro-197,Oficina,ASUS,Pro-197,"Organizador de ASUS, modelo Pro-197, diseñado para uso doméstico, empresarial o profesional.",324.52,120,Proveedor 05,Disponible
2455,Engrapadora Samsung Pro-122,Oficina,Samsung,Pro-122,"Engrapadora de Samsung, modelo Pro-122, diseñado para uso doméstico, empresarial o profesional.",8966.88,40,Proveedor 10,Disponible
2456,Papel Logitech Pro-294,Oficina,Logitech,Pro-294,"Papel de Logitech, modelo Pro-294, diseñado para uso doméstico, empresarial o profesional.",8773.03,127,Proveedor 14,Disponible
2457,Escritorio ASUS Ultra-781,Oficina,ASUS,Ultra-781,"Escritorio de ASUS, modelo Ultra-781, diseñado para uso doméstico, empresarial o profesional.",1103.89,27,Proveedor 03,Disponible
2458,Silla de oficina Brother Max-396,Oficina,Brother,Max-396,"Silla de oficina de Brother, modelo Max-396, diseñado para uso doméstico, empresarial o profesional.",2572.36,132,Proveedor 16,Disponible
2459,Calculadora Ubiquiti Ultra-113,Oficina,Ubiquiti,Ultra-113,"Calculadora de Ubiquiti, modelo Ultra-113, diseñado para uso doméstico, empresarial o profesional.",17224.72,40,Proveedor 11,Disponible
2460,Engrapadora AMD Ultra-726,Oficina,AMD,Ultra-726,"Engrapadora de AMD, modelo Ultra-726, diseñado para uso doméstico, empresarial o profesional.",2219.6,33,Proveedor 17,Disponible
2461,Engrapadora Samsung Business-482,Oficina,Samsung,Business-482,"Engrapadora de Samsung, modelo Business-482, diseñado para uso doméstico, empresarial o profesional.",14534.02,32,Proveedor 12,Disponible
2462,Organizador Brother Basic-118,Oficina,Brother,Basic-118,"Organizador de Brother, modelo Basic-118, diseñado para uso doméstico, empresarial o profesional.",8064.0,106,Proveedor 08,Disponible
2463,Calculadora Samsung Business-339,Oficina,Samsung,Business-339,"Calculadora de Samsung, modelo Business-339, diseñado para uso doméstico, empresarial o profesional.",16385.33,80,Proveedor 21,Disponible
2464,Archivero Logitech Max-448,Oficina,Logitech,Max-448,"Archivero de Logitech, modelo Max-448, diseñado para uso doméstico, empresarial o profesional.",10402.64,84,Proveedor 23,Disponible
2465,Calculadora Lenovo Plus-900,Oficina,Lenovo,Plus-900,"Calculadora de Lenovo, modelo Plus-900, diseñado para uso doméstico, empresarial o profesional.",11399.29,58,Proveedor 23,Disponible
2466,Organizador AMD Pro-932,Oficina,AMD,Pro-932,"Organizador de AMD, modelo Pro-932, diseñado para uso doméstico, empresarial o profesional.",14759.24,125,Proveedor 19,Disponible
2467,Archivero TP-Link Plus-623,Oficina,TP-Link,Plus-623,"Archivero de TP-Link, modelo Plus-623, diseñado para uso doméstico, empresarial o profesional.",15856.69,98,Proveedor 25,Disponible
2468,Proyector AMD Plus-183,Oficina,AMD,Plus-183,"Proyector de AMD, modelo Plus-183, diseñado para uso doméstico, empresarial o profesional.",9540.36,118,Proveedor 20,Disponible
2469,Engrapadora Dell Ultra-498,Oficina,Dell,Ultra-498,"Engrapadora de Dell, modelo Ultra-498, diseñado para uso doméstico, empresarial o profesional.",14000.47,70,Proveedor 23,Disponible
2470,Proyector LG Enterprise-896,Oficina,LG,Enterprise-896,"Proyector de LG, modelo Enterprise-896, diseñado para uso doméstico, empresarial o profesional.",1090.61,63,Proveedor 08,Disponible
2471,Impresora Samsung Plus-944,Oficina,Samsung,Plus-944,"Impresora de Samsung, modelo Plus-944, diseñado para uso doméstico, empresarial o profesional.",11183.13,143,Proveedor 05,Disponible
2472,Engrapadora Samsung Ultra-421,Oficina,Samsung,Ultra-421,"Engrapadora de Samsung, modelo Ultra-421, diseñado para uso doméstico, empresarial o profesional.",10897.74,137,Proveedor 07,Disponible
2473,Calculadora AMD Max-223,Oficina,AMD,Max-223,"Calculadora de AMD, modelo Max-223, diseñado para uso doméstico, empresarial o profesional.",5342.28,15,Proveedor 24,Disponible
2474,Calculadora APC Enterprise-616,Oficina,APC,Enterprise-616,"Calculadora de APC, modelo Enterprise-616, diseñado para uso doméstico, empresarial o profesional.",5105.74,96,Proveedor 14,Disponible
2475,Impresora Kingston Plus-309,Oficina,Kingston,Plus-309,"Impresora de Kingston, modelo Plus-309, diseñado para uso doméstico, empresarial o profesional.",2618.75,6,Proveedor 01,Disponible
2476,Escritorio Dell Plus-576,Oficina,Dell,Plus-576,"Escritorio de Dell, modelo Plus-576, diseñado para uso doméstico, empresarial o profesional.",13971.07,37,Proveedor 15,Disponible
2477,Escritorio Tripp Lite Pro-708,Oficina,Tripp Lite,Pro-708,"Escritorio de Tripp Lite, modelo Pro-708, diseñado para uso doméstico, empresarial o profesional.",8011.18,80,Proveedor 04,Disponible
2478,Engrapadora Hikvision Plus-302,Oficina,Hikvision,Plus-302,"Engrapadora de Hikvision, modelo Plus-302, diseñado para uso doméstico, empresarial o profesional.",12722.15,116,Proveedor 10,Disponible
2479,Proyector Intel Pro-430,Oficina,Intel,Pro-430,"Proyector de Intel, modelo Pro-430, diseñado para uso doméstico, empresarial o profesional.",17211.22,31,Proveedor 02,Disponible
2480,Silla de oficina Tripp Lite Ultra-477,Oficina,Tripp Lite,Ultra-477,"Silla de oficina de Tripp Lite, modelo Ultra-477, diseñado para uso doméstico, empresarial o profesional.",2577.3,96,Proveedor 18,Disponible
2481,Impresora Ubiquiti Business-431,Oficina,Ubiquiti,Business-431,"Impresora de Ubiquiti, modelo Business-431, diseñado para uso doméstico, empresarial o profesional.",7137.81,83,Proveedor 20,Disponible
2482,Impresora Kingston Plus-679,Oficina,Kingston,Plus-679,"Impresora de Kingston, modelo Plus-679, diseñado para uso doméstico, empresarial o profesional.",13624.15,10,Proveedor 17,Disponible
2483,Impresora Lenovo Ultra-165,Oficina,Lenovo,Ultra-165,"Impresora de Lenovo, modelo Ultra-165, diseñado para uso doméstico, empresarial o profesional.",16687.27,35,Proveedor 05,Disponible
2484,Escáner APC Pro-830,Oficina,APC,Pro-830,"Escáner de APC, modelo Pro-830, diseñado para uso doméstico, empresarial o profesional.",4253.19,92,Proveedor 12,Disponible
2485,Silla de oficina Dell Ultra-451,Oficina,Dell,Ultra-451,"Silla de oficina de Dell, modelo Ultra-451, diseñado para uso doméstico, empresarial o profesional.",13522.79,126,Proveedor 13,Disponible
2486,Papel Cisco Max-526,Oficina,Cisco,Max-526,"Papel de Cisco, modelo Max-526, diseñado para uso doméstico, empresarial o profesional.",11563.48,101,Proveedor 23,Disponible
2487,Proyector Tripp Lite Enterprise-191,Oficina,Tripp Lite,Enterprise-191,"Proyector de Tripp Lite, modelo Enterprise-191, diseñado para uso doméstico, empresarial o profesional.",14664.12,114,Proveedor 06,Disponible
2488,Escáner Logitech Pro-345,Oficina,Logitech,Pro-345,"Escáner de Logitech, modelo Pro-345, diseñado para uso doméstico, empresarial o profesional.",1045.56,142,Proveedor 01,Disponible
2489,Impresora Epson Ultra-143,Oficina,Epson,Ultra-143,"Impresora de Epson, modelo Ultra-143, diseñado para uso doméstico, empresarial o profesional.",787.9,59,Proveedor 05,Disponible
2490,Proyector APC Plus-430,Oficina,APC,Plus-430,"Proyector de APC, modelo Plus-430, diseñado para uso doméstico, empresarial o profesional.",6993.83,101,Proveedor 01,Disponible
2491,Papel Kingston Ultra-124,Oficina,Kingston,Ultra-124,"Papel de Kingston, modelo Ultra-124, diseñado para uso doméstico, empresarial o profesional.",12063.47,106,Proveedor 18,Disponible
2492,Escáner Cisco Pro-703,Oficina,Cisco,Pro-703,"Escáner de Cisco, modelo Pro-703, diseñado para uso doméstico, empresarial o profesional.",677.02,58,Proveedor 19,Disponible
2493,Archivero TP-Link Plus-818,Oficina,TP-Link,Plus-818,"Archivero de TP-Link, modelo Plus-818, diseñado para uso doméstico, empresarial o profesional.",1478.88,94,Proveedor 17,Disponible
2494,Proyector Huawei Pro-255,Oficina,Huawei,Pro-255,"Proyector de Huawei, modelo Pro-255, diseñado para uso doméstico, empresarial o profesional.",9666.05,72,Proveedor 09,Disponible
2495,Papel LG Max-497,Oficina,LG,Max-497,"Papel de LG, modelo Max-497, diseñado para uso doméstico, empresarial o profesional.",2902.74,51,Proveedor 25,Disponible
2496,Organizador Logitech Plus-300,Oficina,Logitech,Plus-300,"Organizador de Logitech, modelo Plus-300, diseñado para uso doméstico, empresarial o profesional.",5907.23,66,Proveedor 13,Disponible
2497,Escáner Kingston Ultra-129,Oficina,Kingston,Ultra-129,"Escáner de Kingston, modelo Ultra-129, diseñado para uso doméstico, empresarial o profesional.",8036.42,131,Proveedor 25,Disponible
2498,Escritorio Acer Pro-215,Oficina,Acer,Pro-215,"Escritorio de Acer, modelo Pro-215, diseñado para uso doméstico, empresarial o profesional.",778.63,27,Proveedor 24,Disponible
2499,Calculadora Acer Enterprise-683,Oficina,Acer,Enterprise-683,"Calculadora de Acer, modelo Enterprise-683, diseñado para uso doméstico, empresarial o profesional.",13250.57,76,Proveedor 23,Disponible
2500,Calculadora Intel Enterprise-410,Oficina,Intel,Enterprise-410,"Calculadora de Intel, modelo Enterprise-410, diseñado para uso doméstico, empresarial o profesional.",6516.06,13,Proveedor 21,Disponible
2501,Cargador Intel Enterprise-358,Accesorios,Intel,Enterprise-358,"Cargador de Intel, modelo Enterprise-358, diseñado para uso doméstico, empresarial o profesional.",1123.19,6,Proveedor 10,Disponible
2502,Cable HDMI Acer Enterprise-285,Accesorios,Acer,Enterprise-285,"Cable HDMI de Acer, modelo Enterprise-285, diseñado para uso doméstico, empresarial o profesional.",4308.77,52,Proveedor 16,Disponible
2503,Soporte para monitor Samsung Ultra-500,Accesorios,Samsung,Ultra-500,"Soporte para monitor de Samsung, modelo Ultra-500, diseñado para uso doméstico, empresarial o profesional.",3028.97,42,Proveedor 16,Disponible
2504,Mochila para laptop Tripp Lite Max-392,Accesorios,Tripp Lite,Max-392,"Mochila para laptop de Tripp Lite, modelo Max-392, diseñado para uso doméstico, empresarial o profesional.",3985.27,63,Proveedor 03,Disponible
2505,Soporte para celular HP Basic-973,Accesorios,HP,Basic-973,"Soporte para celular de HP, modelo Basic-973, diseñado para uso doméstico, empresarial o profesional.",204.44,12,Proveedor 01,Disponible
2506,Hub USB TP-Link Plus-555,Accesorios,TP-Link,Plus-555,"Hub USB de TP-Link, modelo Plus-555, diseñado para uso doméstico, empresarial o profesional.",1938.03,145,Proveedor 06,Disponible
2507,Cable USB Cisco Plus-320,Accesorios,Cisco,Plus-320,"Cable USB de Cisco, modelo Plus-320, diseñado para uso doméstico, empresarial o profesional.",3246.57,108,Proveedor 24,Disponible
2508,Regleta Dell Plus-527,Accesorios,Dell,Plus-527,"Regleta de Dell, modelo Plus-527, diseñado para uso doméstico, empresarial o profesional.",3285.45,76,Proveedor 25,Disponible
2509,Cable HDMI HP Plus-245,Accesorios,HP,Plus-245,"Cable HDMI de HP, modelo Plus-245, diseñado para uso doméstico, empresarial o profesional.",1350.49,52,Proveedor 04,Disponible
2510,Cable HDMI Brother Pro-114,Accesorios,Brother,Pro-114,"Cable HDMI de Brother, modelo Pro-114, diseñado para uso doméstico, empresarial o profesional.",607.3,60,Proveedor 15,Disponible
2511,Soporte para celular Tripp Lite Plus-376,Accesorios,Tripp Lite,Plus-376,"Soporte para celular de Tripp Lite, modelo Plus-376, diseñado para uso doméstico, empresarial o profesional.",161.67,144,Proveedor 16,Disponible
2512,Cable USB Lenovo Pro-166,Accesorios,Lenovo,Pro-166,"Cable USB de Lenovo, modelo Pro-166, diseñado para uso doméstico, empresarial o profesional.",2017.82,96,Proveedor 01,Disponible
2513,Cable HDMI Brother Ultra-950,Accesorios,Brother,Ultra-950,"Cable HDMI de Brother, modelo Ultra-950, diseñado para uso doméstico, empresarial o profesional.",2355.22,44,Proveedor 01,Disponible
2514,Soporte para celular Cisco Business-164,Accesorios,Cisco,Business-164,"Soporte para celular de Cisco, modelo Business-164, diseñado para uso doméstico, empresarial o profesional.",4799.17,71,Proveedor 23,Disponible
2515,Hub USB Brother Pro-921,Accesorios,Brother,Pro-921,"Hub USB de Brother, modelo Pro-921, diseñado para uso doméstico, empresarial o profesional.",1373.06,69,Proveedor 07,Disponible
2516,Cargador Hikvision Enterprise-101,Accesorios,Hikvision,Enterprise-101,"Cargador de Hikvision, modelo Enterprise-101, diseñado para uso doméstico, empresarial o profesional.",4979.4,11,Proveedor 19,Disponible
2517,Soporte para monitor Tripp Lite Business-600,Accesorios,Tripp Lite,Business-600,"Soporte para monitor de Tripp Lite, modelo Business-600, diseñado para uso doméstico, empresarial o profesional.",3970.22,12,Proveedor 10,Disponible
2518,Regleta Dell Max-476,Accesorios,Dell,Max-476,"Regleta de Dell, modelo Max-476, diseñado para uso doméstico, empresarial o profesional.",2308.47,120,Proveedor 18,Disponible
2519,Adaptador USB-C LG Business-480,Accesorios,LG,Business-480,"Adaptador USB-C de LG, modelo Business-480, diseñado para uso doméstico, empresarial o profesional.",3644.68,138,Proveedor 05,Disponible
2520,Regleta LG Ultra-278,Accesorios,LG,Ultra-278,"Regleta de LG, modelo Ultra-278, diseñado para uso doméstico, empresarial o profesional.",2922.05,95,Proveedor 15,Disponible
2521,Regleta Kingston Pro-933,Accesorios,Kingston,Pro-933,"Regleta de Kingston, modelo Pro-933, diseñado para uso doméstico, empresarial o profesional.",3379.66,126,Proveedor 22,Disponible
2522,Mouse pad Ubiquiti Plus-542,Accesorios,Ubiquiti,Plus-542,"Mouse pad de Ubiquiti, modelo Plus-542, diseñado para uso doméstico, empresarial o profesional.",477.91,64,Proveedor 05,Disponible
2523,Regleta LG Business-577,Accesorios,LG,Business-577,"Regleta de LG, modelo Business-577, diseñado para uso doméstico, empresarial o profesional.",2281.31,138,Proveedor 22,Disponible
2524,Adaptador USB-C Cisco Plus-618,Accesorios,Cisco,Plus-618,"Adaptador USB-C de Cisco, modelo Plus-618, diseñado para uso doméstico, empresarial o profesional.",4595.58,37,Proveedor 20,Disponible
2525,Regleta Tripp Lite Business-951,Accesorios,Tripp Lite,Business-951,"Regleta de Tripp Lite, modelo Business-951, diseñado para uso doméstico, empresarial o profesional.",3736.73,146,Proveedor 05,Disponible
2526,Cargador Huawei Basic-943,Accesorios,Huawei,Basic-943,"Cargador de Huawei, modelo Basic-943, diseñado para uso doméstico, empresarial o profesional.",2123.93,28,Proveedor 17,Disponible
2527,Mouse pad Cisco Max-206,Accesorios,Cisco,Max-206,"Mouse pad de Cisco, modelo Max-206, diseñado para uso doméstico, empresarial o profesional.",2898.55,65,Proveedor 18,Disponible
2528,Adaptador USB-C Epson Business-826,Accesorios,Epson,Business-826,"Adaptador USB-C de Epson, modelo Business-826, diseñado para uso doméstico, empresarial o profesional.",3949.24,125,Proveedor 04,Disponible
2529,Regleta LG Max-504,Accesorios,LG,Max-504,"Regleta de LG, modelo Max-504, diseñado para uso doméstico, empresarial o profesional.",2639.45,100,Proveedor 08,Disponible
2530,Soporte para celular LG Business-517,Accesorios,LG,Business-517,"Soporte para celular de LG, modelo Business-517, diseñado para uso doméstico, empresarial o profesional.",3454.61,27,Proveedor 08,Disponible
2531,Mochila para laptop Lenovo Enterprise-810,Accesorios,Lenovo,Enterprise-810,"Mochila para laptop de Lenovo, modelo Enterprise-810, diseñado para uso doméstico, empresarial o profesional.",4481.41,48,Proveedor 23,Disponible
2532,Cable HDMI APC Enterprise-210,Accesorios,APC,Enterprise-210,"Cable HDMI de APC, modelo Enterprise-210, diseñado para uso doméstico, empresarial o profesional.",2501.25,18,Proveedor 23,Disponible
2533,Hub USB Epson Enterprise-515,Accesorios,Epson,Enterprise-515,"Hub USB de Epson, modelo Enterprise-515, diseñado para uso doméstico, empresarial o profesional.",1549.15,53,Proveedor 18,Disponible
2534,Cable USB Acer Basic-116,Accesorios,Acer,Basic-116,"Cable USB de Acer, modelo Basic-116, diseñado para uso doméstico, empresarial o profesional.",203.93,30,Proveedor 07,Disponible
2535,Adaptador USB-C Dell Basic-359,Accesorios,Dell,Basic-359,"Adaptador USB-C de Dell, modelo Basic-359, diseñado para uso doméstico, empresarial o profesional.",2290.37,30,Proveedor 14,Disponible
2536,Regleta Huawei Basic-814,Accesorios,Huawei,Basic-814,"Regleta de Huawei, modelo Basic-814, diseñado para uso doméstico, empresarial o profesional.",3007.93,87,Proveedor 13,Disponible
2537,Regleta Acer Plus-538,Accesorios,Acer,Plus-538,"Regleta de Acer, modelo Plus-538, diseñado para uso doméstico, empresarial o profesional.",3115.33,122,Proveedor 21,Disponible
2538,Soporte para celular Intel Basic-795,Accesorios,Intel,Basic-795,"Soporte para celular de Intel, modelo Basic-795, diseñado para uso doméstico, empresarial o profesional.",2482.1,8,Proveedor 16,Disponible
2539,Regleta LG Basic-361,Accesorios,LG,Basic-361,"Regleta de LG, modelo Basic-361, diseñado para uso doméstico, empresarial o profesional.",3518.13,98,Proveedor 25,Disponible
2540,Mouse pad HP Ultra-805,Accesorios,HP,Ultra-805,"Mouse pad de HP, modelo Ultra-805, diseñado para uso doméstico, empresarial o profesional.",2956.27,89,Proveedor 22,Disponible
2541,Mochila para laptop TP-Link Ultra-139,Accesorios,TP-Link,Ultra-139,"Mochila para laptop de TP-Link, modelo Ultra-139, diseñado para uso doméstico, empresarial o profesional.",4815.7,22,Proveedor 16,Disponible
2542,Hub USB Tripp Lite Basic-184,Accesorios,Tripp Lite,Basic-184,"Hub USB de Tripp Lite, modelo Basic-184, diseñado para uso doméstico, empresarial o profesional.",1264.68,24,Proveedor 15,Disponible
2543,Soporte para monitor Samsung Pro-718,Accesorios,Samsung,Pro-718,"Soporte para monitor de Samsung, modelo Pro-718, diseñado para uso doméstico, empresarial o profesional.",4920.8,8,Proveedor 11,Disponible
2544,Hub USB Tripp Lite Enterprise-820,Accesorios,Tripp Lite,Enterprise-820,"Hub USB de Tripp Lite, modelo Enterprise-820, diseñado para uso doméstico, empresarial o profesional.",4280.48,55,Proveedor 20,Disponible
2545,Soporte para monitor HP Basic-800,Accesorios,HP,Basic-800,"Soporte para monitor de HP, modelo Basic-800, diseñado para uso doméstico, empresarial o profesional.",685.5,7,Proveedor 17,Disponible
2546,Mochila para laptop Dell Max-285,Accesorios,Dell,Max-285,"Mochila para laptop de Dell, modelo Max-285, diseñado para uso doméstico, empresarial o profesional.",2342.74,144,Proveedor 13,Disponible
2547,Mouse pad Cisco Plus-699,Accesorios,Cisco,Plus-699,"Mouse pad de Cisco, modelo Plus-699, diseñado para uso doméstico, empresarial o profesional.",632.46,132,Proveedor 16,Disponible
2548,Adaptador USB-C Hikvision Plus-974,Accesorios,Hikvision,Plus-974,"Adaptador USB-C de Hikvision, modelo Plus-974, diseñado para uso doméstico, empresarial o profesional.",855.59,74,Proveedor 20,Disponible
2549,Regleta Ubiquiti Basic-803,Accesorios,Ubiquiti,Basic-803,"Regleta de Ubiquiti, modelo Basic-803, diseñado para uso doméstico, empresarial o profesional.",816.24,19,Proveedor 07,Disponible
2550,Mochila para laptop Brother Pro-105,Accesorios,Brother,Pro-105,"Mochila para laptop de Brother, modelo Pro-105, diseñado para uso doméstico, empresarial o profesional.",1967.15,45,Proveedor 25,Disponible
2551,Soporte para monitor Cisco Plus-287,Accesorios,Cisco,Plus-287,"Soporte para monitor de Cisco, modelo Plus-287, diseñado para uso doméstico, empresarial o profesional.",1155.94,149,Proveedor 16,Disponible
2552,Cargador Hikvision Enterprise-817,Accesorios,Hikvision,Enterprise-817,"Cargador de Hikvision, modelo Enterprise-817, diseñado para uso doméstico, empresarial o profesional.",4742.8,29,Proveedor 04,Disponible
2553,Adaptador USB-C Lenovo Pro-858,Accesorios,Lenovo,Pro-858,"Adaptador USB-C de Lenovo, modelo Pro-858, diseñado para uso doméstico, empresarial o profesional.",4895.04,144,Proveedor 01,Disponible
2554,Mochila para laptop Brother Plus-913,Accesorios,Brother,Plus-913,"Mochila para laptop de Brother, modelo Plus-913, diseñado para uso doméstico, empresarial o profesional.",3509.66,5,Proveedor 23,Disponible
2555,Mouse pad LG Business-656,Accesorios,LG,Business-656,"Mouse pad de LG, modelo Business-656, diseñado para uso doméstico, empresarial o profesional.",576.32,121,Proveedor 02,Disponible
2556,Hub USB Ubiquiti Max-818,Accesorios,Ubiquiti,Max-818,"Hub USB de Ubiquiti, modelo Max-818, diseñado para uso doméstico, empresarial o profesional.",2140.16,16,Proveedor 03,Disponible
2557,Hub USB LG Ultra-510,Accesorios,LG,Ultra-510,"Hub USB de LG, modelo Ultra-510, diseñado para uso doméstico, empresarial o profesional.",2560.21,62,Proveedor 05,Disponible
2558,Cable USB TP-Link Pro-188,Accesorios,TP-Link,Pro-188,"Cable USB de TP-Link, modelo Pro-188, diseñado para uso doméstico, empresarial o profesional.",2873.58,50,Proveedor 15,Disponible
2559,Mouse pad LG Max-369,Accesorios,LG,Max-369,"Mouse pad de LG, modelo Max-369, diseñado para uso doméstico, empresarial o profesional.",2415.5,47,Proveedor 19,Disponible
2560,Soporte para monitor HP Max-140,Accesorios,HP,Max-140,"Soporte para monitor de HP, modelo Max-140, diseñado para uso doméstico, empresarial o profesional.",1199.63,37,Proveedor 10,Disponible
2561,Adaptador USB-C Huawei Basic-480,Accesorios,Huawei,Basic-480,"Adaptador USB-C de Huawei, modelo Basic-480, diseñado para uso doméstico, empresarial o profesional.",346.97,3,Proveedor 04,Disponible
2562,Mouse pad Logitech Max-643,Accesorios,Logitech,Max-643,"Mouse pad de Logitech, modelo Max-643, diseñado para uso doméstico, empresarial o profesional.",93.84,35,Proveedor 11,Disponible
2563,Cargador Brother Enterprise-318,Accesorios,Brother,Enterprise-318,"Cargador de Brother, modelo Enterprise-318, diseñado para uso doméstico, empresarial o profesional.",983.9,121,Proveedor 16,Disponible
2564,Mochila para laptop Acer Basic-276,Accesorios,Acer,Basic-276,"Mochila para laptop de Acer, modelo Basic-276, diseñado para uso doméstico, empresarial o profesional.",1969.89,138,Proveedor 03,Disponible
2565,Adaptador USB-C Lenovo Enterprise-622,Accesorios,Lenovo,Enterprise-622,"Adaptador USB-C de Lenovo, modelo Enterprise-622, diseñado para uso doméstico, empresarial o profesional.",769.74,17,Proveedor 16,Disponible
2566,Mouse pad Dell Max-268,Accesorios,Dell,Max-268,"Mouse pad de Dell, modelo Max-268, diseñado para uso doméstico, empresarial o profesional.",1272.99,105,Proveedor 21,Disponible
2567,Regleta Epson Enterprise-368,Accesorios,Epson,Enterprise-368,"Regleta de Epson, modelo Enterprise-368, diseñado para uso doméstico, empresarial o profesional.",2061.64,110,Proveedor 02,Disponible
2568,Regleta Huawei Basic-297,Accesorios,Huawei,Basic-297,"Regleta de Huawei, modelo Basic-297, diseñado para uso doméstico, empresarial o profesional.",3374.7,95,Proveedor 13,Disponible
2569,Mochila para laptop AMD Enterprise-987,Accesorios,AMD,Enterprise-987,"Mochila para laptop de AMD, modelo Enterprise-987, diseñado para uso doméstico, empresarial o profesional.",1162.37,32,Proveedor 16,Disponible
2570,Soporte para celular APC Ultra-761,Accesorios,APC,Ultra-761,"Soporte para celular de APC, modelo Ultra-761, diseñado para uso doméstico, empresarial o profesional.",4365.76,40,Proveedor 08,Disponible
2571,Soporte para celular APC Plus-609,Accesorios,APC,Plus-609,"Soporte para celular de APC, modelo Plus-609, diseñado para uso doméstico, empresarial o profesional.",3876.84,110,Proveedor 20,Disponible
2572,Cable HDMI Ubiquiti Basic-675,Accesorios,Ubiquiti,Basic-675,"Cable HDMI de Ubiquiti, modelo Basic-675, diseñado para uso doméstico, empresarial o profesional.",469.97,37,Proveedor 25,Disponible
2573,Cable HDMI LG Plus-502,Accesorios,LG,Plus-502,"Cable HDMI de LG, modelo Plus-502, diseñado para uso doméstico, empresarial o profesional.",1440.13,87,Proveedor 10,Disponible
2574,Mouse pad AMD Plus-415,Accesorios,AMD,Plus-415,"Mouse pad de AMD, modelo Plus-415, diseñado para uso doméstico, empresarial o profesional.",4284.13,120,Proveedor 17,Disponible
2575,Mochila para laptop Huawei Enterprise-992,Accesorios,Huawei,Enterprise-992,"Mochila para laptop de Huawei, modelo Enterprise-992, diseñado para uso doméstico, empresarial o profesional.",4205.56,150,Proveedor 23,Disponible
2576,Mouse pad AMD Max-776,Accesorios,AMD,Max-776,"Mouse pad de AMD, modelo Max-776, diseñado para uso doméstico, empresarial o profesional.",3939.79,35,Proveedor 16,Disponible
2577,Regleta Dell Business-601,Accesorios,Dell,Business-601,"Regleta de Dell, modelo Business-601, diseñado para uso doméstico, empresarial o profesional.",4877.37,136,Proveedor 17,Disponible
2578,Soporte para celular Dell Plus-744,Accesorios,Dell,Plus-744,"Soporte para celular de Dell, modelo Plus-744, diseñado para uso doméstico, empresarial o profesional.",1377.65,69,Proveedor 10,Disponible
2579,Soporte para celular APC Pro-420,Accesorios,APC,Pro-420,"Soporte para celular de APC, modelo Pro-420, diseñado para uso doméstico, empresarial o profesional.",4637.76,82,Proveedor 08,Disponible
2580,Soporte para celular Acer Plus-413,Accesorios,Acer,Plus-413,"Soporte para celular de Acer, modelo Plus-413, diseñado para uso doméstico, empresarial o profesional.",999.64,85,Proveedor 17,Disponible
2581,Soporte para monitor Logitech Plus-712,Accesorios,Logitech,Plus-712,"Soporte para monitor de Logitech, modelo Plus-712, diseñado para uso doméstico, empresarial o profesional.",2148.05,48,Proveedor 25,Disponible
2582,Soporte para celular Lenovo Enterprise-888,Accesorios,Lenovo,Enterprise-888,"Soporte para celular de Lenovo, modelo Enterprise-888, diseñado para uso doméstico, empresarial o profesional.",3457.24,48,Proveedor 22,Disponible
2583,Regleta Tripp Lite Max-428,Accesorios,Tripp Lite,Max-428,"Regleta de Tripp Lite, modelo Max-428, diseñado para uso doméstico, empresarial o profesional.",1062.1,118,Proveedor 19,Disponible
2584,Mouse pad ASUS Basic-841,Accesorios,ASUS,Basic-841,"Mouse pad de ASUS, modelo Basic-841, diseñado para uso doméstico, empresarial o profesional.",3627.58,74,Proveedor 21,Disponible
2585,Cargador Acer Max-908,Accesorios,Acer,Max-908,"Cargador de Acer, modelo Max-908, diseñado para uso doméstico, empresarial o profesional.",3185.55,86,Proveedor 06,Disponible
2586,Mochila para laptop LG Pro-501,Accesorios,LG,Pro-501,"Mochila para laptop de LG, modelo Pro-501, diseñado para uso doméstico, empresarial o profesional.",2447.5,69,Proveedor 19,Disponible
2587,Mochila para laptop Tripp Lite Plus-249,Accesorios,Tripp Lite,Plus-249,"Mochila para laptop de Tripp Lite, modelo Plus-249, diseñado para uso doméstico, empresarial o profesional.",1310.89,18,Proveedor 09,Disponible
2588,Cable USB Huawei Enterprise-663,Accesorios,Huawei,Enterprise-663,"Cable USB de Huawei, modelo Enterprise-663, diseñado para uso doméstico, empresarial o profesional.",4920.14,0,Proveedor 03,Agotado
2589,Cargador Logitech Ultra-565,Accesorios,Logitech,Ultra-565,"Cargador de Logitech, modelo Ultra-565, diseñado para uso doméstico, empresarial o profesional.",4677.02,140,Proveedor 19,Disponible
2590,Hub USB APC Max-530,Accesorios,APC,Max-530,"Hub USB de APC, modelo Max-530, diseñado para uso doméstico, empresarial o profesional.",1035.99,13,Proveedor 14,Disponible
2591,Mochila para laptop AMD Basic-587,Accesorios,AMD,Basic-587,"Mochila para laptop de AMD, modelo Basic-587, diseñado para uso doméstico, empresarial o profesional.",2214.0,80,Proveedor 04,Disponible
2592,Adaptador USB-C ASUS Basic-470,Accesorios,ASUS,Basic-470,"Adaptador USB-C de ASUS, modelo Basic-470, diseñado para uso doméstico, empresarial o profesional.",3812.62,13,Proveedor 02,Disponible
2593,Cable USB Logitech Basic-661,Accesorios,Logitech,Basic-661,"Cable USB de Logitech, modelo Basic-661, diseñado para uso doméstico, empresarial o profesional.",2699.35,32,Proveedor 04,Disponible
2594,Soporte para monitor Acer Basic-776,Accesorios,Acer,Basic-776,"Soporte para monitor de Acer, modelo Basic-776, diseñado para uso doméstico, empresarial o profesional.",2854.51,2,Proveedor 04,Disponible
2595,Regleta AMD Business-383,Accesorios,AMD,Business-383,"Regleta de AMD, modelo Business-383, diseñado para uso doméstico, empresarial o profesional.",1456.73,61,Proveedor 08,Disponible
2596,Cargador AMD Max-684,Accesorios,AMD,Max-684,"Cargador de AMD, modelo Max-684, diseñado para uso doméstico, empresarial o profesional.",3771.05,141,Proveedor 12,Disponible
2597,Cargador Lenovo Basic-666,Accesorios,Lenovo,Basic-666,"Cargador de Lenovo, modelo Basic-666, diseñado para uso doméstico, empresarial o profesional.",2941.39,56,Proveedor 06,Disponible
2598,Soporte para monitor Acer Max-731,Accesorios,Acer,Max-731,"Soporte para monitor de Acer, modelo Max-731, diseñado para uso doméstico, empresarial o profesional.",136.33,41,Proveedor 03,Disponible
2599,Soporte para celular AMD Plus-928,Accesorios,AMD,Plus-928,"Soporte para celular de AMD, modelo Plus-928, diseñado para uso doméstico, empresarial o profesional.",2456.97,24,Proveedor 08,Disponible
2600,Soporte para monitor Epson Pro-570,Accesorios,Epson,Pro-570,"Soporte para monitor de Epson, modelo Pro-570, diseñado para uso doméstico, empresarial o profesional.",3067.56,44,Proveedor 08,Disponible
2601,Hub USB HP Basic-344,Accesorios,HP,Basic-344,"Hub USB de HP, modelo Basic-344, diseñado para uso doméstico, empresarial o profesional.",3372.25,111,Proveedor 19,Disponible
2602,Soporte para celular Huawei Ultra-318,Accesorios,Huawei,Ultra-318,"Soporte para celular de Huawei, modelo Ultra-318, diseñado para uso doméstico, empresarial o profesional.",1199.29,20,Proveedor 14,Disponible
2603,Mochila para laptop Hikvision Pro-856,Accesorios,Hikvision,Pro-856,"Mochila para laptop de Hikvision, modelo Pro-856, diseñado para uso doméstico, empresarial o profesional.",4446.19,97,Proveedor 01,Disponible
2604,Mouse pad Logitech Pro-789,Accesorios,Logitech,Pro-789,"Mouse pad de Logitech, modelo Pro-789, diseñado para uso doméstico, empresarial o profesional.",2483.02,134,Proveedor 11,Disponible
2605,Regleta TP-Link Ultra-619,Accesorios,TP-Link,Ultra-619,"Regleta de TP-Link, modelo Ultra-619, diseñado para uso doméstico, empresarial o profesional.",3097.41,113,Proveedor 20,Disponible
2606,Cargador LG Pro-820,Accesorios,LG,Pro-820,"Cargador de LG, modelo Pro-820, diseñado para uso doméstico, empresarial o profesional.",432.92,96,Proveedor 06,Disponible
2607,Soporte para monitor Acer Pro-421,Accesorios,Acer,Pro-421,"Soporte para monitor de Acer, modelo Pro-421, diseñado para uso doméstico, empresarial o profesional.",1798.66,70,Proveedor 08,Disponible
2608,Hub USB Epson Ultra-714,Accesorios,Epson,Ultra-714,"Hub USB de Epson, modelo Ultra-714, diseñado para uso doméstico, empresarial o profesional.",4394.77,6,Proveedor 22,Disponible
2609,Soporte para celular Epson Business-814,Accesorios,Epson,Business-814,"Soporte para celular de Epson, modelo Business-814, diseñado para uso doméstico, empresarial o profesional.",370.24,5,Proveedor 13,Disponible
2610,Soporte para celular LG Plus-490,Accesorios,LG,Plus-490,"Soporte para celular de LG, modelo Plus-490, diseñado para uso doméstico, empresarial o profesional.",151.45,111,Proveedor 24,Disponible
2611,Mochila para laptop Ubiquiti Basic-547,Accesorios,Ubiquiti,Basic-547,"Mochila para laptop de Ubiquiti, modelo Basic-547, diseñado para uso doméstico, empresarial o profesional.",1311.88,58,Proveedor 09,Disponible
2612,Regleta Logitech Ultra-261,Accesorios,Logitech,Ultra-261,"Regleta de Logitech, modelo Ultra-261, diseñado para uso doméstico, empresarial o profesional.",884.28,149,Proveedor 21,Disponible
2613,Mouse pad AMD Max-929,Accesorios,AMD,Max-929,"Mouse pad de AMD, modelo Max-929, diseñado para uso doméstico, empresarial o profesional.",1018.78,9,Proveedor 13,Disponible
2614,Regleta Cisco Enterprise-334,Accesorios,Cisco,Enterprise-334,"Regleta de Cisco, modelo Enterprise-334, diseñado para uso doméstico, empresarial o profesional.",495.36,40,Proveedor 03,Disponible
2615,Soporte para celular Tripp Lite Basic-356,Accesorios,Tripp Lite,Basic-356,"Soporte para celular de Tripp Lite, modelo Basic-356, diseñado para uso doméstico, empresarial o profesional.",442.31,65,Proveedor 15,Disponible
2616,Adaptador USB-C Kingston Pro-979,Accesorios,Kingston,Pro-979,"Adaptador USB-C de Kingston, modelo Pro-979, diseñado para uso doméstico, empresarial o profesional.",2207.67,47,Proveedor 08,Disponible
2617,Soporte para monitor Kingston Pro-633,Accesorios,Kingston,Pro-633,"Soporte para monitor de Kingston, modelo Pro-633, diseñado para uso doméstico, empresarial o profesional.",380.56,23,Proveedor 20,Disponible
2618,Cable HDMI Intel Business-901,Accesorios,Intel,Business-901,"Cable HDMI de Intel, modelo Business-901, diseñado para uso doméstico, empresarial o profesional.",3932.1,45,Proveedor 10,Disponible
2619,Mouse pad Brother Ultra-271,Accesorios,Brother,Ultra-271,"Mouse pad de Brother, modelo Ultra-271, diseñado para uso doméstico, empresarial o profesional.",1219.41,50,Proveedor 20,Disponible
2620,Cable USB Dell Enterprise-203,Accesorios,Dell,Enterprise-203,"Cable USB de Dell, modelo Enterprise-203, diseñado para uso doméstico, empresarial o profesional.",1381.77,45,Proveedor 18,Disponible
2621,Cable USB Hikvision Max-879,Accesorios,Hikvision,Max-879,"Cable USB de Hikvision, modelo Max-879, diseñado para uso doméstico, empresarial o profesional.",1876.21,45,Proveedor 05,Disponible
2622,Mouse pad ASUS Pro-905,Accesorios,ASUS,Pro-905,"Mouse pad de ASUS, modelo Pro-905, diseñado para uso doméstico, empresarial o profesional.",93.3,43,Proveedor 25,Disponible
2623,Hub USB APC Enterprise-121,Accesorios,APC,Enterprise-121,"Hub USB de APC, modelo Enterprise-121, diseñado para uso doméstico, empresarial o profesional.",2529.52,14,Proveedor 13,Disponible
2624,Adaptador USB-C ASUS Basic-580,Accesorios,ASUS,Basic-580,"Adaptador USB-C de ASUS, modelo Basic-580, diseñado para uso doméstico, empresarial o profesional.",821.75,33,Proveedor 08,Disponible
2625,Soporte para celular LG Max-901,Accesorios,LG,Max-901,"Soporte para celular de LG, modelo Max-901, diseñado para uso doméstico, empresarial o profesional.",1432.42,62,Proveedor 15,Disponible
2626,Adaptador USB-C HP Business-354,Accesorios,HP,Business-354,"Adaptador USB-C de HP, modelo Business-354, diseñado para uso doméstico, empresarial o profesional.",852.33,10,Proveedor 03,Disponible
2627,Soporte para monitor Lenovo Basic-394,Accesorios,Lenovo,Basic-394,"Soporte para monitor de Lenovo, modelo Basic-394, diseñado para uso doméstico, empresarial o profesional.",2330.82,125,Proveedor 22,Disponible
2628,Soporte para monitor Tripp Lite Max-843,Accesorios,Tripp Lite,Max-843,"Soporte para monitor de Tripp Lite, modelo Max-843, diseñado para uso doméstico, empresarial o profesional.",2049.3,134,Proveedor 15,Disponible
2629,Mouse pad LG Enterprise-720,Accesorios,LG,Enterprise-720,"Mouse pad de LG, modelo Enterprise-720, diseñado para uso doméstico, empresarial o profesional.",2908.49,103,Proveedor 25,Disponible
2630,Hub USB APC Ultra-270,Accesorios,APC,Ultra-270,"Hub USB de APC, modelo Ultra-270, diseñado para uso doméstico, empresarial o profesional.",2540.61,127,Proveedor 05,Disponible
2631,Cable HDMI Acer Basic-714,Accesorios,Acer,Basic-714,"Cable HDMI de Acer, modelo Basic-714, diseñado para uso doméstico, empresarial o profesional.",4973.84,76,Proveedor 04,Disponible
2632,Soporte para celular Ubiquiti Ultra-484,Accesorios,Ubiquiti,Ultra-484,"Soporte para celular de Ubiquiti, modelo Ultra-484, diseñado para uso doméstico, empresarial o profesional.",1532.61,6,Proveedor 11,Disponible
2633,Mochila para laptop Acer Enterprise-116,Accesorios,Acer,Enterprise-116,"Mochila para laptop de Acer, modelo Enterprise-116, diseñado para uso doméstico, empresarial o profesional.",1117.07,37,Proveedor 15,Disponible
2634,Soporte para celular Lenovo Business-912,Accesorios,Lenovo,Business-912,"Soporte para celular de Lenovo, modelo Business-912, diseñado para uso doméstico, empresarial o profesional.",1544.76,62,Proveedor 05,Disponible
2635,Cable HDMI Epson Ultra-358,Accesorios,Epson,Ultra-358,"Cable HDMI de Epson, modelo Ultra-358, diseñado para uso doméstico, empresarial o profesional.",2459.54,119,Proveedor 23,Disponible
2636,Mochila para laptop LG Pro-574,Accesorios,LG,Pro-574,"Mochila para laptop de LG, modelo Pro-574, diseñado para uso doméstico, empresarial o profesional.",695.55,13,Proveedor 08,Disponible
2637,Adaptador USB-C HP Plus-483,Accesorios,HP,Plus-483,"Adaptador USB-C de HP, modelo Plus-483, diseñado para uso doméstico, empresarial o profesional.",312.94,119,Proveedor 13,Disponible
2638,Soporte para monitor Dell Max-401,Accesorios,Dell,Max-401,"Soporte para monitor de Dell, modelo Max-401, diseñado para uso doméstico, empresarial o profesional.",1806.13,131,Proveedor 18,Disponible
2639,Mochila para laptop Cisco Enterprise-967,Accesorios,Cisco,Enterprise-967,"Mochila para laptop de Cisco, modelo Enterprise-967, diseñado para uso doméstico, empresarial o profesional.",2423.32,90,Proveedor 11,Disponible
2640,Cargador Kingston Max-269,Accesorios,Kingston,Max-269,"Cargador de Kingston, modelo Max-269, diseñado para uso doméstico, empresarial o profesional.",104.73,25,Proveedor 05,Disponible
2641,Mouse pad Logitech Basic-125,Accesorios,Logitech,Basic-125,"Mouse pad de Logitech, modelo Basic-125, diseñado para uso doméstico, empresarial o profesional.",2572.06,133,Proveedor 12,Disponible
2642,Cable HDMI Hikvision Ultra-442,Accesorios,Hikvision,Ultra-442,"Cable HDMI de Hikvision, modelo Ultra-442, diseñado para uso doméstico, empresarial o profesional.",4002.63,117,Proveedor 12,Disponible
2643,Soporte para celular Samsung Plus-476,Accesorios,Samsung,Plus-476,"Soporte para celular de Samsung, modelo Plus-476, diseñado para uso doméstico, empresarial o profesional.",302.04,132,Proveedor 19,Disponible
2644,Cable USB Hikvision Enterprise-599,Accesorios,Hikvision,Enterprise-599,"Cable USB de Hikvision, modelo Enterprise-599, diseñado para uso doméstico, empresarial o profesional.",2195.37,131,Proveedor 02,Disponible
2645,Mouse pad Intel Max-168,Accesorios,Intel,Max-168,"Mouse pad de Intel, modelo Max-168, diseñado para uso doméstico, empresarial o profesional.",4993.29,39,Proveedor 13,Disponible
2646,Regleta Hikvision Business-839,Accesorios,Hikvision,Business-839,"Regleta de Hikvision, modelo Business-839, diseñado para uso doméstico, empresarial o profesional.",3194.26,36,Proveedor 05,Disponible
2647,Cargador Dell Max-493,Accesorios,Dell,Max-493,"Cargador de Dell, modelo Max-493, diseñado para uso doméstico, empresarial o profesional.",1415.01,56,Proveedor 02,Disponible
2648,Cable HDMI Kingston Basic-236,Accesorios,Kingston,Basic-236,"Cable HDMI de Kingston, modelo Basic-236, diseñado para uso doméstico, empresarial o profesional.",1012.74,145,Proveedor 07,Disponible
2649,Soporte para monitor Lenovo Ultra-660,Accesorios,Lenovo,Ultra-660,"Soporte para monitor de Lenovo, modelo Ultra-660, diseñado para uso doméstico, empresarial o profesional.",2862.52,53,Proveedor 01,Disponible
2650,Cable USB ASUS Enterprise-138,Accesorios,ASUS,Enterprise-138,"Cable USB de ASUS, modelo Enterprise-138, diseñado para uso doméstico, empresarial o profesional.",1364.26,123,Proveedor 03,Disponible
2651,Cargador Hikvision Pro-788,Accesorios,Hikvision,Pro-788,"Cargador de Hikvision, modelo Pro-788, diseñado para uso doméstico, empresarial o profesional.",2492.74,20,Proveedor 22,Disponible
2652,Mochila para laptop Samsung Max-845,Accesorios,Samsung,Max-845,"Mochila para laptop de Samsung, modelo Max-845, diseñado para uso doméstico, empresarial o profesional.",4898.32,120,Proveedor 09,Disponible
2653,Soporte para celular Tripp Lite Max-933,Accesorios,Tripp Lite,Max-933,"Soporte para celular de Tripp Lite, modelo Max-933, diseñado para uso doméstico, empresarial o profesional.",3723.45,83,Proveedor 17,Disponible
2654,Adaptador USB-C Intel Max-798,Accesorios,Intel,Max-798,"Adaptador USB-C de Intel, modelo Max-798, diseñado para uso doméstico, empresarial o profesional.",1430.87,62,Proveedor 08,Disponible
2655,Cable HDMI Ubiquiti Ultra-378,Accesorios,Ubiquiti,Ultra-378,"Cable HDMI de Ubiquiti, modelo Ultra-378, diseñado para uso doméstico, empresarial o profesional.",1674.36,130,Proveedor 10,Disponible
2656,Mochila para laptop Huawei Basic-705,Accesorios,Huawei,Basic-705,"Mochila para laptop de Huawei, modelo Basic-705, diseñado para uso doméstico, empresarial o profesional.",1536.7,65,Proveedor 04,Disponible
2657,Adaptador USB-C Tripp Lite Pro-964,Accesorios,Tripp Lite,Pro-964,"Adaptador USB-C de Tripp Lite, modelo Pro-964, diseñado para uso doméstico, empresarial o profesional.",3928.21,63,Proveedor 15,Disponible
2658,Adaptador USB-C HP Business-655,Accesorios,HP,Business-655,"Adaptador USB-C de HP, modelo Business-655, diseñado para uso doméstico, empresarial o profesional.",2553.93,105,Proveedor 24,Disponible
2659,Soporte para monitor Ubiquiti Max-439,Accesorios,Ubiquiti,Max-439,"Soporte para monitor de Ubiquiti, modelo Max-439, diseñado para uso doméstico, empresarial o profesional.",1530.47,62,Proveedor 06,Disponible
2660,Soporte para celular Brother Business-167,Accesorios,Brother,Business-167,"Soporte para celular de Brother, modelo Business-167, diseñado para uso doméstico, empresarial o profesional.",3886.08,14,Proveedor 14,Disponible
2661,Soporte para monitor Ubiquiti Pro-524,Accesorios,Ubiquiti,Pro-524,"Soporte para monitor de Ubiquiti, modelo Pro-524, diseñado para uso doméstico, empresarial o profesional.",2392.21,7,Proveedor 11,Disponible
2662,Regleta HP Plus-341,Accesorios,HP,Plus-341,"Regleta de HP, modelo Plus-341, diseñado para uso doméstico, empresarial o profesional.",2458.27,125,Proveedor 13,Disponible
2663,Soporte para celular Acer Ultra-540,Accesorios,Acer,Ultra-540,"Soporte para celular de Acer, modelo Ultra-540, diseñado para uso doméstico, empresarial o profesional.",4254.78,73,Proveedor 08,Disponible
2664,Soporte para celular ASUS Plus-263,Accesorios,ASUS,Plus-263,"Soporte para celular de ASUS, modelo Plus-263, diseñado para uso doméstico, empresarial o profesional.",3010.01,96,Proveedor 03,Disponible
2665,Cable USB Dell Basic-915,Accesorios,Dell,Basic-915,"Cable USB de Dell, modelo Basic-915, diseñado para uso doméstico, empresarial o profesional.",3700.28,38,Proveedor 18,Disponible
2666,Soporte para monitor Brother Basic-912,Accesorios,Brother,Basic-912,"Soporte para monitor de Brother, modelo Basic-912, diseñado para uso doméstico, empresarial o profesional.",4050.09,38,Proveedor 02,Disponible
2667,Cable HDMI Brother Pro-133,Accesorios,Brother,Pro-133,"Cable HDMI de Brother, modelo Pro-133, diseñado para uso doméstico, empresarial o profesional.",710.74,93,Proveedor 22,Disponible
2668,Regleta Intel Basic-141,Accesorios,Intel,Basic-141,"Regleta de Intel, modelo Basic-141, diseñado para uso doméstico, empresarial o profesional.",867.85,79,Proveedor 11,Disponible
2669,Cable USB Cisco Max-184,Accesorios,Cisco,Max-184,"Cable USB de Cisco, modelo Max-184, diseñado para uso doméstico, empresarial o profesional.",4941.51,0,Proveedor 07,Agotado
2670,Adaptador USB-C Huawei Enterprise-602,Accesorios,Huawei,Enterprise-602,"Adaptador USB-C de Huawei, modelo Enterprise-602, diseñado para uso doméstico, empresarial o profesional.",582.32,74,Proveedor 20,Disponible
2671,Mouse pad Dell Enterprise-727,Accesorios,Dell,Enterprise-727,"Mouse pad de Dell, modelo Enterprise-727, diseñado para uso doméstico, empresarial o profesional.",1458.0,16,Proveedor 15,Disponible
2672,Soporte para celular Logitech Pro-758,Accesorios,Logitech,Pro-758,"Soporte para celular de Logitech, modelo Pro-758, diseñado para uso doméstico, empresarial o profesional.",3891.57,131,Proveedor 04,Disponible
2673,Mochila para laptop AMD Pro-805,Accesorios,AMD,Pro-805,"Mochila para laptop de AMD, modelo Pro-805, diseñado para uso doméstico, empresarial o profesional.",1454.3,100,Proveedor 11,Disponible
2674,Adaptador USB-C Brother Enterprise-563,Accesorios,Brother,Enterprise-563,"Adaptador USB-C de Brother, modelo Enterprise-563, diseñado para uso doméstico, empresarial o profesional.",1825.82,130,Proveedor 10,Disponible
2675,Hub USB Huawei Ultra-926,Accesorios,Huawei,Ultra-926,"Hub USB de Huawei, modelo Ultra-926, diseñado para uso doméstico, empresarial o profesional.",4655.96,79,Proveedor 22,Disponible
2676,Regleta Acer Pro-572,Accesorios,Acer,Pro-572,"Regleta de Acer, modelo Pro-572, diseñado para uso doméstico, empresarial o profesional.",786.17,39,Proveedor 02,Disponible
2677,Cable USB Cisco Max-996,Accesorios,Cisco,Max-996,"Cable USB de Cisco, modelo Max-996, diseñado para uso doméstico, empresarial o profesional.",632.7,27,Proveedor 15,Disponible
2678,Adaptador USB-C Lenovo Business-175,Accesorios,Lenovo,Business-175,"Adaptador USB-C de Lenovo, modelo Business-175, diseñado para uso doméstico, empresarial o profesional.",1448.25,85,Proveedor 23,Disponible
2679,Regleta Intel Pro-835,Accesorios,Intel,Pro-835,"Regleta de Intel, modelo Pro-835, diseñado para uso doméstico, empresarial o profesional.",2433.9,104,Proveedor 04,Disponible
2680,Mouse pad Intel Plus-826,Accesorios,Intel,Plus-826,"Mouse pad de Intel, modelo Plus-826, diseñado para uso doméstico, empresarial o profesional.",1088.37,121,Proveedor 21,Disponible
2681,Cable HDMI LG Pro-500,Accesorios,LG,Pro-500,"Cable HDMI de LG, modelo Pro-500, diseñado para uso doméstico, empresarial o profesional.",997.87,16,Proveedor 02,Disponible
2682,Cable HDMI Logitech Ultra-291,Accesorios,Logitech,Ultra-291,"Cable HDMI de Logitech, modelo Ultra-291, diseñado para uso doméstico, empresarial o profesional.",4071.97,118,Proveedor 22,Disponible
2683,Soporte para monitor Samsung Ultra-236,Accesorios,Samsung,Ultra-236,"Soporte para monitor de Samsung, modelo Ultra-236, diseñado para uso doméstico, empresarial o profesional.",4088.12,108,Proveedor 22,Disponible
2684,Regleta Intel Enterprise-816,Accesorios,Intel,Enterprise-816,"Regleta de Intel, modelo Enterprise-816, diseñado para uso doméstico, empresarial o profesional.",960.61,42,Proveedor 09,Disponible
2685,Soporte para monitor Dell Ultra-996,Accesorios,Dell,Ultra-996,"Soporte para monitor de Dell, modelo Ultra-996, diseñado para uso doméstico, empresarial o profesional.",4942.43,37,Proveedor 02,Disponible
2686,Adaptador USB-C Epson Max-718,Accesorios,Epson,Max-718,"Adaptador USB-C de Epson, modelo Max-718, diseñado para uso doméstico, empresarial o profesional.",2502.02,71,Proveedor 07,Disponible
2687,Adaptador USB-C Ubiquiti Basic-889,Accesorios,Ubiquiti,Basic-889,"Adaptador USB-C de Ubiquiti, modelo Basic-889, diseñado para uso doméstico, empresarial o profesional.",95.66,92,Proveedor 23,Disponible
2688,Regleta AMD Plus-445,Accesorios,AMD,Plus-445,"Regleta de AMD, modelo Plus-445, diseñado para uso doméstico, empresarial o profesional.",63.55,123,Proveedor 25,Disponible
2689,Mouse pad Acer Pro-251,Accesorios,Acer,Pro-251,"Mouse pad de Acer, modelo Pro-251, diseñado para uso doméstico, empresarial o profesional.",1695.96,129,Proveedor 09,Disponible
2690,Mouse pad Huawei Max-704,Accesorios,Huawei,Max-704,"Mouse pad de Huawei, modelo Max-704, diseñado para uso doméstico, empresarial o profesional.",3081.7,50,Proveedor 14,Disponible
2691,Cable HDMI Hikvision Business-705,Accesorios,Hikvision,Business-705,"Cable HDMI de Hikvision, modelo Business-705, diseñado para uso doméstico, empresarial o profesional.",2758.26,137,Proveedor 25,Disponible
2692,Mochila para laptop Cisco Plus-440,Accesorios,Cisco,Plus-440,"Mochila para laptop de Cisco, modelo Plus-440, diseñado para uso doméstico, empresarial o profesional.",138.68,150,Proveedor 21,Disponible
2693,Cable USB Brother Enterprise-999,Accesorios,Brother,Enterprise-999,"Cable USB de Brother, modelo Enterprise-999, diseñado para uso doméstico, empresarial o profesional.",2115.36,118,Proveedor 20,Disponible
2694,Soporte para celular Epson Plus-954,Accesorios,Epson,Plus-954,"Soporte para celular de Epson, modelo Plus-954, diseñado para uso doméstico, empresarial o profesional.",2974.92,115,Proveedor 09,Disponible
2695,Hub USB Cisco Enterprise-334,Accesorios,Cisco,Enterprise-334,"Hub USB de Cisco, modelo Enterprise-334, diseñado para uso doméstico, empresarial o profesional.",3358.74,148,Proveedor 09,Disponible
2696,Soporte para monitor Logitech Basic-643,Accesorios,Logitech,Basic-643,"Soporte para monitor de Logitech, modelo Basic-643, diseñado para uso doméstico, empresarial o profesional.",1184.64,56,Proveedor 15,Disponible
2697,Cargador Huawei Basic-540,Accesorios,Huawei,Basic-540,"Cargador de Huawei, modelo Basic-540, diseñado para uso doméstico, empresarial o profesional.",286.43,19,Proveedor 09,Disponible
2698,Mouse pad Tripp Lite Ultra-116,Accesorios,Tripp Lite,Ultra-116,"Mouse pad de Tripp Lite, modelo Ultra-116, diseñado para uso doméstico, empresarial o profesional.",2533.67,78,Proveedor 25,Disponible
2699,Soporte para celular Cisco Ultra-694,Accesorios,Cisco,Ultra-694,"Soporte para celular de Cisco, modelo Ultra-694, diseñado para uso doméstico, empresarial o profesional.",1106.4,141,Proveedor 10,Disponible
2700,Cable USB Epson Ultra-674,Accesorios,Epson,Ultra-674,"Cable USB de Epson, modelo Ultra-674, diseñado para uso doméstico, empresarial o profesional.",3642.32,45,Proveedor 18,Disponible
2701,Cargador TP-Link Business-539,Accesorios,TP-Link,Business-539,"Cargador de TP-Link, modelo Business-539, diseñado para uso doméstico, empresarial o profesional.",444.4,62,Proveedor 16,Disponible
2702,Cable HDMI HP Pro-867,Accesorios,HP,Pro-867,"Cable HDMI de HP, modelo Pro-867, diseñado para uso doméstico, empresarial o profesional.",3668.53,43,Proveedor 22,Disponible
2703,Hub USB Logitech Ultra-265,Accesorios,Logitech,Ultra-265,"Hub USB de Logitech, modelo Ultra-265, diseñado para uso doméstico, empresarial o profesional.",4534.47,52,Proveedor 24,Disponible
2704,Adaptador USB-C LG Basic-883,Accesorios,LG,Basic-883,"Adaptador USB-C de LG, modelo Basic-883, diseñado para uso doméstico, empresarial o profesional.",4662.12,79,Proveedor 18,Disponible
2705,Mouse pad Dell Basic-259,Accesorios,Dell,Basic-259,"Mouse pad de Dell, modelo Basic-259, diseñado para uso doméstico, empresarial o profesional.",4372.44,0,Proveedor 08,Agotado
2706,Cable USB Logitech Pro-216,Accesorios,Logitech,Pro-216,"Cable USB de Logitech, modelo Pro-216, diseñado para uso doméstico, empresarial o profesional.",3836.26,86,Proveedor 04,Disponible
2707,Mouse pad Tripp Lite Ultra-623,Accesorios,Tripp Lite,Ultra-623,"Mouse pad de Tripp Lite, modelo Ultra-623, diseñado para uso doméstico, empresarial o profesional.",654.38,71,Proveedor 03,Disponible
2708,Regleta Dell Plus-280,Accesorios,Dell,Plus-280,"Regleta de Dell, modelo Plus-280, diseñado para uso doméstico, empresarial o profesional.",1970.01,48,Proveedor 18,Disponible
2709,Hub USB TP-Link Max-923,Accesorios,TP-Link,Max-923,"Hub USB de TP-Link, modelo Max-923, diseñado para uso doméstico, empresarial o profesional.",4848.64,22,Proveedor 03,Disponible
2710,Adaptador USB-C Lenovo Plus-264,Accesorios,Lenovo,Plus-264,"Adaptador USB-C de Lenovo, modelo Plus-264, diseñado para uso doméstico, empresarial o profesional.",2634.33,136,Proveedor 07,Disponible
2711,Mochila para laptop LG Basic-448,Accesorios,LG,Basic-448,"Mochila para laptop de LG, modelo Basic-448, diseñado para uso doméstico, empresarial o profesional.",4274.86,110,Proveedor 04,Disponible
2712,Mouse pad Huawei Pro-271,Accesorios,Huawei,Pro-271,"Mouse pad de Huawei, modelo Pro-271, diseñado para uso doméstico, empresarial o profesional.",991.21,123,Proveedor 25,Disponible
2713,Soporte para celular Dell Business-332,Accesorios,Dell,Business-332,"Soporte para celular de Dell, modelo Business-332, diseñado para uso doméstico, empresarial o profesional.",4180.83,126,Proveedor 18,Disponible
2714,Mochila para laptop Huawei Plus-757,Accesorios,Huawei,Plus-757,"Mochila para laptop de Huawei, modelo Plus-757, diseñado para uso doméstico, empresarial o profesional.",1875.91,10,Proveedor 02,Disponible
2715,Mochila para laptop Acer Basic-684,Accesorios,Acer,Basic-684,"Mochila para laptop de Acer, modelo Basic-684, diseñado para uso doméstico, empresarial o profesional.",1809.34,95,Proveedor 21,Disponible
2716,Regleta Ubiquiti Business-957,Accesorios,Ubiquiti,Business-957,"Regleta de Ubiquiti, modelo Business-957, diseñado para uso doméstico, empresarial o profesional.",86.82,80,Proveedor 15,Disponible
2717,Cable USB Lenovo Enterprise-198,Accesorios,Lenovo,Enterprise-198,"Cable USB de Lenovo, modelo Enterprise-198, diseñado para uso doméstico, empresarial o profesional.",2993.51,143,Proveedor 25,Disponible
2718,Cable USB Intel Pro-584,Accesorios,Intel,Pro-584,"Cable USB de Intel, modelo Pro-584, diseñado para uso doméstico, empresarial o profesional.",2497.01,141,Proveedor 24,Disponible
2719,Regleta HP Max-930,Accesorios,HP,Max-930,"Regleta de HP, modelo Max-930, diseñado para uso doméstico, empresarial o profesional.",210.78,81,Proveedor 08,Disponible
2720,Hub USB Tripp Lite Enterprise-535,Accesorios,Tripp Lite,Enterprise-535,"Hub USB de Tripp Lite, modelo Enterprise-535, diseñado para uso doméstico, empresarial o profesional.",1502.58,27,Proveedor 02,Disponible
2721,Hub USB Lenovo Business-364,Accesorios,Lenovo,Business-364,"Hub USB de Lenovo, modelo Business-364, diseñado para uso doméstico, empresarial o profesional.",4087.68,39,Proveedor 09,Disponible
2722,Regleta Ubiquiti Basic-643,Accesorios,Ubiquiti,Basic-643,"Regleta de Ubiquiti, modelo Basic-643, diseñado para uso doméstico, empresarial o profesional.",1850.74,127,Proveedor 10,Disponible
2723,Hub USB Ubiquiti Basic-126,Accesorios,Ubiquiti,Basic-126,"Hub USB de Ubiquiti, modelo Basic-126, diseñado para uso doméstico, empresarial o profesional.",4907.21,83,Proveedor 06,Disponible
2724,Cable USB Lenovo Max-717,Accesorios,Lenovo,Max-717,"Cable USB de Lenovo, modelo Max-717, diseñado para uso doméstico, empresarial o profesional.",3017.75,25,Proveedor 12,Disponible
2725,Cable USB HP Plus-886,Accesorios,HP,Plus-886,"Cable USB de HP, modelo Plus-886, diseñado para uso doméstico, empresarial o profesional.",1702.24,31,Proveedor 06,Disponible
2726,Soporte para celular Acer Max-919,Accesorios,Acer,Max-919,"Soporte para celular de Acer, modelo Max-919, diseñado para uso doméstico, empresarial o profesional.",440.25,12,Proveedor 09,Disponible
2727,Hub USB Tripp Lite Enterprise-654,Accesorios,Tripp Lite,Enterprise-654,"Hub USB de Tripp Lite, modelo Enterprise-654, diseñado para uso doméstico, empresarial o profesional.",4569.22,20,Proveedor 23,Disponible
2728,Mouse pad Intel Enterprise-807,Accesorios,Intel,Enterprise-807,"Mouse pad de Intel, modelo Enterprise-807, diseñado para uso doméstico, empresarial o profesional.",2753.02,141,Proveedor 22,Disponible
2729,Hub USB HP Ultra-870,Accesorios,HP,Ultra-870,"Hub USB de HP, modelo Ultra-870, diseñado para uso doméstico, empresarial o profesional.",4657.4,79,Proveedor 14,Disponible
2730,Cable USB Samsung Plus-858,Accesorios,Samsung,Plus-858,"Cable USB de Samsung, modelo Plus-858, diseñado para uso doméstico, empresarial o profesional.",307.66,17,Proveedor 04,Disponible
2731,Soporte para celular TP-Link Basic-588,Accesorios,TP-Link,Basic-588,"Soporte para celular de TP-Link, modelo Basic-588, diseñado para uso doméstico, empresarial o profesional.",260.5,92,Proveedor 13,Disponible
2732,Mouse pad HP Plus-262,Accesorios,HP,Plus-262,"Mouse pad de HP, modelo Plus-262, diseñado para uso doméstico, empresarial o profesional.",2974.73,143,Proveedor 08,Disponible
2733,Cable USB Samsung Pro-289,Accesorios,Samsung,Pro-289,"Cable USB de Samsung, modelo Pro-289, diseñado para uso doméstico, empresarial o profesional.",3260.0,145,Proveedor 23,Disponible
2734,Cable USB TP-Link Ultra-323,Accesorios,TP-Link,Ultra-323,"Cable USB de TP-Link, modelo Ultra-323, diseñado para uso doméstico, empresarial o profesional.",3657.31,32,Proveedor 06,Disponible
2735,Mouse pad Epson Ultra-105,Accesorios,Epson,Ultra-105,"Mouse pad de Epson, modelo Ultra-105, diseñado para uso doméstico, empresarial o profesional.",3422.99,69,Proveedor 19,Disponible
2736,Cargador Brother Max-343,Accesorios,Brother,Max-343,"Cargador de Brother, modelo Max-343, diseñado para uso doméstico, empresarial o profesional.",343.89,54,Proveedor 20,Disponible
2737,Soporte para monitor Acer Enterprise-640,Accesorios,Acer,Enterprise-640,"Soporte para monitor de Acer, modelo Enterprise-640, diseñado para uso doméstico, empresarial o profesional.",1498.9,34,Proveedor 13,Disponible
2738,Soporte para celular Ubiquiti Max-394,Accesorios,Ubiquiti,Max-394,"Soporte para celular de Ubiquiti, modelo Max-394, diseñado para uso doméstico, empresarial o profesional.",1383.33,31,Proveedor 23,Disponible
2739,Soporte para monitor Logitech Business-719,Accesorios,Logitech,Business-719,"Soporte para monitor de Logitech, modelo Business-719, diseñado para uso doméstico, empresarial o profesional.",2513.5,29,Proveedor 13,Disponible
2740,Soporte para celular Acer Business-359,Accesorios,Acer,Business-359,"Soporte para celular de Acer, modelo Business-359, diseñado para uso doméstico, empresarial o profesional.",3471.93,147,Proveedor 06,Disponible
2741,Soporte para celular HP Business-354,Accesorios,HP,Business-354,"Soporte para celular de HP, modelo Business-354, diseñado para uso doméstico, empresarial o profesional.",705.62,10,Proveedor 08,Disponible
2742,Cargador Cisco Business-173,Accesorios,Cisco,Business-173,"Cargador de Cisco, modelo Business-173, diseñado para uso doméstico, empresarial o profesional.",3436.14,34,Proveedor 07,Disponible
2743,Hub USB HP Max-102,Accesorios,HP,Max-102,"Hub USB de HP, modelo Max-102, diseñado para uso doméstico, empresarial o profesional.",3276.67,28,Proveedor 23,Disponible
2744,Cable HDMI Ubiquiti Basic-449,Accesorios,Ubiquiti,Basic-449,"Cable HDMI de Ubiquiti, modelo Basic-449, diseñado para uso doméstico, empresarial o profesional.",1071.35,36,Proveedor 05,Disponible
2745,Cable USB LG Plus-520,Accesorios,LG,Plus-520,"Cable USB de LG, modelo Plus-520, diseñado para uso doméstico, empresarial o profesional.",1924.69,132,Proveedor 22,Disponible
2746,Hub USB Hikvision Business-306,Accesorios,Hikvision,Business-306,"Hub USB de Hikvision, modelo Business-306, diseñado para uso doméstico, empresarial o profesional.",4295.89,37,Proveedor 07,Disponible
2747,Soporte para monitor LG Pro-990,Accesorios,LG,Pro-990,"Soporte para monitor de LG, modelo Pro-990, diseñado para uso doméstico, empresarial o profesional.",3345.99,62,Proveedor 16,Disponible
2748,Mochila para laptop Logitech Ultra-150,Accesorios,Logitech,Ultra-150,"Mochila para laptop de Logitech, modelo Ultra-150, diseñado para uso doméstico, empresarial o profesional.",1297.95,110,Proveedor 15,Disponible
2749,Adaptador USB-C Cisco Enterprise-953,Accesorios,Cisco,Enterprise-953,"Adaptador USB-C de Cisco, modelo Enterprise-953, diseñado para uso doméstico, empresarial o profesional.",344.98,117,Proveedor 17,Disponible
2750,Hub USB Acer Ultra-213,Accesorios,Acer,Ultra-213,"Hub USB de Acer, modelo Ultra-213, diseñado para uso doméstico, empresarial o profesional.",4412.47,36,Proveedor 10,Disponible
2751,Hub USB ASUS Ultra-887,Accesorios,ASUS,Ultra-887,"Hub USB de ASUS, modelo Ultra-887, diseñado para uso doméstico, empresarial o profesional.",118.15,135,Proveedor 03,Disponible
2752,Soporte para celular Hikvision Plus-410,Accesorios,Hikvision,Plus-410,"Soporte para celular de Hikvision, modelo Plus-410, diseñado para uso doméstico, empresarial o profesional.",3239.04,115,Proveedor 07,Disponible
2753,Hub USB Brother Ultra-376,Accesorios,Brother,Ultra-376,"Hub USB de Brother, modelo Ultra-376, diseñado para uso doméstico, empresarial o profesional.",844.27,56,Proveedor 15,Disponible
2754,Adaptador USB-C TP-Link Enterprise-340,Accesorios,TP-Link,Enterprise-340,"Adaptador USB-C de TP-Link, modelo Enterprise-340, diseñado para uso doméstico, empresarial o profesional.",3243.84,98,Proveedor 08,Disponible
2755,Mouse pad APC Business-248,Accesorios,APC,Business-248,"Mouse pad de APC, modelo Business-248, diseñado para uso doméstico, empresarial o profesional.",593.63,94,Proveedor 17,Disponible
2756,Hub USB HP Plus-982,Accesorios,HP,Plus-982,"Hub USB de HP, modelo Plus-982, diseñado para uso doméstico, empresarial o profesional.",3308.55,79,Proveedor 24,Disponible
2757,Soporte para monitor TP-Link Basic-680,Accesorios,TP-Link,Basic-680,"Soporte para monitor de TP-Link, modelo Basic-680, diseñado para uso doméstico, empresarial o profesional.",4787.91,27,Proveedor 08,Disponible
2758,Hub USB Logitech Enterprise-350,Accesorios,Logitech,Enterprise-350,"Hub USB de Logitech, modelo Enterprise-350, diseñado para uso doméstico, empresarial o profesional.",3800.8,142,Proveedor 20,Disponible
2759,Soporte para celular APC Pro-742,Accesorios,APC,Pro-742,"Soporte para celular de APC, modelo Pro-742, diseñado para uso doméstico, empresarial o profesional.",2510.33,135,Proveedor 01,Disponible
2760,Adaptador USB-C TP-Link Plus-886,Accesorios,TP-Link,Plus-886,"Adaptador USB-C de TP-Link, modelo Plus-886, diseñado para uso doméstico, empresarial o profesional.",3463.71,141,Proveedor 14,Disponible
2761,Soporte para celular Samsung Basic-592,Accesorios,Samsung,Basic-592,"Soporte para celular de Samsung, modelo Basic-592, diseñado para uso doméstico, empresarial o profesional.",1007.42,27,Proveedor 24,Disponible
2762,Hub USB Ubiquiti Plus-812,Accesorios,Ubiquiti,Plus-812,"Hub USB de Ubiquiti, modelo Plus-812, diseñado para uso doméstico, empresarial o profesional.",4032.74,150,Proveedor 07,Disponible
2763,Soporte para monitor AMD Max-677,Accesorios,AMD,Max-677,"Soporte para monitor de AMD, modelo Max-677, diseñado para uso doméstico, empresarial o profesional.",1816.59,97,Proveedor 16,Disponible
2764,Soporte para celular Acer Pro-432,Accesorios,Acer,Pro-432,"Soporte para celular de Acer, modelo Pro-432, diseñado para uso doméstico, empresarial o profesional.",276.73,86,Proveedor 12,Disponible
2765,Mochila para laptop Epson Max-441,Accesorios,Epson,Max-441,"Mochila para laptop de Epson, modelo Max-441, diseñado para uso doméstico, empresarial o profesional.",2491.1,110,Proveedor 18,Disponible
2766,Cable HDMI Dell Basic-678,Accesorios,Dell,Basic-678,"Cable HDMI de Dell, modelo Basic-678, diseñado para uso doméstico, empresarial o profesional.",4484.83,59,Proveedor 14,Disponible
2767,Cable HDMI Acer Ultra-522,Accesorios,Acer,Ultra-522,"Cable HDMI de Acer, modelo Ultra-522, diseñado para uso doméstico, empresarial o profesional.",2698.15,18,Proveedor 04,Disponible
2768,Mouse pad Hikvision Business-238,Accesorios,Hikvision,Business-238,"Mouse pad de Hikvision, modelo Business-238, diseñado para uso doméstico, empresarial o profesional.",1142.62,54,Proveedor 07,Disponible
2769,Regleta HP Basic-362,Accesorios,HP,Basic-362,"Regleta de HP, modelo Basic-362, diseñado para uso doméstico, empresarial o profesional.",107.9,150,Proveedor 14,Disponible
2770,Cable USB Logitech Business-702,Accesorios,Logitech,Business-702,"Cable USB de Logitech, modelo Business-702, diseñado para uso doméstico, empresarial o profesional.",4454.52,53,Proveedor 03,Disponible
2771,Regleta Epson Max-221,Accesorios,Epson,Max-221,"Regleta de Epson, modelo Max-221, diseñado para uso doméstico, empresarial o profesional.",512.88,64,Proveedor 20,Disponible
2772,Mouse pad Epson Basic-587,Accesorios,Epson,Basic-587,"Mouse pad de Epson, modelo Basic-587, diseñado para uso doméstico, empresarial o profesional.",3460.53,138,Proveedor 06,Disponible
2773,Cable HDMI Brother Enterprise-321,Accesorios,Brother,Enterprise-321,"Cable HDMI de Brother, modelo Enterprise-321, diseñado para uso doméstico, empresarial o profesional.",3988.83,84,Proveedor 04,Disponible
2774,Cable USB APC Max-334,Accesorios,APC,Max-334,"Cable USB de APC, modelo Max-334, diseñado para uso doméstico, empresarial o profesional.",4627.81,71,Proveedor 01,Disponible
2775,Soporte para monitor LG Plus-871,Accesorios,LG,Plus-871,"Soporte para monitor de LG, modelo Plus-871, diseñado para uso doméstico, empresarial o profesional.",2289.16,42,Proveedor 01,Disponible
2776,Cable USB Intel Basic-783,Accesorios,Intel,Basic-783,"Cable USB de Intel, modelo Basic-783, diseñado para uso doméstico, empresarial o profesional.",1412.53,44,Proveedor 06,Disponible
2777,Cargador Cisco Business-283,Accesorios,Cisco,Business-283,"Cargador de Cisco, modelo Business-283, diseñado para uso doméstico, empresarial o profesional.",1019.49,53,Proveedor 07,Disponible
2778,Adaptador USB-C Kingston Ultra-162,Accesorios,Kingston,Ultra-162,"Adaptador USB-C de Kingston, modelo Ultra-162, diseñado para uso doméstico, empresarial o profesional.",3325.22,57,Proveedor 20,Disponible
2779,Adaptador USB-C Cisco Basic-843,Accesorios,Cisco,Basic-843,"Adaptador USB-C de Cisco, modelo Basic-843, diseñado para uso doméstico, empresarial o profesional.",4565.59,52,Proveedor 12,Disponible
2780,Hub USB Ubiquiti Pro-804,Accesorios,Ubiquiti,Pro-804,"Hub USB de Ubiquiti, modelo Pro-804, diseñado para uso doméstico, empresarial o profesional.",363.18,40,Proveedor 16,Disponible
2781,Soporte para monitor TP-Link Pro-483,Accesorios,TP-Link,Pro-483,"Soporte para monitor de TP-Link, modelo Pro-483, diseñado para uso doméstico, empresarial o profesional.",223.89,44,Proveedor 22,Disponible
2782,Soporte para monitor HP Basic-882,Accesorios,HP,Basic-882,"Soporte para monitor de HP, modelo Basic-882, diseñado para uso doméstico, empresarial o profesional.",829.79,18,Proveedor 05,Disponible
2783,Soporte para monitor HP Ultra-334,Accesorios,HP,Ultra-334,"Soporte para monitor de HP, modelo Ultra-334, diseñado para uso doméstico, empresarial o profesional.",3513.45,42,Proveedor 09,Disponible
2784,Mouse pad Tripp Lite Business-643,Accesorios,Tripp Lite,Business-643,"Mouse pad de Tripp Lite, modelo Business-643, diseñado para uso doméstico, empresarial o profesional.",4752.34,149,Proveedor 11,Disponible
2785,Mochila para laptop ASUS Enterprise-708,Accesorios,ASUS,Enterprise-708,"Mochila para laptop de ASUS, modelo Enterprise-708, diseñado para uso doméstico, empresarial o profesional.",2687.6,145,Proveedor 07,Disponible
2786,Mochila para laptop Ubiquiti Pro-725,Accesorios,Ubiquiti,Pro-725,"Mochila para laptop de Ubiquiti, modelo Pro-725, diseñado para uso doméstico, empresarial o profesional.",4191.62,113,Proveedor 09,Disponible
2787,Regleta Logitech Max-319,Accesorios,Logitech,Max-319,"Regleta de Logitech, modelo Max-319, diseñado para uso doméstico, empresarial o profesional.",4634.75,5,Proveedor 07,Disponible
2788,Soporte para monitor Kingston Ultra-891,Accesorios,Kingston,Ultra-891,"Soporte para monitor de Kingston, modelo Ultra-891, diseñado para uso doméstico, empresarial o profesional.",2700.47,23,Proveedor 19,Disponible
2789,Cable USB Lenovo Basic-335,Accesorios,Lenovo,Basic-335,"Cable USB de Lenovo, modelo Basic-335, diseñado para uso doméstico, empresarial o profesional.",3698.17,136,Proveedor 04,Disponible
2790,Mouse pad Brother Ultra-765,Accesorios,Brother,Ultra-765,"Mouse pad de Brother, modelo Ultra-765, diseñado para uso doméstico, empresarial o profesional.",2924.28,34,Proveedor 02,Disponible
2791,Mouse pad ASUS Max-996,Accesorios,ASUS,Max-996,"Mouse pad de ASUS, modelo Max-996, diseñado para uso doméstico, empresarial o profesional.",1197.41,32,Proveedor 08,Disponible
2792,Cable HDMI APC Enterprise-721,Accesorios,APC,Enterprise-721,"Cable HDMI de APC, modelo Enterprise-721, diseñado para uso doméstico, empresarial o profesional.",2741.17,18,Proveedor 08,Disponible
2793,Mouse pad Tripp Lite Basic-447,Accesorios,Tripp Lite,Basic-447,"Mouse pad de Tripp Lite, modelo Basic-447, diseñado para uso doméstico, empresarial o profesional.",2649.13,23,Proveedor 09,Disponible
2794,Hub USB Samsung Max-239,Accesorios,Samsung,Max-239,"Hub USB de Samsung, modelo Max-239, diseñado para uso doméstico, empresarial o profesional.",4149.15,11,Proveedor 14,Disponible
2795,Mochila para laptop Acer Pro-922,Accesorios,Acer,Pro-922,"Mochila para laptop de Acer, modelo Pro-922, diseñado para uso doméstico, empresarial o profesional.",3960.64,22,Proveedor 17,Disponible
2796,Adaptador USB-C AMD Ultra-173,Accesorios,AMD,Ultra-173,"Adaptador USB-C de AMD, modelo Ultra-173, diseñado para uso doméstico, empresarial o profesional.",2139.51,139,Proveedor 03,Disponible
2797,Regleta Hikvision Pro-797,Accesorios,Hikvision,Pro-797,"Regleta de Hikvision, modelo Pro-797, diseñado para uso doméstico, empresarial o profesional.",1417.74,86,Proveedor 01,Disponible
2798,Cable HDMI TP-Link Enterprise-127,Accesorios,TP-Link,Enterprise-127,"Cable HDMI de TP-Link, modelo Enterprise-127, diseñado para uso doméstico, empresarial o profesional.",3887.76,6,Proveedor 24,Disponible
2799,Cable HDMI Dell Plus-268,Accesorios,Dell,Plus-268,"Cable HDMI de Dell, modelo Plus-268, diseñado para uso doméstico, empresarial o profesional.",3799.91,149,Proveedor 03,Disponible
2800,Cable USB Acer Ultra-924,Accesorios,Acer,Ultra-924,"Cable USB de Acer, modelo Ultra-924, diseñado para uso doméstico, empresarial o profesional.",536.39,137,Proveedor 21,Disponible
2801,Regleta Cisco Enterprise-745,Accesorios,Cisco,Enterprise-745,"Regleta de Cisco, modelo Enterprise-745, diseñado para uso doméstico, empresarial o profesional.",3754.94,6,Proveedor 24,Disponible
2802,Adaptador USB-C LG Plus-488,Accesorios,LG,Plus-488,"Adaptador USB-C de LG, modelo Plus-488, diseñado para uso doméstico, empresarial o profesional.",3377.28,129,Proveedor 21,Disponible
2803,Hub USB Kingston Plus-263,Accesorios,Kingston,Plus-263,"Hub USB de Kingston, modelo Plus-263, diseñado para uso doméstico, empresarial o profesional.",470.95,37,Proveedor 20,Disponible
2804,Soporte para celular Tripp Lite Ultra-394,Accesorios,Tripp Lite,Ultra-394,"Soporte para celular de Tripp Lite, modelo Ultra-394, diseñado para uso doméstico, empresarial o profesional.",2481.14,19,Proveedor 05,Disponible
2805,Adaptador USB-C Kingston Max-736,Accesorios,Kingston,Max-736,"Adaptador USB-C de Kingston, modelo Max-736, diseñado para uso doméstico, empresarial o profesional.",3952.13,80,Proveedor 13,Disponible
2806,Mochila para laptop Cisco Max-545,Accesorios,Cisco,Max-545,"Mochila para laptop de Cisco, modelo Max-545, diseñado para uso doméstico, empresarial o profesional.",2363.2,11,Proveedor 20,Disponible
2807,Cable HDMI TP-Link Business-367,Accesorios,TP-Link,Business-367,"Cable HDMI de TP-Link, modelo Business-367, diseñado para uso doméstico, empresarial o profesional.",4434.67,96,Proveedor 12,Disponible
2808,Regleta Dell Plus-841,Accesorios,Dell,Plus-841,"Regleta de Dell, modelo Plus-841, diseñado para uso doméstico, empresarial o profesional.",2603.66,135,Proveedor 05,Disponible
2809,Soporte para monitor Huawei Max-225,Accesorios,Huawei,Max-225,"Soporte para monitor de Huawei, modelo Max-225, diseñado para uso doméstico, empresarial o profesional.",1217.22,38,Proveedor 09,Disponible
2810,Mouse pad Epson Plus-478,Accesorios,Epson,Plus-478,"Mouse pad de Epson, modelo Plus-478, diseñado para uso doméstico, empresarial o profesional.",3323.55,93,Proveedor 10,Disponible
2811,Adaptador USB-C Intel Ultra-847,Accesorios,Intel,Ultra-847,"Adaptador USB-C de Intel, modelo Ultra-847, diseñado para uso doméstico, empresarial o profesional.",257.27,10,Proveedor 21,Disponible
2812,Mochila para laptop Cisco Ultra-312,Accesorios,Cisco,Ultra-312,"Mochila para laptop de Cisco, modelo Ultra-312, diseñado para uso doméstico, empresarial o profesional.",1239.93,142,Proveedor 15,Disponible
2813,Soporte para celular LG Enterprise-117,Accesorios,LG,Enterprise-117,"Soporte para celular de LG, modelo Enterprise-117, diseñado para uso doméstico, empresarial o profesional.",3873.21,134,Proveedor 06,Disponible
2814,Adaptador USB-C Dell Basic-374,Accesorios,Dell,Basic-374,"Adaptador USB-C de Dell, modelo Basic-374, diseñado para uso doméstico, empresarial o profesional.",4019.87,31,Proveedor 13,Disponible
2815,Hub USB APC Basic-669,Accesorios,APC,Basic-669,"Hub USB de APC, modelo Basic-669, diseñado para uso doméstico, empresarial o profesional.",4580.41,1,Proveedor 09,Disponible
2816,Hub USB ASUS Max-585,Accesorios,ASUS,Max-585,"Hub USB de ASUS, modelo Max-585, diseñado para uso doméstico, empresarial o profesional.",2517.31,63,Proveedor 17,Disponible
2817,Cargador Huawei Business-882,Accesorios,Huawei,Business-882,"Cargador de Huawei, modelo Business-882, diseñado para uso doméstico, empresarial o profesional.",979.04,16,Proveedor 13,Disponible
2818,Hub USB Epson Pro-789,Accesorios,Epson,Pro-789,"Hub USB de Epson, modelo Pro-789, diseñado para uso doméstico, empresarial o profesional.",374.38,102,Proveedor 20,Disponible
2819,Hub USB ASUS Max-685,Accesorios,ASUS,Max-685,"Hub USB de ASUS, modelo Max-685, diseñado para uso doméstico, empresarial o profesional.",3243.67,78,Proveedor 14,Disponible
2820,Hub USB ASUS Basic-348,Accesorios,ASUS,Basic-348,"Hub USB de ASUS, modelo Basic-348, diseñado para uso doméstico, empresarial o profesional.",4403.26,33,Proveedor 12,Disponible
2821,Mouse pad Ubiquiti Pro-206,Accesorios,Ubiquiti,Pro-206,"Mouse pad de Ubiquiti, modelo Pro-206, diseñado para uso doméstico, empresarial o profesional.",1582.45,64,Proveedor 03,Disponible
2822,Mochila para laptop Cisco Enterprise-499,Accesorios,Cisco,Enterprise-499,"Mochila para laptop de Cisco, modelo Enterprise-499, diseñado para uso doméstico, empresarial o profesional.",1493.55,99,Proveedor 06,Disponible
2823,Regleta LG Enterprise-397,Accesorios,LG,Enterprise-397,"Regleta de LG, modelo Enterprise-397, diseñado para uso doméstico, empresarial o profesional.",4338.05,10,Proveedor 06,Disponible
2824,Soporte para monitor Epson Business-791,Accesorios,Epson,Business-791,"Soporte para monitor de Epson, modelo Business-791, diseñado para uso doméstico, empresarial o profesional.",1876.79,139,Proveedor 22,Disponible
2825,Adaptador USB-C Kingston Pro-986,Accesorios,Kingston,Pro-986,"Adaptador USB-C de Kingston, modelo Pro-986, diseñado para uso doméstico, empresarial o profesional.",4561.59,5,Proveedor 22,Disponible
2826,Cable USB Brother Ultra-415,Accesorios,Brother,Ultra-415,"Cable USB de Brother, modelo Ultra-415, diseñado para uso doméstico, empresarial o profesional.",2085.4,71,Proveedor 10,Disponible
2827,Mouse pad Intel Enterprise-643,Accesorios,Intel,Enterprise-643,"Mouse pad de Intel, modelo Enterprise-643, diseñado para uso doméstico, empresarial o profesional.",2550.82,5,Proveedor 25,Disponible
2828,Cargador HP Plus-347,Accesorios,HP,Plus-347,"Cargador de HP, modelo Plus-347, diseñado para uso doméstico, empresarial o profesional.",2802.65,128,Proveedor 17,Disponible
2829,Adaptador USB-C Logitech Plus-842,Accesorios,Logitech,Plus-842,"Adaptador USB-C de Logitech, modelo Plus-842, diseñado para uso doméstico, empresarial o profesional.",4863.76,119,Proveedor 20,Disponible
2830,Cable HDMI Samsung Basic-396,Accesorios,Samsung,Basic-396,"Cable HDMI de Samsung, modelo Basic-396, diseñado para uso doméstico, empresarial o profesional.",3449.8,14,Proveedor 10,Disponible
2831,Cargador Acer Pro-313,Accesorios,Acer,Pro-313,"Cargador de Acer, modelo Pro-313, diseñado para uso doméstico, empresarial o profesional.",4850.17,90,Proveedor 07,Disponible
2832,Mouse pad Logitech Max-422,Accesorios,Logitech,Max-422,"Mouse pad de Logitech, modelo Max-422, diseñado para uso doméstico, empresarial o profesional.",4423.23,31,Proveedor 13,Disponible
2833,Cargador Lenovo Enterprise-204,Accesorios,Lenovo,Enterprise-204,"Cargador de Lenovo, modelo Enterprise-204, diseñado para uso doméstico, empresarial o profesional.",495.79,116,Proveedor 17,Disponible
2834,Mochila para laptop HP Max-149,Accesorios,HP,Max-149,"Mochila para laptop de HP, modelo Max-149, diseñado para uso doméstico, empresarial o profesional.",3051.96,50,Proveedor 08,Disponible
2835,Soporte para celular Dell Business-795,Accesorios,Dell,Business-795,"Soporte para celular de Dell, modelo Business-795, diseñado para uso doméstico, empresarial o profesional.",1030.05,55,Proveedor 05,Disponible
2836,Soporte para monitor Samsung Pro-140,Accesorios,Samsung,Pro-140,"Soporte para monitor de Samsung, modelo Pro-140, diseñado para uso doméstico, empresarial o profesional.",4417.79,8,Proveedor 24,Disponible
2837,Cable USB Dell Enterprise-726,Accesorios,Dell,Enterprise-726,"Cable USB de Dell, modelo Enterprise-726, diseñado para uso doméstico, empresarial o profesional.",3818.7,127,Proveedor 25,Disponible
2838,Regleta Huawei Basic-572,Accesorios,Huawei,Basic-572,"Regleta de Huawei, modelo Basic-572, diseñado para uso doméstico, empresarial o profesional.",4805.66,104,Proveedor 25,Disponible
2839,Mouse pad APC Basic-110,Accesorios,APC,Basic-110,"Mouse pad de APC, modelo Basic-110, diseñado para uso doméstico, empresarial o profesional.",4561.98,53,Proveedor 01,Disponible
2840,Cable HDMI Intel Basic-442,Accesorios,Intel,Basic-442,"Cable HDMI de Intel, modelo Basic-442, diseñado para uso doméstico, empresarial o profesional.",3904.23,28,Proveedor 18,Disponible
2841,Adaptador USB-C AMD Max-113,Accesorios,AMD,Max-113,"Adaptador USB-C de AMD, modelo Max-113, diseñado para uso doméstico, empresarial o profesional.",1259.71,96,Proveedor 11,Disponible
2842,Mochila para laptop Brother Plus-846,Accesorios,Brother,Plus-846,"Mochila para laptop de Brother, modelo Plus-846, diseñado para uso doméstico, empresarial o profesional.",1454.06,30,Proveedor 24,Disponible
2843,Soporte para monitor TP-Link Max-796,Accesorios,TP-Link,Max-796,"Soporte para monitor de TP-Link, modelo Max-796, diseñado para uso doméstico, empresarial o profesional.",1107.82,94,Proveedor 20,Disponible
2844,Regleta Lenovo Basic-178,Accesorios,Lenovo,Basic-178,"Regleta de Lenovo, modelo Basic-178, diseñado para uso doméstico, empresarial o profesional.",1590.58,18,Proveedor 04,Disponible
2845,Mouse pad Intel Plus-211,Accesorios,Intel,Plus-211,"Mouse pad de Intel, modelo Plus-211, diseñado para uso doméstico, empresarial o profesional.",2719.19,57,Proveedor 08,Disponible
2846,Soporte para monitor APC Ultra-451,Accesorios,APC,Ultra-451,"Soporte para monitor de APC, modelo Ultra-451, diseñado para uso doméstico, empresarial o profesional.",4198.42,150,Proveedor 05,Disponible
2847,Soporte para monitor Acer Pro-934,Accesorios,Acer,Pro-934,"Soporte para monitor de Acer, modelo Pro-934, diseñado para uso doméstico, empresarial o profesional.",3628.62,55,Proveedor 20,Disponible
2848,Soporte para celular APC Pro-175,Accesorios,APC,Pro-175,"Soporte para celular de APC, modelo Pro-175, diseñado para uso doméstico, empresarial o profesional.",1238.7,70,Proveedor 11,Disponible
2849,Regleta Ubiquiti Basic-194,Accesorios,Ubiquiti,Basic-194,"Regleta de Ubiquiti, modelo Basic-194, diseñado para uso doméstico, empresarial o profesional.",1312.98,9,Proveedor 23,Disponible
2850,Hub USB Lenovo Max-648,Accesorios,Lenovo,Max-648,"Hub USB de Lenovo, modelo Max-648, diseñado para uso doméstico, empresarial o profesional.",2065.88,10,Proveedor 12,Disponible
2851,Cable HDMI Samsung Pro-604,Accesorios,Samsung,Pro-604,"Cable HDMI de Samsung, modelo Pro-604, diseñado para uso doméstico, empresarial o profesional.",4681.18,109,Proveedor 14,Disponible
2852,Cable HDMI APC Business-198,Accesorios,APC,Business-198,"Cable HDMI de APC, modelo Business-198, diseñado para uso doméstico, empresarial o profesional.",626.74,32,Proveedor 14,Disponible
2853,Cable HDMI Cisco Pro-995,Accesorios,Cisco,Pro-995,"Cable HDMI de Cisco, modelo Pro-995, diseñado para uso doméstico, empresarial o profesional.",4951.78,133,Proveedor 07,Disponible
2854,Regleta Huawei Ultra-722,Accesorios,Huawei,Ultra-722,"Regleta de Huawei, modelo Ultra-722, diseñado para uso doméstico, empresarial o profesional.",487.48,6,Proveedor 13,Disponible
2855,Adaptador USB-C Hikvision Basic-428,Accesorios,Hikvision,Basic-428,"Adaptador USB-C de Hikvision, modelo Basic-428, diseñado para uso doméstico, empresarial o profesional.",4704.53,54,Proveedor 04,Disponible
2856,Adaptador USB-C Acer Plus-448,Accesorios,Acer,Plus-448,"Adaptador USB-C de Acer, modelo Plus-448, diseñado para uso doméstico, empresarial o profesional.",1811.19,110,Proveedor 17,Disponible
2857,Mouse pad ASUS Ultra-685,Accesorios,ASUS,Ultra-685,"Mouse pad de ASUS, modelo Ultra-685, diseñado para uso doméstico, empresarial o profesional.",588.43,124,Proveedor 14,Disponible
2858,Mouse pad Lenovo Max-315,Accesorios,Lenovo,Max-315,"Mouse pad de Lenovo, modelo Max-315, diseñado para uso doméstico, empresarial o profesional.",4920.4,67,Proveedor 10,Disponible
2859,Cable HDMI HP Pro-411,Accesorios,HP,Pro-411,"Cable HDMI de HP, modelo Pro-411, diseñado para uso doméstico, empresarial o profesional.",4486.98,1,Proveedor 17,Disponible
2860,Mochila para laptop Acer Plus-405,Accesorios,Acer,Plus-405,"Mochila para laptop de Acer, modelo Plus-405, diseñado para uso doméstico, empresarial o profesional.",1225.26,140,Proveedor 24,Disponible
2861,Mouse pad Lenovo Ultra-147,Accesorios,Lenovo,Ultra-147,"Mouse pad de Lenovo, modelo Ultra-147, diseñado para uso doméstico, empresarial o profesional.",1099.21,95,Proveedor 20,Disponible
2862,Cable USB Cisco Basic-783,Accesorios,Cisco,Basic-783,"Cable USB de Cisco, modelo Basic-783, diseñado para uso doméstico, empresarial o profesional.",1884.29,4,Proveedor 20,Disponible
2863,Cable HDMI APC Plus-678,Accesorios,APC,Plus-678,"Cable HDMI de APC, modelo Plus-678, diseñado para uso doméstico, empresarial o profesional.",2925.18,16,Proveedor 10,Disponible
2864,Hub USB Intel Pro-116,Accesorios,Intel,Pro-116,"Hub USB de Intel, modelo Pro-116, diseñado para uso doméstico, empresarial o profesional.",3587.53,115,Proveedor 09,Disponible
2865,Soporte para celular ASUS Ultra-874,Accesorios,ASUS,Ultra-874,"Soporte para celular de ASUS, modelo Ultra-874, diseñado para uso doméstico, empresarial o profesional.",3009.36,146,Proveedor 20,Disponible
2866,Soporte para monitor AMD Max-927,Accesorios,AMD,Max-927,"Soporte para monitor de AMD, modelo Max-927, diseñado para uso doméstico, empresarial o profesional.",1910.55,75,Proveedor 18,Disponible
2867,Soporte para celular AMD Business-847,Accesorios,AMD,Business-847,"Soporte para celular de AMD, modelo Business-847, diseñado para uso doméstico, empresarial o profesional.",3395.75,116,Proveedor 03,Disponible
2868,Mouse pad Kingston Pro-648,Accesorios,Kingston,Pro-648,"Mouse pad de Kingston, modelo Pro-648, diseñado para uso doméstico, empresarial o profesional.",3928.48,148,Proveedor 13,Disponible
2869,Soporte para celular Epson Pro-438,Accesorios,Epson,Pro-438,"Soporte para celular de Epson, modelo Pro-438, diseñado para uso doméstico, empresarial o profesional.",2848.43,75,Proveedor 01,Disponible
2870,Mouse pad Kingston Max-733,Accesorios,Kingston,Max-733,"Mouse pad de Kingston, modelo Max-733, diseñado para uso doméstico, empresarial o profesional.",3971.88,49,Proveedor 06,Disponible
2871,Cargador HP Pro-959,Accesorios,HP,Pro-959,"Cargador de HP, modelo Pro-959, diseñado para uso doméstico, empresarial o profesional.",3912.66,57,Proveedor 10,Disponible
2872,Adaptador USB-C Ubiquiti Ultra-677,Accesorios,Ubiquiti,Ultra-677,"Adaptador USB-C de Ubiquiti, modelo Ultra-677, diseñado para uso doméstico, empresarial o profesional.",2821.25,14,Proveedor 14,Disponible
2873,Soporte para celular TP-Link Max-584,Accesorios,TP-Link,Max-584,"Soporte para celular de TP-Link, modelo Max-584, diseñado para uso doméstico, empresarial o profesional.",817.25,30,Proveedor 15,Disponible
2874,Soporte para monitor TP-Link Business-552,Accesorios,TP-Link,Business-552,"Soporte para monitor de TP-Link, modelo Business-552, diseñado para uso doméstico, empresarial o profesional.",910.88,55,Proveedor 10,Disponible
2875,Mouse pad Epson Max-721,Accesorios,Epson,Max-721,"Mouse pad de Epson, modelo Max-721, diseñado para uso doméstico, empresarial o profesional.",1140.97,92,Proveedor 21,Disponible
2876,Cargador APC Pro-773,Accesorios,APC,Pro-773,"Cargador de APC, modelo Pro-773, diseñado para uso doméstico, empresarial o profesional.",4490.48,4,Proveedor 10,Disponible
2877,Cable HDMI LG Ultra-779,Accesorios,LG,Ultra-779,"Cable HDMI de LG, modelo Ultra-779, diseñado para uso doméstico, empresarial o profesional.",633.14,36,Proveedor 23,Disponible
2878,Soporte para celular AMD Ultra-449,Accesorios,AMD,Ultra-449,"Soporte para celular de AMD, modelo Ultra-449, diseñado para uso doméstico, empresarial o profesional.",198.2,37,Proveedor 13,Disponible
2879,Soporte para celular LG Max-792,Accesorios,LG,Max-792,"Soporte para celular de LG, modelo Max-792, diseñado para uso doméstico, empresarial o profesional.",775.73,68,Proveedor 03,Disponible
2880,Mouse pad Huawei Max-487,Accesorios,Huawei,Max-487,"Mouse pad de Huawei, modelo Max-487, diseñado para uso doméstico, empresarial o profesional.",1756.35,18,Proveedor 07,Disponible
2881,Cable HDMI Tripp Lite Ultra-928,Accesorios,Tripp Lite,Ultra-928,"Cable HDMI de Tripp Lite, modelo Ultra-928, diseñado para uso doméstico, empresarial o profesional.",2158.47,37,Proveedor 25,Disponible
2882,Cargador APC Plus-685,Accesorios,APC,Plus-685,"Cargador de APC, modelo Plus-685, diseñado para uso doméstico, empresarial o profesional.",1717.42,30,Proveedor 09,Disponible
2883,Cargador Logitech Ultra-654,Accesorios,Logitech,Ultra-654,"Cargador de Logitech, modelo Ultra-654, diseñado para uso doméstico, empresarial o profesional.",787.31,150,Proveedor 25,Disponible
2884,Hub USB APC Plus-741,Accesorios,APC,Plus-741,"Hub USB de APC, modelo Plus-741, diseñado para uso doméstico, empresarial o profesional.",4500.02,7,Proveedor 06,Disponible
2885,Mochila para laptop Epson Basic-106,Accesorios,Epson,Basic-106,"Mochila para laptop de Epson, modelo Basic-106, diseñado para uso doméstico, empresarial o profesional.",3355.2,131,Proveedor 14,Disponible
2886,Soporte para celular Huawei Ultra-164,Accesorios,Huawei,Ultra-164,"Soporte para celular de Huawei, modelo Ultra-164, diseñado para uso doméstico, empresarial o profesional.",4992.3,29,Proveedor 25,Disponible
2887,Soporte para monitor APC Pro-176,Accesorios,APC,Pro-176,"Soporte para monitor de APC, modelo Pro-176, diseñado para uso doméstico, empresarial o profesional.",452.01,49,Proveedor 20,Disponible
2888,Regleta TP-Link Basic-167,Accesorios,TP-Link,Basic-167,"Regleta de TP-Link, modelo Basic-167, diseñado para uso doméstico, empresarial o profesional.",1907.2,14,Proveedor 20,Disponible
2889,Hub USB Dell Plus-744,Accesorios,Dell,Plus-744,"Hub USB de Dell, modelo Plus-744, diseñado para uso doméstico, empresarial o profesional.",3052.34,82,Proveedor 02,Disponible
2890,Mochila para laptop Ubiquiti Enterprise-281,Accesorios,Ubiquiti,Enterprise-281,"Mochila para laptop de Ubiquiti, modelo Enterprise-281, diseñado para uso doméstico, empresarial o profesional.",4321.35,133,Proveedor 07,Disponible
2891,Soporte para celular Hikvision Business-521,Accesorios,Hikvision,Business-521,"Soporte para celular de Hikvision, modelo Business-521, diseñado para uso doméstico, empresarial o profesional.",3153.54,12,Proveedor 24,Disponible
2892,Regleta Epson Business-386,Accesorios,Epson,Business-386,"Regleta de Epson, modelo Business-386, diseñado para uso doméstico, empresarial o profesional.",1387.1,126,Proveedor 15,Disponible
2893,Mochila para laptop AMD Plus-500,Accesorios,AMD,Plus-500,"Mochila para laptop de AMD, modelo Plus-500, diseñado para uso doméstico, empresarial o profesional.",853.45,114,Proveedor 05,Disponible
2894,Soporte para monitor Ubiquiti Business-233,Accesorios,Ubiquiti,Business-233,"Soporte para monitor de Ubiquiti, modelo Business-233, diseñado para uso doméstico, empresarial o profesional.",3001.74,88,Proveedor 01,Disponible
2895,Mouse pad Dell Business-993,Accesorios,Dell,Business-993,"Mouse pad de Dell, modelo Business-993, diseñado para uso doméstico, empresarial o profesional.",2485.87,121,Proveedor 13,Disponible
2896,Cable HDMI ASUS Max-816,Accesorios,ASUS,Max-816,"Cable HDMI de ASUS, modelo Max-816, diseñado para uso doméstico, empresarial o profesional.",4665.8,17,Proveedor 25,Disponible
2897,Hub USB TP-Link Ultra-636,Accesorios,TP-Link,Ultra-636,"Hub USB de TP-Link, modelo Ultra-636, diseñado para uso doméstico, empresarial o profesional.",3389.43,67,Proveedor 03,Disponible
2898,Cargador Acer Pro-564,Accesorios,Acer,Pro-564,"Cargador de Acer, modelo Pro-564, diseñado para uso doméstico, empresarial o profesional.",1198.96,33,Proveedor 11,Disponible
2899,Regleta ASUS Pro-453,Accesorios,ASUS,Pro-453,"Regleta de ASUS, modelo Pro-453, diseñado para uso doméstico, empresarial o profesional.",4583.31,102,Proveedor 04,Disponible
2900,Mochila para laptop Tripp Lite Basic-575,Accesorios,Tripp Lite,Basic-575,"Mochila para laptop de Tripp Lite, modelo Basic-575, diseñado para uso doméstico, empresarial o profesional.",102.67,42,Proveedor 22,Disponible
2901,Cable USB Dell Max-267,Accesorios,Dell,Max-267,"Cable USB de Dell, modelo Max-267, diseñado para uso doméstico, empresarial o profesional.",52.3,28,Proveedor 08,Disponible
2902,Soporte para monitor Epson Enterprise-625,Accesorios,Epson,Enterprise-625,"Soporte para monitor de Epson, modelo Enterprise-625, diseñado para uso doméstico, empresarial o profesional.",4898.74,81,Proveedor 05,Disponible
2903,Mochila para laptop Brother Max-687,Accesorios,Brother,Max-687,"Mochila para laptop de Brother, modelo Max-687, diseñado para uso doméstico, empresarial o profesional.",4883.34,96,Proveedor 04,Disponible
2904,Cargador Acer Ultra-176,Accesorios,Acer,Ultra-176,"Cargador de Acer, modelo Ultra-176, diseñado para uso doméstico, empresarial o profesional.",4462.43,139,Proveedor 10,Disponible
2905,Hub USB Logitech Max-150,Accesorios,Logitech,Max-150,"Hub USB de Logitech, modelo Max-150, diseñado para uso doméstico, empresarial o profesional.",3643.63,43,Proveedor 19,Disponible
2906,Regleta Cisco Pro-984,Accesorios,Cisco,Pro-984,"Regleta de Cisco, modelo Pro-984, diseñado para uso doméstico, empresarial o profesional.",2008.16,130,Proveedor 02,Disponible
2907,Cable USB Ubiquiti Plus-391,Accesorios,Ubiquiti,Plus-391,"Cable USB de Ubiquiti, modelo Plus-391, diseñado para uso doméstico, empresarial o profesional.",4974.9,60,Proveedor 15,Disponible
2908,Cargador Logitech Enterprise-204,Accesorios,Logitech,Enterprise-204,"Cargador de Logitech, modelo Enterprise-204, diseñado para uso doméstico, empresarial o profesional.",2021.88,136,Proveedor 04,Disponible
2909,Adaptador USB-C Hikvision Business-909,Accesorios,Hikvision,Business-909,"Adaptador USB-C de Hikvision, modelo Business-909, diseñado para uso doméstico, empresarial o profesional.",2523.31,131,Proveedor 06,Disponible
2910,Adaptador USB-C Dell Basic-953,Accesorios,Dell,Basic-953,"Adaptador USB-C de Dell, modelo Basic-953, diseñado para uso doméstico, empresarial o profesional.",849.31,23,Proveedor 16,Disponible
2911,Soporte para celular Tripp Lite Enterprise-286,Accesorios,Tripp Lite,Enterprise-286,"Soporte para celular de Tripp Lite, modelo Enterprise-286, diseñado para uso doméstico, empresarial o profesional.",556.57,49,Proveedor 09,Disponible
2912,Mouse pad Ubiquiti Pro-686,Accesorios,Ubiquiti,Pro-686,"Mouse pad de Ubiquiti, modelo Pro-686, diseñado para uso doméstico, empresarial o profesional.",2753.32,125,Proveedor 24,Disponible
2913,Soporte para celular Hikvision Pro-876,Accesorios,Hikvision,Pro-876,"Soporte para celular de Hikvision, modelo Pro-876, diseñado para uso doméstico, empresarial o profesional.",2158.8,59,Proveedor 18,Disponible
2914,Cargador HP Enterprise-627,Accesorios,HP,Enterprise-627,"Cargador de HP, modelo Enterprise-627, diseñado para uso doméstico, empresarial o profesional.",927.22,81,Proveedor 14,Disponible
2915,Cable HDMI Samsung Pro-686,Accesorios,Samsung,Pro-686,"Cable HDMI de Samsung, modelo Pro-686, diseñado para uso doméstico, empresarial o profesional.",3763.84,5,Proveedor 16,Disponible
2916,Soporte para celular Tripp Lite Business-751,Accesorios,Tripp Lite,Business-751,"Soporte para celular de Tripp Lite, modelo Business-751, diseñado para uso doméstico, empresarial o profesional.",2172.01,30,Proveedor 15,Disponible
2917,Mochila para laptop Cisco Ultra-981,Accesorios,Cisco,Ultra-981,"Mochila para laptop de Cisco, modelo Ultra-981, diseñado para uso doméstico, empresarial o profesional.",4694.06,60,Proveedor 13,Disponible
2918,Mouse pad Lenovo Enterprise-911,Accesorios,Lenovo,Enterprise-911,"Mouse pad de Lenovo, modelo Enterprise-911, diseñado para uso doméstico, empresarial o profesional.",126.54,0,Proveedor 13,Agotado
2919,Mouse pad Lenovo Basic-774,Accesorios,Lenovo,Basic-774,"Mouse pad de Lenovo, modelo Basic-774, diseñado para uso doméstico, empresarial o profesional.",4211.37,46,Proveedor 08,Disponible
2920,Regleta Samsung Business-263,Accesorios,Samsung,Business-263,"Regleta de Samsung, modelo Business-263, diseñado para uso doméstico, empresarial o profesional.",476.64,100,Proveedor 22,Disponible
2921,Regleta TP-Link Enterprise-443,Accesorios,TP-Link,Enterprise-443,"Regleta de TP-Link, modelo Enterprise-443, diseñado para uso doméstico, empresarial o profesional.",2718.42,114,Proveedor 04,Disponible
2922,Hub USB Huawei Max-253,Accesorios,Huawei,Max-253,"Hub USB de Huawei, modelo Max-253, diseñado para uso doméstico, empresarial o profesional.",3675.82,133,Proveedor 21,Disponible
2923,Adaptador USB-C Dell Max-242,Accesorios,Dell,Max-242,"Adaptador USB-C de Dell, modelo Max-242, diseñado para uso doméstico, empresarial o profesional.",1670.59,101,Proveedor 15,Disponible
2924,Soporte para celular Cisco Max-704,Accesorios,Cisco,Max-704,"Soporte para celular de Cisco, modelo Max-704, diseñado para uso doméstico, empresarial o profesional.",2694.58,68,Proveedor 08,Disponible
2925,Soporte para monitor AMD Max-654,Accesorios,AMD,Max-654,"Soporte para monitor de AMD, modelo Max-654, diseñado para uso doméstico, empresarial o profesional.",1479.58,139,Proveedor 01,Disponible
2926,Adaptador USB-C Lenovo Basic-971,Accesorios,Lenovo,Basic-971,"Adaptador USB-C de Lenovo, modelo Basic-971, diseñado para uso doméstico, empresarial o profesional.",1687.86,8,Proveedor 20,Disponible
2927,Cargador Tripp Lite Ultra-836,Accesorios,Tripp Lite,Ultra-836,"Cargador de Tripp Lite, modelo Ultra-836, diseñado para uso doméstico, empresarial o profesional.",3011.2,64,Proveedor 17,Disponible
2928,Hub USB Lenovo Plus-720,Accesorios,Lenovo,Plus-720,"Hub USB de Lenovo, modelo Plus-720, diseñado para uso doméstico, empresarial o profesional.",1721.72,131,Proveedor 18,Disponible
2929,Cable USB Dell Plus-455,Accesorios,Dell,Plus-455,"Cable USB de Dell, modelo Plus-455, diseñado para uso doméstico, empresarial o profesional.",2286.73,139,Proveedor 17,Disponible
2930,Mochila para laptop Cisco Business-770,Accesorios,Cisco,Business-770,"Mochila para laptop de Cisco, modelo Business-770, diseñado para uso doméstico, empresarial o profesional.",2234.96,91,Proveedor 06,Disponible
2931,Cargador Tripp Lite Ultra-558,Accesorios,Tripp Lite,Ultra-558,"Cargador de Tripp Lite, modelo Ultra-558, diseñado para uso doméstico, empresarial o profesional.",1982.96,50,Proveedor 18,Disponible
2932,Adaptador USB-C TP-Link Max-562,Accesorios,TP-Link,Max-562,"Adaptador USB-C de TP-Link, modelo Max-562, diseñado para uso doméstico, empresarial o profesional.",1410.76,19,Proveedor 20,Disponible
2933,Cable USB Hikvision Ultra-725,Accesorios,Hikvision,Ultra-725,"Cable USB de Hikvision, modelo Ultra-725, diseñado para uso doméstico, empresarial o profesional.",2684.38,98,Proveedor 18,Disponible
2934,Adaptador USB-C AMD Max-546,Accesorios,AMD,Max-546,"Adaptador USB-C de AMD, modelo Max-546, diseñado para uso doméstico, empresarial o profesional.",2553.74,39,Proveedor 05,Disponible
2935,Regleta APC Max-300,Accesorios,APC,Max-300,"Regleta de APC, modelo Max-300, diseñado para uso doméstico, empresarial o profesional.",2494.84,9,Proveedor 21,Disponible
2936,Mouse pad Samsung Business-636,Accesorios,Samsung,Business-636,"Mouse pad de Samsung, modelo Business-636, diseñado para uso doméstico, empresarial o profesional.",53.24,47,Proveedor 22,Disponible
2937,Cargador LG Basic-812,Accesorios,LG,Basic-812,"Cargador de LG, modelo Basic-812, diseñado para uso doméstico, empresarial o profesional.",1383.17,7,Proveedor 22,Disponible
2938,Regleta Huawei Ultra-845,Accesorios,Huawei,Ultra-845,"Regleta de Huawei, modelo Ultra-845, diseñado para uso doméstico, empresarial o profesional.",3116.72,116,Proveedor 19,Disponible
2939,Cable HDMI TP-Link Business-227,Accesorios,TP-Link,Business-227,"Cable HDMI de TP-Link, modelo Business-227, diseñado para uso doméstico, empresarial o profesional.",881.2,138,Proveedor 06,Disponible
2940,Regleta LG Plus-357,Accesorios,LG,Plus-357,"Regleta de LG, modelo Plus-357, diseñado para uso doméstico, empresarial o profesional.",953.65,134,Proveedor 13,Disponible
2941,Mochila para laptop Intel Ultra-300,Accesorios,Intel,Ultra-300,"Mochila para laptop de Intel, modelo Ultra-300, diseñado para uso doméstico, empresarial o profesional.",744.75,75,Proveedor 06,Disponible
2942,Cargador Lenovo Business-645,Accesorios,Lenovo,Business-645,"Cargador de Lenovo, modelo Business-645, diseñado para uso doméstico, empresarial o profesional.",3709.83,68,Proveedor 13,Disponible
2943,Cargador Acer Max-686,Accesorios,Acer,Max-686,"Cargador de Acer, modelo Max-686, diseñado para uso doméstico, empresarial o profesional.",4675.95,87,Proveedor 13,Disponible
2944,Adaptador USB-C Logitech Basic-800,Accesorios,Logitech,Basic-800,"Adaptador USB-C de Logitech, modelo Basic-800, diseñado para uso doméstico, empresarial o profesional.",3418.62,83,Proveedor 06,Disponible
2945,Mouse pad Samsung Business-594,Accesorios,Samsung,Business-594,"Mouse pad de Samsung, modelo Business-594, diseñado para uso doméstico, empresarial o profesional.",930.6,87,Proveedor 13,Disponible
2946,Adaptador USB-C Intel Pro-513,Accesorios,Intel,Pro-513,"Adaptador USB-C de Intel, modelo Pro-513, diseñado para uso doméstico, empresarial o profesional.",4733.02,56,Proveedor 23,Disponible
2947,Cargador Samsung Max-722,Accesorios,Samsung,Max-722,"Cargador de Samsung, modelo Max-722, diseñado para uso doméstico, empresarial o profesional.",3919.33,94,Proveedor 04,Disponible
2948,Cargador APC Basic-673,Accesorios,APC,Basic-673,"Cargador de APC, modelo Basic-673, diseñado para uso doméstico, empresarial o profesional.",3567.55,94,Proveedor 12,Disponible
2949,Cable HDMI Brother Max-369,Accesorios,Brother,Max-369,"Cable HDMI de Brother, modelo Max-369, diseñado para uso doméstico, empresarial o profesional.",4783.48,143,Proveedor 11,Disponible
2950,Cable HDMI AMD Plus-874,Accesorios,AMD,Plus-874,"Cable HDMI de AMD, modelo Plus-874, diseñado para uso doméstico, empresarial o profesional.",2464.45,73,Proveedor 09,Disponible
2951,Cargador TP-Link Pro-413,Accesorios,TP-Link,Pro-413,"Cargador de TP-Link, modelo Pro-413, diseñado para uso doméstico, empresarial o profesional.",3159.23,30,Proveedor 22,Disponible
2952,Mouse pad Intel Basic-952,Accesorios,Intel,Basic-952,"Mouse pad de Intel, modelo Basic-952, diseñado para uso doméstico, empresarial o profesional.",610.32,123,Proveedor 20,Disponible
2953,Mochila para laptop ASUS Basic-303,Accesorios,ASUS,Basic-303,"Mochila para laptop de ASUS, modelo Basic-303, diseñado para uso doméstico, empresarial o profesional.",2631.64,85,Proveedor 19,Disponible
2954,Cargador Logitech Enterprise-138,Accesorios,Logitech,Enterprise-138,"Cargador de Logitech, modelo Enterprise-138, diseñado para uso doméstico, empresarial o profesional.",475.75,93,Proveedor 07,Disponible
2955,Soporte para monitor Kingston Basic-433,Accesorios,Kingston,Basic-433,"Soporte para monitor de Kingston, modelo Basic-433, diseñado para uso doméstico, empresarial o profesional.",1503.57,27,Proveedor 11,Disponible
2956,Regleta Acer Basic-321,Accesorios,Acer,Basic-321,"Regleta de Acer, modelo Basic-321, diseñado para uso doméstico, empresarial o profesional.",3658.22,93,Proveedor 20,Disponible
2957,Cargador Ubiquiti Ultra-845,Accesorios,Ubiquiti,Ultra-845,"Cargador de Ubiquiti, modelo Ultra-845, diseñado para uso doméstico, empresarial o profesional.",4237.08,134,Proveedor 04,Disponible
2958,Cargador Ubiquiti Ultra-971,Accesorios,Ubiquiti,Ultra-971,"Cargador de Ubiquiti, modelo Ultra-971, diseñado para uso doméstico, empresarial o profesional.",1620.74,4,Proveedor 20,Disponible
2959,Hub USB Lenovo Business-985,Accesorios,Lenovo,Business-985,"Hub USB de Lenovo, modelo Business-985, diseñado para uso doméstico, empresarial o profesional.",3234.39,27,Proveedor 10,Disponible
2960,Cable USB Cisco Enterprise-462,Accesorios,Cisco,Enterprise-462,"Cable USB de Cisco, modelo Enterprise-462, diseñado para uso doméstico, empresarial o profesional.",927.76,98,Proveedor 20,Disponible
2961,Mouse pad HP Business-705,Accesorios,HP,Business-705,"Mouse pad de HP, modelo Business-705, diseñado para uso doméstico, empresarial o profesional.",2642.42,143,Proveedor 02,Disponible
2962,Soporte para celular Lenovo Enterprise-589,Accesorios,Lenovo,Enterprise-589,"Soporte para celular de Lenovo, modelo Enterprise-589, diseñado para uso doméstico, empresarial o profesional.",83.3,92,Proveedor 05,Disponible
2963,Cargador APC Max-671,Accesorios,APC,Max-671,"Cargador de APC, modelo Max-671, diseñado para uso doméstico, empresarial o profesional.",4289.44,89,Proveedor 13,Disponible
2964,Adaptador USB-C Lenovo Plus-670,Accesorios,Lenovo,Plus-670,"Adaptador USB-C de Lenovo, modelo Plus-670, diseñado para uso doméstico, empresarial o profesional.",4055.03,109,Proveedor 14,Disponible
2965,Cable HDMI Samsung Enterprise-891,Accesorios,Samsung,Enterprise-891,"Cable HDMI de Samsung, modelo Enterprise-891, diseñado para uso doméstico, empresarial o profesional.",2938.66,106,Proveedor 25,Disponible
2966,Mochila para laptop Tripp Lite Ultra-386,Accesorios,Tripp Lite,Ultra-386,"Mochila para laptop de Tripp Lite, modelo Ultra-386, diseñado para uso doméstico, empresarial o profesional.",1528.32,42,Proveedor 05,Disponible
2967,Mochila para laptop Samsung Max-445,Accesorios,Samsung,Max-445,"Mochila para laptop de Samsung, modelo Max-445, diseñado para uso doméstico, empresarial o profesional.",4916.61,71,Proveedor 18,Disponible
2968,Regleta Intel Ultra-472,Accesorios,Intel,Ultra-472,"Regleta de Intel, modelo Ultra-472, diseñado para uso doméstico, empresarial o profesional.",3993.18,81,Proveedor 23,Disponible
2969,Soporte para celular Kingston Pro-614,Accesorios,Kingston,Pro-614,"Soporte para celular de Kingston, modelo Pro-614, diseñado para uso doméstico, empresarial o profesional.",688.04,30,Proveedor 03,Disponible
2970,Soporte para monitor Samsung Basic-239,Accesorios,Samsung,Basic-239,"Soporte para monitor de Samsung, modelo Basic-239, diseñado para uso doméstico, empresarial o profesional.",4666.24,1,Proveedor 02,Disponible
2971,Cable HDMI Lenovo Enterprise-414,Accesorios,Lenovo,Enterprise-414,"Cable HDMI de Lenovo, modelo Enterprise-414, diseñado para uso doméstico, empresarial o profesional.",1893.89,58,Proveedor 19,Disponible
2972,Cargador Dell Pro-234,Accesorios,Dell,Pro-234,"Cargador de Dell, modelo Pro-234, diseñado para uso doméstico, empresarial o profesional.",3231.12,29,Proveedor 11,Disponible
2973,Regleta Dell Pro-105,Accesorios,Dell,Pro-105,"Regleta de Dell, modelo Pro-105, diseñado para uso doméstico, empresarial o profesional.",1653.68,123,Proveedor 02,Disponible
2974,Mouse pad Acer Business-748,Accesorios,Acer,Business-748,"Mouse pad de Acer, modelo Business-748, diseñado para uso doméstico, empresarial o profesional.",2157.13,46,Proveedor 22,Disponible
2975,Cable USB Kingston Plus-391,Accesorios,Kingston,Plus-391,"Cable USB de Kingston, modelo Plus-391, diseñado para uso doméstico, empresarial o profesional.",4263.05,134,Proveedor 20,Disponible
2976,Soporte para monitor Huawei Max-734,Accesorios,Huawei,Max-734,"Soporte para monitor de Huawei, modelo Max-734, diseñado para uso doméstico, empresarial o profesional.",4975.75,125,Proveedor 05,Disponible
2977,Mochila para laptop Epson Ultra-559,Accesorios,Epson,Ultra-559,"Mochila para laptop de Epson, modelo Ultra-559, diseñado para uso doméstico, empresarial o profesional.",4499.4,112,Proveedor 24,Disponible
2978,Hub USB Ubiquiti Pro-864,Accesorios,Ubiquiti,Pro-864,"Hub USB de Ubiquiti, modelo Pro-864, diseñado para uso doméstico, empresarial o profesional.",81.51,93,Proveedor 17,Disponible
2979,Adaptador USB-C LG Plus-314,Accesorios,LG,Plus-314,"Adaptador USB-C de LG, modelo Plus-314, diseñado para uso doméstico, empresarial o profesional.",4751.03,17,Proveedor 17,Disponible
2980,Cargador ASUS Business-656,Accesorios,ASUS,Business-656,"Cargador de ASUS, modelo Business-656, diseñado para uso doméstico, empresarial o profesional.",4048.26,27,Proveedor 24,Disponible
2981,Adaptador USB-C Acer Enterprise-164,Accesorios,Acer,Enterprise-164,"Adaptador USB-C de Acer, modelo Enterprise-164, diseñado para uso doméstico, empresarial o profesional.",675.16,36,Proveedor 21,Disponible
2982,Cable HDMI Kingston Max-194,Accesorios,Kingston,Max-194,"Cable HDMI de Kingston, modelo Max-194, diseñado para uso doméstico, empresarial o profesional.",341.97,2,Proveedor 03,Disponible
2983,Mouse pad Epson Ultra-368,Accesorios,Epson,Ultra-368,"Mouse pad de Epson, modelo Ultra-368, diseñado para uso doméstico, empresarial o profesional.",2473.21,52,Proveedor 23,Disponible
2984,Mouse pad Hikvision Plus-124,Accesorios,Hikvision,Plus-124,"Mouse pad de Hikvision, modelo Plus-124, diseñado para uso doméstico, empresarial o profesional.",2685.94,120,Proveedor 13,Disponible
2985,Mouse pad Dell Business-566,Accesorios,Dell,Business-566,"Mouse pad de Dell, modelo Business-566, diseñado para uso doméstico, empresarial o profesional.",925.86,46,Proveedor 12,Disponible
2986,Mochila para laptop Hikvision Plus-366,Accesorios,Hikvision,Plus-366,"Mochila para laptop de Hikvision, modelo Plus-366, diseñado para uso doméstico, empresarial o profesional.",3746.79,92,Proveedor 18,Disponible
2987,Hub USB Brother Pro-488,Accesorios,Brother,Pro-488,"Hub USB de Brother, modelo Pro-488, diseñado para uso doméstico, empresarial o profesional.",816.04,146,Proveedor 02,Disponible
2988,Regleta Lenovo Max-192,Accesorios,Lenovo,Max-192,"Regleta de Lenovo, modelo Max-192, diseñado para uso doméstico, empresarial o profesional.",2579.09,116,Proveedor 13,Disponible
2989,Mouse pad Epson Business-204,Accesorios,Epson,Business-204,"Mouse pad de Epson, modelo Business-204, diseñado para uso doméstico, empresarial o profesional.",1992.85,140,Proveedor 06,Disponible
2990,Mochila para laptop HP Business-580,Accesorios,HP,Business-580,"Mochila para laptop de HP, modelo Business-580, diseñado para uso doméstico, empresarial o profesional.",918.97,117,Proveedor 22,Disponible
2991,Cargador Acer Ultra-906,Accesorios,Acer,Ultra-906,"Cargador de Acer, modelo Ultra-906, diseñado para uso doméstico, empresarial o profesional.",3600.11,55,Proveedor 19,Disponible
2992,Soporte para celular ASUS Enterprise-129,Accesorios,ASUS,Enterprise-129,"Soporte para celular de ASUS, modelo Enterprise-129, diseñado para uso doméstico, empresarial o profesional.",1662.82,44,Proveedor 05,Disponible
2993,Soporte para celular Intel Max-319,Accesorios,Intel,Max-319,"Soporte para celular de Intel, modelo Max-319, diseñado para uso doméstico, empresarial o profesional.",3717.92,43,Proveedor 04,Disponible
2994,Soporte para monitor Samsung Business-974,Accesorios,Samsung,Business-974,"Soporte para monitor de Samsung, modelo Business-974, diseñado para uso doméstico, empresarial o profesional.",2946.62,77,Proveedor 08,Disponible
2995,Mouse pad Tripp Lite Pro-342,Accesorios,Tripp Lite,Pro-342,"Mouse pad de Tripp Lite, modelo Pro-342, diseñado para uso doméstico, empresarial o profesional.",4488.7,83,Proveedor 21,Disponible
2996,Regleta Epson Enterprise-691,Accesorios,Epson,Enterprise-691,"Regleta de Epson, modelo Enterprise-691, diseñado para uso doméstico, empresarial o profesional.",4285.71,138,Proveedor 07,Disponible
2997,Regleta Tripp Lite Plus-373,Accesorios,Tripp Lite,Plus-373,"Regleta de Tripp Lite, modelo Plus-373, diseñado para uso doméstico, empresarial o profesional.",2118.48,125,Proveedor 24,Disponible
2998,Mochila para laptop Brother Pro-265,Accesorios,Brother,Pro-265,"Mochila para laptop de Brother, modelo Pro-265, diseñado para uso doméstico, empresarial o profesional.",4050.8,74,Proveedor 08,Disponible
2999,Cable HDMI Intel Plus-367,Accesorios,Intel,Plus-367,"Cable HDMI de Intel, modelo Plus-367, diseñado para uso doméstico, empresarial o profesional.",4333.89,147,Proveedor 25,Disponible
3000,Mochila para laptop AMD Business-842,Accesorios,AMD,Business-842,"Mochila para laptop de AMD, modelo Business-842, diseñado para uso doméstico, empresarial o profesional.",626.57,114,Proveedor 20,Disponible
3001,Soporte para celular Hikvision Basic-291,Accesorios,Hikvision,Basic-291,"Soporte para celular de Hikvision, modelo Basic-291, diseñado para uso doméstico, empresarial o profesional.",2876.66,112,Proveedor 03,Disponible
3002,Adaptador USB-C Cisco Plus-352,Accesorios,Cisco,Plus-352,"Adaptador USB-C de Cisco, modelo Plus-352, diseñado para uso doméstico, empresarial o profesional.",3350.27,119,Proveedor 25,Disponible
3003,Mouse pad Brother Business-215,Accesorios,Brother,Business-215,"Mouse pad de Brother, modelo Business-215, diseñado para uso doméstico, empresarial o profesional.",1110.47,83,Proveedor 05,Disponible
3004,Soporte para celular Tripp Lite Max-348,Accesorios,Tripp Lite,Max-348,"Soporte para celular de Tripp Lite, modelo Max-348, diseñado para uso doméstico, empresarial o profesional.",696.81,7,Proveedor 22,Disponible
3005,Cable USB Lenovo Enterprise-473,Accesorios,Lenovo,Enterprise-473,"Cable USB de Lenovo, modelo Enterprise-473, diseñado para uso doméstico, empresarial o profesional.",2015.8,13,Proveedor 18,Disponible
3006,Cargador ASUS Basic-145,Accesorios,ASUS,Basic-145,"Cargador de ASUS, modelo Basic-145, diseñado para uso doméstico, empresarial o profesional.",1363.29,141,Proveedor 16,Disponible
3007,Soporte para celular Hikvision Max-615,Accesorios,Hikvision,Max-615,"Soporte para celular de Hikvision, modelo Max-615, diseñado para uso doméstico, empresarial o profesional.",2554.28,145,Proveedor 15,Disponible
3008,Regleta Acer Business-857,Accesorios,Acer,Business-857,"Regleta de Acer, modelo Business-857, diseñado para uso doméstico, empresarial o profesional.",3624.12,95,Proveedor 22,Disponible
3009,Mouse pad LG Pro-342,Accesorios,LG,Pro-342,"Mouse pad de LG, modelo Pro-342, diseñado para uso doméstico, empresarial o profesional.",3205.26,100,Proveedor 02,Disponible
3010,Cable HDMI Acer Basic-384,Accesorios,Acer,Basic-384,"Cable HDMI de Acer, modelo Basic-384, diseñado para uso doméstico, empresarial o profesional.",4891.05,60,Proveedor 13,Disponible
3011,Cable USB Intel Enterprise-913,Accesorios,Intel,Enterprise-913,"Cable USB de Intel, modelo Enterprise-913, diseñado para uso doméstico, empresarial o profesional.",2890.57,28,Proveedor 15,Disponible
3012,Cable USB LG Enterprise-992,Accesorios,LG,Enterprise-992,"Cable USB de LG, modelo Enterprise-992, diseñado para uso doméstico, empresarial o profesional.",856.87,53,Proveedor 24,Disponible
3013,Soporte para celular Dell Basic-897,Accesorios,Dell,Basic-897,"Soporte para celular de Dell, modelo Basic-897, diseñado para uso doméstico, empresarial o profesional.",788.62,147,Proveedor 06,Disponible
3014,Soporte para celular LG Business-124,Accesorios,LG,Business-124,"Soporte para celular de LG, modelo Business-124, diseñado para uso doméstico, empresarial o profesional.",507.75,50,Proveedor 16,Disponible
3015,Hub USB APC Pro-158,Accesorios,APC,Pro-158,"Hub USB de APC, modelo Pro-158, diseñado para uso doméstico, empresarial o profesional.",3079.8,50,Proveedor 01,Disponible
3016,Soporte para celular Ubiquiti Ultra-184,Accesorios,Ubiquiti,Ultra-184,"Soporte para celular de Ubiquiti, modelo Ultra-184, diseñado para uso doméstico, empresarial o profesional.",1091.56,127,Proveedor 03,Disponible
3017,Soporte para celular HP Pro-507,Accesorios,HP,Pro-507,"Soporte para celular de HP, modelo Pro-507, diseñado para uso doméstico, empresarial o profesional.",289.66,38,Proveedor 24,Disponible
3018,Adaptador USB-C HP Pro-261,Accesorios,HP,Pro-261,"Adaptador USB-C de HP, modelo Pro-261, diseñado para uso doméstico, empresarial o profesional.",634.49,117,Proveedor 14,Disponible
3019,Mochila para laptop Lenovo Basic-217,Accesorios,Lenovo,Basic-217,"Mochila para laptop de Lenovo, modelo Basic-217, diseñado para uso doméstico, empresarial o profesional.",3048.89,22,Proveedor 04,Disponible
3020,Cable USB Huawei Ultra-207,Accesorios,Huawei,Ultra-207,"Cable USB de Huawei, modelo Ultra-207, diseñado para uso doméstico, empresarial o profesional.",691.04,46,Proveedor 02,Disponible
3021,Cable USB AMD Business-132,Accesorios,AMD,Business-132,"Cable USB de AMD, modelo Business-132, diseñado para uso doméstico, empresarial o profesional.",2260.13,87,Proveedor 22,Disponible
3022,Mouse pad Hikvision Pro-302,Accesorios,Hikvision,Pro-302,"Mouse pad de Hikvision, modelo Pro-302, diseñado para uso doméstico, empresarial o profesional.",4631.14,54,Proveedor 02,Disponible
3023,Hub USB Intel Pro-541,Accesorios,Intel,Pro-541,"Hub USB de Intel, modelo Pro-541, diseñado para uso doméstico, empresarial o profesional.",1932.4,53,Proveedor 18,Disponible
3024,Cable HDMI ASUS Ultra-766,Accesorios,ASUS,Ultra-766,"Cable HDMI de ASUS, modelo Ultra-766, diseñado para uso doméstico, empresarial o profesional.",4390.52,77,Proveedor 25,Disponible
3025,Mouse pad HP Pro-882,Accesorios,HP,Pro-882,"Mouse pad de HP, modelo Pro-882, diseñado para uso doméstico, empresarial o profesional.",3935.76,45,Proveedor 04,Disponible
3026,Cable USB Kingston Basic-908,Accesorios,Kingston,Basic-908,"Cable USB de Kingston, modelo Basic-908, diseñado para uso doméstico, empresarial o profesional.",2814.01,101,Proveedor 21,Disponible
3027,Mouse pad Lenovo Plus-980,Accesorios,Lenovo,Plus-980,"Mouse pad de Lenovo, modelo Plus-980, diseñado para uso doméstico, empresarial o profesional.",93.27,83,Proveedor 05,Disponible
3028,Adaptador USB-C AMD Plus-484,Accesorios,AMD,Plus-484,"Adaptador USB-C de AMD, modelo Plus-484, diseñado para uso doméstico, empresarial o profesional.",687.6,49,Proveedor 23,Disponible
3029,Regleta LG Business-489,Accesorios,LG,Business-489,"Regleta de LG, modelo Business-489, diseñado para uso doméstico, empresarial o profesional.",4206.25,16,Proveedor 24,Disponible
3030,Cable HDMI Acer Business-782,Accesorios,Acer,Business-782,"Cable HDMI de Acer, modelo Business-782, diseñado para uso doméstico, empresarial o profesional.",2865.91,88,Proveedor 05,Disponible
3031,Soporte para celular Brother Enterprise-117,Accesorios,Brother,Enterprise-117,"Soporte para celular de Brother, modelo Enterprise-117, diseñado para uso doméstico, empresarial o profesional.",3893.0,58,Proveedor 15,Disponible
3032,Cable USB Lenovo Plus-295,Accesorios,Lenovo,Plus-295,"Cable USB de Lenovo, modelo Plus-295, diseñado para uso doméstico, empresarial o profesional.",2148.12,91,Proveedor 18,Disponible
3033,Regleta Tripp Lite Plus-496,Accesorios,Tripp Lite,Plus-496,"Regleta de Tripp Lite, modelo Plus-496, diseñado para uso doméstico, empresarial o profesional.",1569.38,33,Proveedor 07,Disponible
3034,Cable HDMI Logitech Basic-860,Accesorios,Logitech,Basic-860,"Cable HDMI de Logitech, modelo Basic-860, diseñado para uso doméstico, empresarial o profesional.",3903.68,6,Proveedor 05,Disponible
3035,Mochila para laptop Cisco Ultra-226,Accesorios,Cisco,Ultra-226,"Mochila para laptop de Cisco, modelo Ultra-226, diseñado para uso doméstico, empresarial o profesional.",1841.02,41,Proveedor 16,Disponible
3036,Cargador Tripp Lite Ultra-384,Accesorios,Tripp Lite,Ultra-384,"Cargador de Tripp Lite, modelo Ultra-384, diseñado para uso doméstico, empresarial o profesional.",348.53,15,Proveedor 15,Disponible
3037,Cable USB Ubiquiti Ultra-982,Accesorios,Ubiquiti,Ultra-982,"Cable USB de Ubiquiti, modelo Ultra-982, diseñado para uso doméstico, empresarial o profesional.",2974.52,105,Proveedor 08,Disponible
3038,Adaptador USB-C Lenovo Enterprise-388,Accesorios,Lenovo,Enterprise-388,"Adaptador USB-C de Lenovo, modelo Enterprise-388, diseñado para uso doméstico, empresarial o profesional.",2678.68,27,Proveedor 11,Disponible
3039,Regleta Logitech Enterprise-262,Accesorios,Logitech,Enterprise-262,"Regleta de Logitech, modelo Enterprise-262, diseñado para uso doméstico, empresarial o profesional.",4147.45,1,Proveedor 08,Disponible
3040,Hub USB Cisco Pro-160,Accesorios,Cisco,Pro-160,"Hub USB de Cisco, modelo Pro-160, diseñado para uso doméstico, empresarial o profesional.",667.24,92,Proveedor 13,Disponible
3041,Mochila para laptop Intel Enterprise-755,Accesorios,Intel,Enterprise-755,"Mochila para laptop de Intel, modelo Enterprise-755, diseñado para uso doméstico, empresarial o profesional.",2284.79,108,Proveedor 10,Disponible
3042,Soporte para celular Dell Plus-553,Accesorios,Dell,Plus-553,"Soporte para celular de Dell, modelo Plus-553, diseñado para uso doméstico, empresarial o profesional.",2971.11,89,Proveedor 12,Disponible
3043,Hub USB Ubiquiti Enterprise-276,Accesorios,Ubiquiti,Enterprise-276,"Hub USB de Ubiquiti, modelo Enterprise-276, diseñado para uso doméstico, empresarial o profesional.",4731.56,64,Proveedor 16,Disponible
3044,Cable USB Lenovo Enterprise-929,Accesorios,Lenovo,Enterprise-929,"Cable USB de Lenovo, modelo Enterprise-929, diseñado para uso doméstico, empresarial o profesional.",1292.94,111,Proveedor 01,Disponible
3045,Cable USB Cisco Max-160,Accesorios,Cisco,Max-160,"Cable USB de Cisco, modelo Max-160, diseñado para uso doméstico, empresarial o profesional.",3857.33,131,Proveedor 04,Disponible
3046,Cable HDMI Acer Basic-925,Accesorios,Acer,Basic-925,"Cable HDMI de Acer, modelo Basic-925, diseñado para uso doméstico, empresarial o profesional.",4561.77,105,Proveedor 18,Disponible
3047,Cargador HP Ultra-508,Accesorios,HP,Ultra-508,"Cargador de HP, modelo Ultra-508, diseñado para uso doméstico, empresarial o profesional.",1417.04,23,Proveedor 16,Disponible
3048,Adaptador USB-C Ubiquiti Max-143,Accesorios,Ubiquiti,Max-143,"Adaptador USB-C de Ubiquiti, modelo Max-143, diseñado para uso doméstico, empresarial o profesional.",2744.64,132,Proveedor 04,Disponible
3049,Regleta Hikvision Basic-251,Accesorios,Hikvision,Basic-251,"Regleta de Hikvision, modelo Basic-251, diseñado para uso doméstico, empresarial o profesional.",2984.1,27,Proveedor 11,Disponible
3050,Cable HDMI Hikvision Basic-300,Accesorios,Hikvision,Basic-300,"Cable HDMI de Hikvision, modelo Basic-300, diseñado para uso doméstico, empresarial o profesional.",2566.4,104,Proveedor 15,Disponible
3051,Cable USB Epson Basic-573,Accesorios,Epson,Basic-573,"Cable USB de Epson, modelo Basic-573, diseñado para uso doméstico, empresarial o profesional.",3577.48,85,Proveedor 03,Disponible
3052,Cable HDMI Kingston Plus-643,Accesorios,Kingston,Plus-643,"Cable HDMI de Kingston, modelo Plus-643, diseñado para uso doméstico, empresarial o profesional.",4771.74,125,Proveedor 10,Disponible
3053,Cargador Huawei Pro-216,Accesorios,Huawei,Pro-216,"Cargador de Huawei, modelo Pro-216, diseñado para uso doméstico, empresarial o profesional.",3535.12,6,Proveedor 01,Disponible
3054,Soporte para celular Ubiquiti Pro-457,Accesorios,Ubiquiti,Pro-457,"Soporte para celular de Ubiquiti, modelo Pro-457, diseñado para uso doméstico, empresarial o profesional.",2681.87,135,Proveedor 22,Disponible
3055,Regleta Hikvision Ultra-820,Accesorios,Hikvision,Ultra-820,"Regleta de Hikvision, modelo Ultra-820, diseñado para uso doméstico, empresarial o profesional.",2175.95,64,Proveedor 16,Disponible
3056,Cable HDMI Acer Basic-674,Accesorios,Acer,Basic-674,"Cable HDMI de Acer, modelo Basic-674, diseñado para uso doméstico, empresarial o profesional.",77.06,50,Proveedor 22,Disponible
3057,Cargador AMD Ultra-260,Accesorios,AMD,Ultra-260,"Cargador de AMD, modelo Ultra-260, diseñado para uso doméstico, empresarial o profesional.",4121.8,112,Proveedor 09,Disponible
3058,Soporte para monitor Huawei Ultra-942,Accesorios,Huawei,Ultra-942,"Soporte para monitor de Huawei, modelo Ultra-942, diseñado para uso doméstico, empresarial o profesional.",787.12,90,Proveedor 19,Disponible
3059,Cable USB APC Pro-950,Accesorios,APC,Pro-950,"Cable USB de APC, modelo Pro-950, diseñado para uso doméstico, empresarial o profesional.",734.2,121,Proveedor 01,Disponible
3060,Cable HDMI Cisco Plus-512,Accesorios,Cisco,Plus-512,"Cable HDMI de Cisco, modelo Plus-512, diseñado para uso doméstico, empresarial o profesional.",2103.28,25,Proveedor 10,Disponible
3061,Regleta Intel Basic-873,Accesorios,Intel,Basic-873,"Regleta de Intel, modelo Basic-873, diseñado para uso doméstico, empresarial o profesional.",385.67,29,Proveedor 02,Disponible
3062,Mochila para laptop Intel Ultra-782,Accesorios,Intel,Ultra-782,"Mochila para laptop de Intel, modelo Ultra-782, diseñado para uso doméstico, empresarial o profesional.",2363.43,64,Proveedor 02,Disponible
3063,Cable HDMI Logitech Max-341,Accesorios,Logitech,Max-341,"Cable HDMI de Logitech, modelo Max-341, diseñado para uso doméstico, empresarial o profesional.",2742.2,141,Proveedor 03,Disponible
3064,Soporte para celular Logitech Max-103,Accesorios,Logitech,Max-103,"Soporte para celular de Logitech, modelo Max-103, diseñado para uso doméstico, empresarial o profesional.",1609.48,16,Proveedor 11,Disponible
3065,Adaptador USB-C Cisco Plus-725,Accesorios,Cisco,Plus-725,"Adaptador USB-C de Cisco, modelo Plus-725, diseñado para uso doméstico, empresarial o profesional.",3063.8,9,Proveedor 19,Disponible
3066,Hub USB AMD Enterprise-608,Accesorios,AMD,Enterprise-608,"Hub USB de AMD, modelo Enterprise-608, diseñado para uso doméstico, empresarial o profesional.",4649.84,101,Proveedor 20,Disponible
3067,Mouse pad Brother Business-329,Accesorios,Brother,Business-329,"Mouse pad de Brother, modelo Business-329, diseñado para uso doméstico, empresarial o profesional.",3257.73,50,Proveedor 15,Disponible
3068,Soporte para celular Hikvision Business-223,Accesorios,Hikvision,Business-223,"Soporte para celular de Hikvision, modelo Business-223, diseñado para uso doméstico, empresarial o profesional.",4077.64,97,Proveedor 20,Disponible
3069,Mouse pad Kingston Basic-520,Accesorios,Kingston,Basic-520,"Mouse pad de Kingston, modelo Basic-520, diseñado para uso doméstico, empresarial o profesional.",4544.97,25,Proveedor 05,Disponible
3070,Cargador Brother Plus-150,Accesorios,Brother,Plus-150,"Cargador de Brother, modelo Plus-150, diseñado para uso doméstico, empresarial o profesional.",2450.86,146,Proveedor 09,Disponible
3071,Cargador Epson Enterprise-278,Accesorios,Epson,Enterprise-278,"Cargador de Epson, modelo Enterprise-278, diseñado para uso doméstico, empresarial o profesional.",3822.87,111,Proveedor 06,Disponible
3072,Cargador APC Business-705,Accesorios,APC,Business-705,"Cargador de APC, modelo Business-705, diseñado para uso doméstico, empresarial o profesional.",2995.85,149,Proveedor 19,Disponible
3073,Cable USB AMD Ultra-926,Accesorios,AMD,Ultra-926,"Cable USB de AMD, modelo Ultra-926, diseñado para uso doméstico, empresarial o profesional.",122.57,67,Proveedor 06,Disponible
3074,Soporte para monitor Lenovo Basic-319,Accesorios,Lenovo,Basic-319,"Soporte para monitor de Lenovo, modelo Basic-319, diseñado para uso doméstico, empresarial o profesional.",2362.98,131,Proveedor 15,Disponible
3075,Mouse pad ASUS Basic-191,Accesorios,ASUS,Basic-191,"Mouse pad de ASUS, modelo Basic-191, diseñado para uso doméstico, empresarial o profesional.",2083.17,40,Proveedor 22,Disponible
3076,Cable HDMI Logitech Basic-970,Accesorios,Logitech,Basic-970,"Cable HDMI de Logitech, modelo Basic-970, diseñado para uso doméstico, empresarial o profesional.",4657.9,139,Proveedor 03,Disponible
3077,Cargador LG Business-818,Accesorios,LG,Business-818,"Cargador de LG, modelo Business-818, diseñado para uso doméstico, empresarial o profesional.",3767.08,146,Proveedor 17,Disponible
3078,Soporte para celular APC Enterprise-698,Accesorios,APC,Enterprise-698,"Soporte para celular de APC, modelo Enterprise-698, diseñado para uso doméstico, empresarial o profesional.",2270.47,37,Proveedor 04,Disponible
3079,Cable USB Hikvision Basic-848,Accesorios,Hikvision,Basic-848,"Cable USB de Hikvision, modelo Basic-848, diseñado para uso doméstico, empresarial o profesional.",4189.59,128,Proveedor 21,Disponible
3080,Soporte para celular Kingston Business-620,Accesorios,Kingston,Business-620,"Soporte para celular de Kingston, modelo Business-620, diseñado para uso doméstico, empresarial o profesional.",201.15,18,Proveedor 18,Disponible
3081,Soporte para monitor Logitech Plus-647,Accesorios,Logitech,Plus-647,"Soporte para monitor de Logitech, modelo Plus-647, diseñado para uso doméstico, empresarial o profesional.",734.29,30,Proveedor 15,Disponible
3082,Regleta APC Max-855,Accesorios,APC,Max-855,"Regleta de APC, modelo Max-855, diseñado para uso doméstico, empresarial o profesional.",4639.16,146,Proveedor 15,Disponible
3083,Mouse pad LG Ultra-111,Accesorios,LG,Ultra-111,"Mouse pad de LG, modelo Ultra-111, diseñado para uso doméstico, empresarial o profesional.",2718.54,15,Proveedor 01,Disponible
3084,Hub USB Tripp Lite Basic-528,Accesorios,Tripp Lite,Basic-528,"Hub USB de Tripp Lite, modelo Basic-528, diseñado para uso doméstico, empresarial o profesional.",2397.82,121,Proveedor 22,Disponible
3085,Cable USB ASUS Enterprise-293,Accesorios,ASUS,Enterprise-293,"Cable USB de ASUS, modelo Enterprise-293, diseñado para uso doméstico, empresarial o profesional.",1932.24,21,Proveedor 10,Disponible
3086,Soporte para celular Huawei Basic-882,Accesorios,Huawei,Basic-882,"Soporte para celular de Huawei, modelo Basic-882, diseñado para uso doméstico, empresarial o profesional.",3257.36,21,Proveedor 06,Disponible
3087,Mouse pad Brother Business-936,Accesorios,Brother,Business-936,"Mouse pad de Brother, modelo Business-936, diseñado para uso doméstico, empresarial o profesional.",2972.63,42,Proveedor 20,Disponible
3088,Soporte para monitor Tripp Lite Max-254,Accesorios,Tripp Lite,Max-254,"Soporte para monitor de Tripp Lite, modelo Max-254, diseñado para uso doméstico, empresarial o profesional.",2343.63,100,Proveedor 19,Disponible
3089,Mochila para laptop Cisco Plus-144,Accesorios,Cisco,Plus-144,"Mochila para laptop de Cisco, modelo Plus-144, diseñado para uso doméstico, empresarial o profesional.",2964.77,58,Proveedor 23,Disponible
3090,Cable USB Logitech Enterprise-190,Accesorios,Logitech,Enterprise-190,"Cable USB de Logitech, modelo Enterprise-190, diseñado para uso doméstico, empresarial o profesional.",3961.08,108,Proveedor 04,Disponible
3091,Regleta Ubiquiti Basic-606,Accesorios,Ubiquiti,Basic-606,"Regleta de Ubiquiti, modelo Basic-606, diseñado para uso doméstico, empresarial o profesional.",4502.96,63,Proveedor 06,Disponible
3092,Mochila para laptop Kingston Business-927,Accesorios,Kingston,Business-927,"Mochila para laptop de Kingston, modelo Business-927, diseñado para uso doméstico, empresarial o profesional.",3470.11,142,Proveedor 08,Disponible
3093,Regleta Huawei Plus-209,Accesorios,Huawei,Plus-209,"Regleta de Huawei, modelo Plus-209, diseñado para uso doméstico, empresarial o profesional.",3906.2,117,Proveedor 19,Disponible
3094,Soporte para monitor ASUS Plus-755,Accesorios,ASUS,Plus-755,"Soporte para monitor de ASUS, modelo Plus-755, diseñado para uso doméstico, empresarial o profesional.",273.58,107,Proveedor 23,Disponible
3095,Hub USB AMD Ultra-492,Accesorios,AMD,Ultra-492,"Hub USB de AMD, modelo Ultra-492, diseñado para uso doméstico, empresarial o profesional.",2756.65,67,Proveedor 20,Disponible
3096,Soporte para monitor TP-Link Plus-563,Accesorios,TP-Link,Plus-563,"Soporte para monitor de TP-Link, modelo Plus-563, diseñado para uso doméstico, empresarial o profesional.",2582.92,38,Proveedor 03,Disponible
3097,Mochila para laptop TP-Link Pro-674,Accesorios,TP-Link,Pro-674,"Mochila para laptop de TP-Link, modelo Pro-674, diseñado para uso doméstico, empresarial o profesional.",1723.19,98,Proveedor 05,Disponible
3098,Adaptador USB-C LG Max-878,Accesorios,LG,Max-878,"Adaptador USB-C de LG, modelo Max-878, diseñado para uso doméstico, empresarial o profesional.",1253.63,104,Proveedor 09,Disponible
3099,Mouse pad Tripp Lite Pro-100,Accesorios,Tripp Lite,Pro-100,"Mouse pad de Tripp Lite, modelo Pro-100, diseñado para uso doméstico, empresarial o profesional.",2537.54,146,Proveedor 25,Disponible
3100,Cargador Logitech Max-509,Accesorios,Logitech,Max-509,"Cargador de Logitech, modelo Max-509, diseñado para uso doméstico, empresarial o profesional.",2686.88,128,Proveedor 08,Disponible
3101,Soporte para celular Cisco Ultra-240,Accesorios,Cisco,Ultra-240,"Soporte para celular de Cisco, modelo Ultra-240, diseñado para uso doméstico, empresarial o profesional.",4925.81,101,Proveedor 16,Disponible
3102,Adaptador USB-C APC Ultra-716,Accesorios,APC,Ultra-716,"Adaptador USB-C de APC, modelo Ultra-716, diseñado para uso doméstico, empresarial o profesional.",2899.96,108,Proveedor 01,Disponible
3103,Soporte para celular Dell Basic-407,Accesorios,Dell,Basic-407,"Soporte para celular de Dell, modelo Basic-407, diseñado para uso doméstico, empresarial o profesional.",415.57,28,Proveedor 19,Disponible
3104,Cargador LG Business-873,Accesorios,LG,Business-873,"Cargador de LG, modelo Business-873, diseñado para uso doméstico, empresarial o profesional.",4936.32,41,Proveedor 07,Disponible
3105,Soporte para monitor HP Pro-318,Accesorios,HP,Pro-318,"Soporte para monitor de HP, modelo Pro-318, diseñado para uso doméstico, empresarial o profesional.",2401.8,104,Proveedor 01,Disponible
3106,Regleta ASUS Pro-144,Accesorios,ASUS,Pro-144,"Regleta de ASUS, modelo Pro-144, diseñado para uso doméstico, empresarial o profesional.",4595.84,82,Proveedor 18,Disponible
3107,Mouse pad HP Ultra-440,Accesorios,HP,Ultra-440,"Mouse pad de HP, modelo Ultra-440, diseñado para uso doméstico, empresarial o profesional.",3909.81,5,Proveedor 06,Disponible
3108,Regleta Logitech Enterprise-409,Accesorios,Logitech,Enterprise-409,"Regleta de Logitech, modelo Enterprise-409, diseñado para uso doméstico, empresarial o profesional.",2503.18,67,Proveedor 04,Disponible
3109,Soporte para celular HP Ultra-425,Accesorios,HP,Ultra-425,"Soporte para celular de HP, modelo Ultra-425, diseñado para uso doméstico, empresarial o profesional.",3268.91,49,Proveedor 23,Disponible
3110,Hub USB Logitech Basic-906,Accesorios,Logitech,Basic-906,"Hub USB de Logitech, modelo Basic-906, diseñado para uso doméstico, empresarial o profesional.",2857.74,102,Proveedor 03,Disponible
3111,Mochila para laptop Brother Business-166,Accesorios,Brother,Business-166,"Mochila para laptop de Brother, modelo Business-166, diseñado para uso doméstico, empresarial o profesional.",3873.38,32,Proveedor 23,Disponible
3112,Hub USB AMD Max-686,Accesorios,AMD,Max-686,"Hub USB de AMD, modelo Max-686, diseñado para uso doméstico, empresarial o profesional.",3777.39,10,Proveedor 18,Disponible
3113,Mouse pad TP-Link Enterprise-510,Accesorios,TP-Link,Enterprise-510,"Mouse pad de TP-Link, modelo Enterprise-510, diseñado para uso doméstico, empresarial o profesional.",2335.54,141,Proveedor 05,Disponible
3114,Cable USB Logitech Basic-553,Accesorios,Logitech,Basic-553,"Cable USB de Logitech, modelo Basic-553, diseñado para uso doméstico, empresarial o profesional.",1390.81,132,Proveedor 04,Disponible
3115,Cargador Samsung Max-289,Accesorios,Samsung,Max-289,"Cargador de Samsung, modelo Max-289, diseñado para uso doméstico, empresarial o profesional.",4599.63,96,Proveedor 09,Disponible
3116,Mouse pad Ubiquiti Max-779,Accesorios,Ubiquiti,Max-779,"Mouse pad de Ubiquiti, modelo Max-779, diseñado para uso doméstico, empresarial o profesional.",2715.1,63,Proveedor 23,Disponible
3117,Soporte para celular Huawei Business-733,Accesorios,Huawei,Business-733,"Soporte para celular de Huawei, modelo Business-733, diseñado para uso doméstico, empresarial o profesional.",2770.28,79,Proveedor 17,Disponible
3118,Soporte para monitor Intel Plus-805,Accesorios,Intel,Plus-805,"Soporte para monitor de Intel, modelo Plus-805, diseñado para uso doméstico, empresarial o profesional.",4467.99,23,Proveedor 11,Disponible
3119,Regleta Intel Plus-421,Accesorios,Intel,Plus-421,"Regleta de Intel, modelo Plus-421, diseñado para uso doméstico, empresarial o profesional.",4027.72,12,Proveedor 04,Disponible
3120,Cable USB AMD Pro-839,Accesorios,AMD,Pro-839,"Cable USB de AMD, modelo Pro-839, diseñado para uso doméstico, empresarial o profesional.",3015.59,46,Proveedor 02,Disponible
3121,Mochila para laptop LG Pro-813,Accesorios,LG,Pro-813,"Mochila para laptop de LG, modelo Pro-813, diseñado para uso doméstico, empresarial o profesional.",4647.3,11,Proveedor 12,Disponible
3122,Cable USB Dell Ultra-180,Accesorios,Dell,Ultra-180,"Cable USB de Dell, modelo Ultra-180, diseñado para uso doméstico, empresarial o profesional.",2141.29,15,Proveedor 08,Disponible
3123,Soporte para celular Tripp Lite Enterprise-889,Accesorios,Tripp Lite,Enterprise-889,"Soporte para celular de Tripp Lite, modelo Enterprise-889, diseñado para uso doméstico, empresarial o profesional.",2798.43,101,Proveedor 07,Disponible
3124,Soporte para monitor Samsung Pro-520,Accesorios,Samsung,Pro-520,"Soporte para monitor de Samsung, modelo Pro-520, diseñado para uso doméstico, empresarial o profesional.",4880.53,32,Proveedor 04,Disponible
3125,Mouse pad Intel Plus-435,Accesorios,Intel,Plus-435,"Mouse pad de Intel, modelo Plus-435, diseñado para uso doméstico, empresarial o profesional.",1893.32,14,Proveedor 13,Disponible
3126,Unidad óptica TP-Link Basic-125,Almacenamiento,TP-Link,Basic-125,"Unidad óptica de TP-Link, modelo Basic-125, diseñado para uso doméstico, empresarial o profesional.",14913.82,146,Proveedor 10,Disponible
3127,SSD NVMe Kingston Max-694,Almacenamiento,Kingston,Max-694,"SSD NVMe de Kingston, modelo Max-694, diseñado para uso doméstico, empresarial o profesional.",6367.91,12,Proveedor 10,Disponible
3128,Memoria USB Huawei Business-985,Almacenamiento,Huawei,Business-985,"Memoria USB de Huawei, modelo Business-985, diseñado para uso doméstico, empresarial o profesional.",6958.2,142,Proveedor 20,Disponible
3129,Memoria USB Ubiquiti Ultra-520,Almacenamiento,Ubiquiti,Ultra-520,"Memoria USB de Ubiquiti, modelo Ultra-520, diseñado para uso doméstico, empresarial o profesional.",1392.56,111,Proveedor 09,Disponible
3130,SSD NVMe TP-Link Enterprise-909,Almacenamiento,TP-Link,Enterprise-909,"SSD NVMe de TP-Link, modelo Enterprise-909, diseñado para uso doméstico, empresarial o profesional.",23295.11,80,Proveedor 14,Disponible
3131,NAS Brother Enterprise-553,Almacenamiento,Brother,Enterprise-553,"NAS de Brother, modelo Enterprise-553, diseñado para uso doméstico, empresarial o profesional.",8596.93,7,Proveedor 19,Disponible
3132,Unidad óptica Kingston Enterprise-426,Almacenamiento,Kingston,Enterprise-426,"Unidad óptica de Kingston, modelo Enterprise-426, diseñado para uso doméstico, empresarial o profesional.",24124.23,49,Proveedor 17,Disponible
3133,Almacenamiento en red TP-Link Ultra-233,Almacenamiento,TP-Link,Ultra-233,"Almacenamiento en red de TP-Link, modelo Ultra-233, diseñado para uso doméstico, empresarial o profesional.",6176.54,94,Proveedor 09,Disponible
3134,Memoria USB Huawei Enterprise-233,Almacenamiento,Huawei,Enterprise-233,"Memoria USB de Huawei, modelo Enterprise-233, diseñado para uso doméstico, empresarial o profesional.",21379.06,47,Proveedor 25,Disponible
3135,Memoria USB Samsung Business-396,Almacenamiento,Samsung,Business-396,"Memoria USB de Samsung, modelo Business-396, diseñado para uso doméstico, empresarial o profesional.",1496.68,101,Proveedor 21,Disponible
3136,NAS AMD Max-455,Almacenamiento,AMD,Max-455,"NAS de AMD, modelo Max-455, diseñado para uso doméstico, empresarial o profesional.",5838.22,13,Proveedor 01,Disponible
3137,Memoria USB ASUS Enterprise-291,Almacenamiento,ASUS,Enterprise-291,"Memoria USB de ASUS, modelo Enterprise-291, diseñado para uso doméstico, empresarial o profesional.",3092.59,38,Proveedor 10,Disponible
3138,SSD NVMe Hikvision Ultra-589,Almacenamiento,Hikvision,Ultra-589,"SSD NVMe de Hikvision, modelo Ultra-589, diseñado para uso doméstico, empresarial o profesional.",17394.65,121,Proveedor 10,Disponible
3139,Memoria USB Lenovo Enterprise-423,Almacenamiento,Lenovo,Enterprise-423,"Memoria USB de Lenovo, modelo Enterprise-423, diseñado para uso doméstico, empresarial o profesional.",15389.84,99,Proveedor 01,Disponible
3140,Disco duro interno Dell Pro-387,Almacenamiento,Dell,Pro-387,"Disco duro interno de Dell, modelo Pro-387, diseñado para uso doméstico, empresarial o profesional.",17772.15,25,Proveedor 03,Disponible
3141,NAS APC Enterprise-357,Almacenamiento,APC,Enterprise-357,"NAS de APC, modelo Enterprise-357, diseñado para uso doméstico, empresarial o profesional.",13405.21,132,Proveedor 21,Disponible
3142,Memoria USB Cisco Basic-878,Almacenamiento,Cisco,Basic-878,"Memoria USB de Cisco, modelo Basic-878, diseñado para uso doméstico, empresarial o profesional.",22625.27,137,Proveedor 01,Disponible
3143,Disco duro interno Brother Max-628,Almacenamiento,Brother,Max-628,"Disco duro interno de Brother, modelo Max-628, diseñado para uso doméstico, empresarial o profesional.",24552.17,123,Proveedor 23,Disponible
3144,Unidad óptica Tripp Lite Pro-300,Almacenamiento,Tripp Lite,Pro-300,"Unidad óptica de Tripp Lite, modelo Pro-300, diseñado para uso doméstico, empresarial o profesional.",21884.28,44,Proveedor 19,Disponible
3145,Almacenamiento en red LG Ultra-904,Almacenamiento,LG,Ultra-904,"Almacenamiento en red de LG, modelo Ultra-904, diseñado para uso doméstico, empresarial o profesional.",22447.04,69,Proveedor 15,Disponible
3146,SSD NVMe Ubiquiti Enterprise-369,Almacenamiento,Ubiquiti,Enterprise-369,"SSD NVMe de Ubiquiti, modelo Enterprise-369, diseñado para uso doméstico, empresarial o profesional.",21340.63,108,Proveedor 03,Disponible
3147,SSD NVMe HP Pro-154,Almacenamiento,HP,Pro-154,"SSD NVMe de HP, modelo Pro-154, diseñado para uso doméstico, empresarial o profesional.",5216.69,64,Proveedor 08,Disponible
3148,Unidad óptica Samsung Pro-540,Almacenamiento,Samsung,Pro-540,"Unidad óptica de Samsung, modelo Pro-540, diseñado para uso doméstico, empresarial o profesional.",8741.12,150,Proveedor 24,Disponible
3149,Memoria USB Tripp Lite Basic-572,Almacenamiento,Tripp Lite,Basic-572,"Memoria USB de Tripp Lite, modelo Basic-572, diseñado para uso doméstico, empresarial o profesional.",13919.57,43,Proveedor 12,Disponible
3150,Tarjeta microSD APC Pro-417,Almacenamiento,APC,Pro-417,"Tarjeta microSD de APC, modelo Pro-417, diseñado para uso doméstico, empresarial o profesional.",3328.73,142,Proveedor 23,Disponible
3151,Tarjeta SD APC Plus-999,Almacenamiento,APC,Plus-999,"Tarjeta SD de APC, modelo Plus-999, diseñado para uso doméstico, empresarial o profesional.",6442.46,68,Proveedor 02,Disponible
3152,Disco duro externo Ubiquiti Plus-412,Almacenamiento,Ubiquiti,Plus-412,"Disco duro externo de Ubiquiti, modelo Plus-412, diseñado para uso doméstico, empresarial o profesional.",16372.61,73,Proveedor 21,Disponible
3153,Unidad óptica Samsung Business-249,Almacenamiento,Samsung,Business-249,"Unidad óptica de Samsung, modelo Business-249, diseñado para uso doméstico, empresarial o profesional.",21766.28,19,Proveedor 04,Disponible
3154,SSD NVMe Acer Pro-830,Almacenamiento,Acer,Pro-830,"SSD NVMe de Acer, modelo Pro-830, diseñado para uso doméstico, empresarial o profesional.",24620.43,73,Proveedor 25,Disponible
3155,Caja para disco AMD Enterprise-854,Almacenamiento,AMD,Enterprise-854,"Caja para disco de AMD, modelo Enterprise-854, diseñado para uso doméstico, empresarial o profesional.",18314.66,125,Proveedor 22,Disponible
3156,Almacenamiento en red Dell Ultra-548,Almacenamiento,Dell,Ultra-548,"Almacenamiento en red de Dell, modelo Ultra-548, diseñado para uso doméstico, empresarial o profesional.",22544.08,101,Proveedor 25,Disponible
3157,Tarjeta SD Epson Business-400,Almacenamiento,Epson,Business-400,"Tarjeta SD de Epson, modelo Business-400, diseñado para uso doméstico, empresarial o profesional.",16179.86,42,Proveedor 16,Disponible
3158,SSD NVMe TP-Link Pro-988,Almacenamiento,TP-Link,Pro-988,"SSD NVMe de TP-Link, modelo Pro-988, diseñado para uso doméstico, empresarial o profesional.",20840.21,137,Proveedor 13,Disponible
3159,SSD NVMe Dell Ultra-462,Almacenamiento,Dell,Ultra-462,"SSD NVMe de Dell, modelo Ultra-462, diseñado para uso doméstico, empresarial o profesional.",17898.29,138,Proveedor 02,Disponible
3160,Disco duro interno AMD Enterprise-496,Almacenamiento,AMD,Enterprise-496,"Disco duro interno de AMD, modelo Enterprise-496, diseñado para uso doméstico, empresarial o profesional.",24063.56,10,Proveedor 09,Disponible
3161,NAS Acer Basic-495,Almacenamiento,Acer,Basic-495,"NAS de Acer, modelo Basic-495, diseñado para uso doméstico, empresarial o profesional.",15280.69,58,Proveedor 11,Disponible
3162,Caja para disco APC Enterprise-248,Almacenamiento,APC,Enterprise-248,"Caja para disco de APC, modelo Enterprise-248, diseñado para uso doméstico, empresarial o profesional.",6779.12,58,Proveedor 11,Disponible
3163,Tarjeta SD Kingston Basic-136,Almacenamiento,Kingston,Basic-136,"Tarjeta SD de Kingston, modelo Basic-136, diseñado para uso doméstico, empresarial o profesional.",21467.29,26,Proveedor 17,Disponible
3164,Disco duro interno Huawei Ultra-585,Almacenamiento,Huawei,Ultra-585,"Disco duro interno de Huawei, modelo Ultra-585, diseñado para uso doméstico, empresarial o profesional.",12703.14,131,Proveedor 03,Disponible
3165,Memoria USB LG Pro-385,Almacenamiento,LG,Pro-385,"Memoria USB de LG, modelo Pro-385, diseñado para uso doméstico, empresarial o profesional.",6464.45,92,Proveedor 09,Disponible
3166,Tarjeta microSD Ubiquiti Basic-945,Almacenamiento,Ubiquiti,Basic-945,"Tarjeta microSD de Ubiquiti, modelo Basic-945, diseñado para uso doméstico, empresarial o profesional.",13363.66,136,Proveedor 12,Disponible
3167,Disco duro interno Brother Max-734,Almacenamiento,Brother,Max-734,"Disco duro interno de Brother, modelo Max-734, diseñado para uso doméstico, empresarial o profesional.",5553.45,141,Proveedor 04,Disponible
3168,Disco duro externo Samsung Pro-759,Almacenamiento,Samsung,Pro-759,"Disco duro externo de Samsung, modelo Pro-759, diseñado para uso doméstico, empresarial o profesional.",14954.55,37,Proveedor 18,Disponible
3169,Unidad óptica APC Max-776,Almacenamiento,APC,Max-776,"Unidad óptica de APC, modelo Max-776, diseñado para uso doméstico, empresarial o profesional.",6498.1,137,Proveedor 24,Disponible
3170,Memoria USB AMD Max-693,Almacenamiento,AMD,Max-693,"Memoria USB de AMD, modelo Max-693, diseñado para uso doméstico, empresarial o profesional.",10725.79,150,Proveedor 17,Disponible
3171,Caja para disco Lenovo Enterprise-807,Almacenamiento,Lenovo,Enterprise-807,"Caja para disco de Lenovo, modelo Enterprise-807, diseñado para uso doméstico, empresarial o profesional.",15031.43,78,Proveedor 11,Disponible
3172,Unidad óptica Intel Business-236,Almacenamiento,Intel,Business-236,"Unidad óptica de Intel, modelo Business-236, diseñado para uso doméstico, empresarial o profesional.",20962.13,26,Proveedor 09,Disponible
3173,Unidad óptica Lenovo Plus-485,Almacenamiento,Lenovo,Plus-485,"Unidad óptica de Lenovo, modelo Plus-485, diseñado para uso doméstico, empresarial o profesional.",5928.9,22,Proveedor 24,Disponible
3174,Almacenamiento en red Tripp Lite Business-490,Almacenamiento,Tripp Lite,Business-490,"Almacenamiento en red de Tripp Lite, modelo Business-490, diseñado para uso doméstico, empresarial o profesional.",17805.24,44,Proveedor 09,Disponible
3175,SSD NVMe Acer Enterprise-670,Almacenamiento,Acer,Enterprise-670,"SSD NVMe de Acer, modelo Enterprise-670, diseñado para uso doméstico, empresarial o profesional.",16270.13,115,Proveedor 06,Disponible
3176,Caja para disco Epson Pro-681,Almacenamiento,Epson,Pro-681,"Caja para disco de Epson, modelo Pro-681, diseñado para uso doméstico, empresarial o profesional.",19839.87,38,Proveedor 04,Disponible
3177,Caja para disco Brother Basic-501,Almacenamiento,Brother,Basic-501,"Caja para disco de Brother, modelo Basic-501, diseñado para uso doméstico, empresarial o profesional.",23010.77,40,Proveedor 19,Disponible
3178,Tarjeta SD ASUS Max-987,Almacenamiento,ASUS,Max-987,"Tarjeta SD de ASUS, modelo Max-987, diseñado para uso doméstico, empresarial o profesional.",12939.9,12,Proveedor 23,Disponible
3179,Almacenamiento en red Tripp Lite Pro-271,Almacenamiento,Tripp Lite,Pro-271,"Almacenamiento en red de Tripp Lite, modelo Pro-271, diseñado para uso doméstico, empresarial o profesional.",3770.79,11,Proveedor 04,Disponible
3180,Disco duro externo ASUS Pro-279,Almacenamiento,ASUS,Pro-279,"Disco duro externo de ASUS, modelo Pro-279, diseñado para uso doméstico, empresarial o profesional.",22240.75,4,Proveedor 03,Disponible
3181,Caja para disco Huawei Ultra-544,Almacenamiento,Huawei,Ultra-544,"Caja para disco de Huawei, modelo Ultra-544, diseñado para uso doméstico, empresarial o profesional.",9578.15,11,Proveedor 01,Disponible
3182,Caja para disco AMD Business-988,Almacenamiento,AMD,Business-988,"Caja para disco de AMD, modelo Business-988, diseñado para uso doméstico, empresarial o profesional.",14018.99,123,Proveedor 23,Disponible
3183,Memoria USB HP Basic-660,Almacenamiento,HP,Basic-660,"Memoria USB de HP, modelo Basic-660, diseñado para uso doméstico, empresarial o profesional.",2227.74,75,Proveedor 07,Disponible
3184,NAS Huawei Enterprise-195,Almacenamiento,Huawei,Enterprise-195,"NAS de Huawei, modelo Enterprise-195, diseñado para uso doméstico, empresarial o profesional.",7325.78,60,Proveedor 18,Disponible
3185,Tarjeta microSD Samsung Business-349,Almacenamiento,Samsung,Business-349,"Tarjeta microSD de Samsung, modelo Business-349, diseñado para uso doméstico, empresarial o profesional.",16082.66,21,Proveedor 19,Disponible
3186,Caja para disco Cisco Enterprise-594,Almacenamiento,Cisco,Enterprise-594,"Caja para disco de Cisco, modelo Enterprise-594, diseñado para uso doméstico, empresarial o profesional.",7017.64,140,Proveedor 21,Disponible
3187,SSD NVMe Acer Plus-416,Almacenamiento,Acer,Plus-416,"SSD NVMe de Acer, modelo Plus-416, diseñado para uso doméstico, empresarial o profesional.",10305.4,150,Proveedor 11,Disponible
3188,Disco duro interno Cisco Basic-303,Almacenamiento,Cisco,Basic-303,"Disco duro interno de Cisco, modelo Basic-303, diseñado para uso doméstico, empresarial o profesional.",18373.38,4,Proveedor 15,Disponible
3189,Memoria USB ASUS Basic-478,Almacenamiento,ASUS,Basic-478,"Memoria USB de ASUS, modelo Basic-478, diseñado para uso doméstico, empresarial o profesional.",20461.64,71,Proveedor 11,Disponible
3190,Almacenamiento en red Huawei Ultra-954,Almacenamiento,Huawei,Ultra-954,"Almacenamiento en red de Huawei, modelo Ultra-954, diseñado para uso doméstico, empresarial o profesional.",2002.14,5,Proveedor 23,Disponible
3191,Disco duro externo Ubiquiti Ultra-784,Almacenamiento,Ubiquiti,Ultra-784,"Disco duro externo de Ubiquiti, modelo Ultra-784, diseñado para uso doméstico, empresarial o profesional.",9839.86,68,Proveedor 03,Disponible
3192,Disco duro interno TP-Link Business-502,Almacenamiento,TP-Link,Business-502,"Disco duro interno de TP-Link, modelo Business-502, diseñado para uso doméstico, empresarial o profesional.",22916.08,76,Proveedor 03,Disponible
3193,Disco duro interno Epson Plus-101,Almacenamiento,Epson,Plus-101,"Disco duro interno de Epson, modelo Plus-101, diseñado para uso doméstico, empresarial o profesional.",20222.91,138,Proveedor 11,Disponible
3194,Disco duro interno Huawei Max-937,Almacenamiento,Huawei,Max-937,"Disco duro interno de Huawei, modelo Max-937, diseñado para uso doméstico, empresarial o profesional.",23071.51,68,Proveedor 25,Disponible
3195,Almacenamiento en red Brother Basic-635,Almacenamiento,Brother,Basic-635,"Almacenamiento en red de Brother, modelo Basic-635, diseñado para uso doméstico, empresarial o profesional.",15437.11,94,Proveedor 25,Disponible
3196,Caja para disco Acer Ultra-529,Almacenamiento,Acer,Ultra-529,"Caja para disco de Acer, modelo Ultra-529, diseñado para uso doméstico, empresarial o profesional.",13773.63,75,Proveedor 18,Disponible
3197,SSD NVMe Huawei Max-843,Almacenamiento,Huawei,Max-843,"SSD NVMe de Huawei, modelo Max-843, diseñado para uso doméstico, empresarial o profesional.",14251.58,103,Proveedor 06,Disponible
3198,Memoria USB AMD Ultra-903,Almacenamiento,AMD,Ultra-903,"Memoria USB de AMD, modelo Ultra-903, diseñado para uso doméstico, empresarial o profesional.",533.35,59,Proveedor 18,Disponible
3199,Memoria USB Tripp Lite Max-632,Almacenamiento,Tripp Lite,Max-632,"Memoria USB de Tripp Lite, modelo Max-632, diseñado para uso doméstico, empresarial o profesional.",22458.0,144,Proveedor 04,Disponible
3200,Unidad óptica APC Business-776,Almacenamiento,APC,Business-776,"Unidad óptica de APC, modelo Business-776, diseñado para uso doméstico, empresarial o profesional.",16074.84,18,Proveedor 12,Disponible
3201,Disco duro externo LG Enterprise-705,Almacenamiento,LG,Enterprise-705,"Disco duro externo de LG, modelo Enterprise-705, diseñado para uso doméstico, empresarial o profesional.",10804.54,92,Proveedor 15,Disponible
3202,Disco duro interno Intel Ultra-486,Almacenamiento,Intel,Ultra-486,"Disco duro interno de Intel, modelo Ultra-486, diseñado para uso doméstico, empresarial o profesional.",730.83,60,Proveedor 05,Disponible
3203,Disco duro externo Dell Pro-541,Almacenamiento,Dell,Pro-541,"Disco duro externo de Dell, modelo Pro-541, diseñado para uso doméstico, empresarial o profesional.",22047.31,91,Proveedor 15,Disponible
3204,Caja para disco Intel Max-950,Almacenamiento,Intel,Max-950,"Caja para disco de Intel, modelo Max-950, diseñado para uso doméstico, empresarial o profesional.",21836.14,97,Proveedor 01,Disponible
3205,Tarjeta microSD Dell Max-975,Almacenamiento,Dell,Max-975,"Tarjeta microSD de Dell, modelo Max-975, diseñado para uso doméstico, empresarial o profesional.",295.23,146,Proveedor 12,Disponible
3206,SSD NVMe Dell Enterprise-572,Almacenamiento,Dell,Enterprise-572,"SSD NVMe de Dell, modelo Enterprise-572, diseñado para uso doméstico, empresarial o profesional.",9125.99,130,Proveedor 11,Disponible
3207,Disco duro interno Hikvision Ultra-567,Almacenamiento,Hikvision,Ultra-567,"Disco duro interno de Hikvision, modelo Ultra-567, diseñado para uso doméstico, empresarial o profesional.",7376.07,23,Proveedor 22,Disponible
3208,SSD NVMe Brother Plus-494,Almacenamiento,Brother,Plus-494,"SSD NVMe de Brother, modelo Plus-494, diseñado para uso doméstico, empresarial o profesional.",15112.76,19,Proveedor 04,Disponible
3209,Caja para disco Tripp Lite Pro-387,Almacenamiento,Tripp Lite,Pro-387,"Caja para disco de Tripp Lite, modelo Pro-387, diseñado para uso doméstico, empresarial o profesional.",2433.77,103,Proveedor 05,Disponible
3210,Memoria USB Logitech Pro-266,Almacenamiento,Logitech,Pro-266,"Memoria USB de Logitech, modelo Pro-266, diseñado para uso doméstico, empresarial o profesional.",3651.69,122,Proveedor 11,Disponible
3211,Caja para disco Intel Basic-560,Almacenamiento,Intel,Basic-560,"Caja para disco de Intel, modelo Basic-560, diseñado para uso doméstico, empresarial o profesional.",1476.86,67,Proveedor 24,Disponible
3212,NAS Logitech Pro-207,Almacenamiento,Logitech,Pro-207,"NAS de Logitech, modelo Pro-207, diseñado para uso doméstico, empresarial o profesional.",20609.19,88,Proveedor 22,Disponible
3213,Tarjeta microSD LG Ultra-953,Almacenamiento,LG,Ultra-953,"Tarjeta microSD de LG, modelo Ultra-953, diseñado para uso doméstico, empresarial o profesional.",20899.96,81,Proveedor 14,Disponible
3214,Caja para disco Lenovo Basic-965,Almacenamiento,Lenovo,Basic-965,"Caja para disco de Lenovo, modelo Basic-965, diseñado para uso doméstico, empresarial o profesional.",14512.75,32,Proveedor 12,Disponible
3215,Unidad óptica TP-Link Business-688,Almacenamiento,TP-Link,Business-688,"Unidad óptica de TP-Link, modelo Business-688, diseñado para uso doméstico, empresarial o profesional.",598.84,12,Proveedor 03,Disponible
3216,Memoria USB Epson Business-450,Almacenamiento,Epson,Business-450,"Memoria USB de Epson, modelo Business-450, diseñado para uso doméstico, empresarial o profesional.",10338.72,13,Proveedor 15,Disponible
3217,SSD NVMe Acer Enterprise-239,Almacenamiento,Acer,Enterprise-239,"SSD NVMe de Acer, modelo Enterprise-239, diseñado para uso doméstico, empresarial o profesional.",7069.39,120,Proveedor 06,Disponible
3218,Caja para disco ASUS Max-725,Almacenamiento,ASUS,Max-725,"Caja para disco de ASUS, modelo Max-725, diseñado para uso doméstico, empresarial o profesional.",8303.24,71,Proveedor 01,Disponible
3219,Disco duro externo Dell Ultra-632,Almacenamiento,Dell,Ultra-632,"Disco duro externo de Dell, modelo Ultra-632, diseñado para uso doméstico, empresarial o profesional.",16350.95,132,Proveedor 06,Disponible
3220,SSD NVMe Logitech Business-563,Almacenamiento,Logitech,Business-563,"SSD NVMe de Logitech, modelo Business-563, diseñado para uso doméstico, empresarial o profesional.",6123.21,34,Proveedor 14,Disponible
3221,Disco duro interno Huawei Max-913,Almacenamiento,Huawei,Max-913,"Disco duro interno de Huawei, modelo Max-913, diseñado para uso doméstico, empresarial o profesional.",19344.86,1,Proveedor 16,Disponible
3222,Disco duro interno Cisco Enterprise-459,Almacenamiento,Cisco,Enterprise-459,"Disco duro interno de Cisco, modelo Enterprise-459, diseñado para uso doméstico, empresarial o profesional.",23582.83,15,Proveedor 03,Disponible
3223,Disco duro interno Intel Plus-101,Almacenamiento,Intel,Plus-101,"Disco duro interno de Intel, modelo Plus-101, diseñado para uso doméstico, empresarial o profesional.",15318.9,118,Proveedor 04,Disponible
3224,Disco duro interno Samsung Pro-537,Almacenamiento,Samsung,Pro-537,"Disco duro interno de Samsung, modelo Pro-537, diseñado para uso doméstico, empresarial o profesional.",2159.64,11,Proveedor 24,Disponible
3225,NAS Epson Enterprise-982,Almacenamiento,Epson,Enterprise-982,"NAS de Epson, modelo Enterprise-982, diseñado para uso doméstico, empresarial o profesional.",19879.54,13,Proveedor 19,Disponible
3226,SSD NVMe Acer Basic-133,Almacenamiento,Acer,Basic-133,"SSD NVMe de Acer, modelo Basic-133, diseñado para uso doméstico, empresarial o profesional.",11640.03,110,Proveedor 19,Disponible
3227,NAS TP-Link Basic-595,Almacenamiento,TP-Link,Basic-595,"NAS de TP-Link, modelo Basic-595, diseñado para uso doméstico, empresarial o profesional.",6522.18,22,Proveedor 17,Disponible
3228,Almacenamiento en red Kingston Max-828,Almacenamiento,Kingston,Max-828,"Almacenamiento en red de Kingston, modelo Max-828, diseñado para uso doméstico, empresarial o profesional.",8281.64,75,Proveedor 08,Disponible
3229,SSD NVMe Intel Max-579,Almacenamiento,Intel,Max-579,"SSD NVMe de Intel, modelo Max-579, diseñado para uso doméstico, empresarial o profesional.",10418.13,142,Proveedor 19,Disponible
3230,Tarjeta SD Ubiquiti Plus-234,Almacenamiento,Ubiquiti,Plus-234,"Tarjeta SD de Ubiquiti, modelo Plus-234, diseñado para uso doméstico, empresarial o profesional.",14940.17,71,Proveedor 16,Disponible
3231,Disco duro interno Ubiquiti Enterprise-850,Almacenamiento,Ubiquiti,Enterprise-850,"Disco duro interno de Ubiquiti, modelo Enterprise-850, diseñado para uso doméstico, empresarial o profesional.",2339.06,131,Proveedor 05,Disponible
3232,Unidad óptica Acer Enterprise-418,Almacenamiento,Acer,Enterprise-418,"Unidad óptica de Acer, modelo Enterprise-418, diseñado para uso doméstico, empresarial o profesional.",20301.78,21,Proveedor 07,Disponible
3233,Disco duro interno Cisco Plus-440,Almacenamiento,Cisco,Plus-440,"Disco duro interno de Cisco, modelo Plus-440, diseñado para uso doméstico, empresarial o profesional.",1278.29,90,Proveedor 25,Disponible
3234,Caja para disco AMD Ultra-327,Almacenamiento,AMD,Ultra-327,"Caja para disco de AMD, modelo Ultra-327, diseñado para uso doméstico, empresarial o profesional.",17162.37,17,Proveedor 15,Disponible
3235,Tarjeta microSD Acer Enterprise-909,Almacenamiento,Acer,Enterprise-909,"Tarjeta microSD de Acer, modelo Enterprise-909, diseñado para uso doméstico, empresarial o profesional.",18250.05,112,Proveedor 09,Disponible
3236,Caja para disco Epson Plus-992,Almacenamiento,Epson,Plus-992,"Caja para disco de Epson, modelo Plus-992, diseñado para uso doméstico, empresarial o profesional.",22972.15,107,Proveedor 17,Disponible
3237,Disco duro externo Huawei Enterprise-379,Almacenamiento,Huawei,Enterprise-379,"Disco duro externo de Huawei, modelo Enterprise-379, diseñado para uso doméstico, empresarial o profesional.",24478.49,111,Proveedor 02,Disponible
3238,Memoria USB Hikvision Pro-702,Almacenamiento,Hikvision,Pro-702,"Memoria USB de Hikvision, modelo Pro-702, diseñado para uso doméstico, empresarial o profesional.",13766.65,64,Proveedor 10,Disponible
3239,Caja para disco APC Pro-660,Almacenamiento,APC,Pro-660,"Caja para disco de APC, modelo Pro-660, diseñado para uso doméstico, empresarial o profesional.",7695.45,45,Proveedor 11,Disponible
3240,Tarjeta SD Huawei Enterprise-745,Almacenamiento,Huawei,Enterprise-745,"Tarjeta SD de Huawei, modelo Enterprise-745, diseñado para uso doméstico, empresarial o profesional.",24230.82,76,Proveedor 13,Disponible
3241,SSD NVMe Tripp Lite Basic-438,Almacenamiento,Tripp Lite,Basic-438,"SSD NVMe de Tripp Lite, modelo Basic-438, diseñado para uso doméstico, empresarial o profesional.",8449.71,114,Proveedor 15,Disponible
3242,Tarjeta microSD Cisco Ultra-468,Almacenamiento,Cisco,Ultra-468,"Tarjeta microSD de Cisco, modelo Ultra-468, diseñado para uso doméstico, empresarial o profesional.",11307.29,85,Proveedor 12,Disponible
3243,Disco duro interno LG Ultra-263,Almacenamiento,LG,Ultra-263,"Disco duro interno de LG, modelo Ultra-263, diseñado para uso doméstico, empresarial o profesional.",5268.85,46,Proveedor 24,Disponible
3244,Disco duro externo AMD Basic-653,Almacenamiento,AMD,Basic-653,"Disco duro externo de AMD, modelo Basic-653, diseñado para uso doméstico, empresarial o profesional.",23432.4,83,Proveedor 04,Disponible
3245,Disco duro externo Brother Business-816,Almacenamiento,Brother,Business-816,"Disco duro externo de Brother, modelo Business-816, diseñado para uso doméstico, empresarial o profesional.",7840.41,7,Proveedor 22,Disponible
3246,Almacenamiento en red HP Pro-202,Almacenamiento,HP,Pro-202,"Almacenamiento en red de HP, modelo Pro-202, diseñado para uso doméstico, empresarial o profesional.",23783.39,25,Proveedor 15,Disponible
3247,Caja para disco Huawei Basic-715,Almacenamiento,Huawei,Basic-715,"Caja para disco de Huawei, modelo Basic-715, diseñado para uso doméstico, empresarial o profesional.",24659.06,4,Proveedor 05,Disponible
3248,NAS Kingston Business-555,Almacenamiento,Kingston,Business-555,"NAS de Kingston, modelo Business-555, diseñado para uso doméstico, empresarial o profesional.",17097.13,13,Proveedor 22,Disponible
3249,SSD NVMe ASUS Business-124,Almacenamiento,ASUS,Business-124,"SSD NVMe de ASUS, modelo Business-124, diseñado para uso doméstico, empresarial o profesional.",10242.15,94,Proveedor 08,Disponible
3250,NAS Logitech Business-185,Almacenamiento,Logitech,Business-185,"NAS de Logitech, modelo Business-185, diseñado para uso doméstico, empresarial o profesional.",17112.31,0,Proveedor 03,Agotado
3251,SSD NVMe ASUS Ultra-421,Almacenamiento,ASUS,Ultra-421,"SSD NVMe de ASUS, modelo Ultra-421, diseñado para uso doméstico, empresarial o profesional.",19655.6,144,Proveedor 12,Disponible
3252,Disco duro externo TP-Link Pro-980,Almacenamiento,TP-Link,Pro-980,"Disco duro externo de TP-Link, modelo Pro-980, diseñado para uso doméstico, empresarial o profesional.",10529.37,12,Proveedor 03,Disponible
3253,NAS HP Plus-319,Almacenamiento,HP,Plus-319,"NAS de HP, modelo Plus-319, diseñado para uso doméstico, empresarial o profesional.",21591.17,46,Proveedor 12,Disponible
3254,Almacenamiento en red Logitech Ultra-748,Almacenamiento,Logitech,Ultra-748,"Almacenamiento en red de Logitech, modelo Ultra-748, diseñado para uso doméstico, empresarial o profesional.",22281.33,86,Proveedor 02,Disponible
3255,Unidad óptica Kingston Basic-954,Almacenamiento,Kingston,Basic-954,"Unidad óptica de Kingston, modelo Basic-954, diseñado para uso doméstico, empresarial o profesional.",12383.97,113,Proveedor 23,Disponible
3256,Tarjeta SD Lenovo Ultra-709,Almacenamiento,Lenovo,Ultra-709,"Tarjeta SD de Lenovo, modelo Ultra-709, diseñado para uso doméstico, empresarial o profesional.",13836.0,90,Proveedor 23,Disponible
3257,Almacenamiento en red LG Business-128,Almacenamiento,LG,Business-128,"Almacenamiento en red de LG, modelo Business-128, diseñado para uso doméstico, empresarial o profesional.",22849.36,16,Proveedor 02,Disponible
3258,Disco duro externo Huawei Plus-793,Almacenamiento,Huawei,Plus-793,"Disco duro externo de Huawei, modelo Plus-793, diseñado para uso doméstico, empresarial o profesional.",15607.71,77,Proveedor 25,Disponible
3259,Disco duro externo Acer Business-692,Almacenamiento,Acer,Business-692,"Disco duro externo de Acer, modelo Business-692, diseñado para uso doméstico, empresarial o profesional.",3095.16,71,Proveedor 12,Disponible
3260,SSD NVMe Cisco Pro-538,Almacenamiento,Cisco,Pro-538,"SSD NVMe de Cisco, modelo Pro-538, diseñado para uso doméstico, empresarial o profesional.",1283.34,72,Proveedor 03,Disponible
3261,Disco duro interno Tripp Lite Plus-741,Almacenamiento,Tripp Lite,Plus-741,"Disco duro interno de Tripp Lite, modelo Plus-741, diseñado para uso doméstico, empresarial o profesional.",15393.76,24,Proveedor 08,Disponible
3262,NAS AMD Max-278,Almacenamiento,AMD,Max-278,"NAS de AMD, modelo Max-278, diseñado para uso doméstico, empresarial o profesional.",24002.13,91,Proveedor 12,Disponible
3263,Tarjeta SD LG Business-680,Almacenamiento,LG,Business-680,"Tarjeta SD de LG, modelo Business-680, diseñado para uso doméstico, empresarial o profesional.",8610.62,11,Proveedor 12,Disponible
3264,Memoria USB Dell Basic-160,Almacenamiento,Dell,Basic-160,"Memoria USB de Dell, modelo Basic-160, diseñado para uso doméstico, empresarial o profesional.",10277.79,124,Proveedor 19,Disponible
3265,Almacenamiento en red TP-Link Business-119,Almacenamiento,TP-Link,Business-119,"Almacenamiento en red de TP-Link, modelo Business-119, diseñado para uso doméstico, empresarial o profesional.",10034.92,109,Proveedor 18,Disponible
3266,Disco duro externo Dell Max-496,Almacenamiento,Dell,Max-496,"Disco duro externo de Dell, modelo Max-496, diseñado para uso doméstico, empresarial o profesional.",17970.65,122,Proveedor 09,Disponible
3267,Disco duro externo Epson Ultra-612,Almacenamiento,Epson,Ultra-612,"Disco duro externo de Epson, modelo Ultra-612, diseñado para uso doméstico, empresarial o profesional.",6786.34,32,Proveedor 23,Disponible
3268,Tarjeta SD Acer Max-968,Almacenamiento,Acer,Max-968,"Tarjeta SD de Acer, modelo Max-968, diseñado para uso doméstico, empresarial o profesional.",7331.05,148,Proveedor 23,Disponible
3269,NAS Epson Basic-102,Almacenamiento,Epson,Basic-102,"NAS de Epson, modelo Basic-102, diseñado para uso doméstico, empresarial o profesional.",9906.87,117,Proveedor 13,Disponible
3270,SSD NVMe Samsung Plus-108,Almacenamiento,Samsung,Plus-108,"SSD NVMe de Samsung, modelo Plus-108, diseñado para uso doméstico, empresarial o profesional.",5566.46,89,Proveedor 01,Disponible
3271,Disco duro interno Brother Pro-488,Almacenamiento,Brother,Pro-488,"Disco duro interno de Brother, modelo Pro-488, diseñado para uso doméstico, empresarial o profesional.",7930.62,33,Proveedor 13,Disponible
3272,SSD NVMe Kingston Basic-570,Almacenamiento,Kingston,Basic-570,"SSD NVMe de Kingston, modelo Basic-570, diseñado para uso doméstico, empresarial o profesional.",13500.39,47,Proveedor 19,Disponible
3273,Disco duro externo ASUS Business-686,Almacenamiento,ASUS,Business-686,"Disco duro externo de ASUS, modelo Business-686, diseñado para uso doméstico, empresarial o profesional.",17606.04,38,Proveedor 08,Disponible
3274,Tarjeta SD Kingston Plus-976,Almacenamiento,Kingston,Plus-976,"Tarjeta SD de Kingston, modelo Plus-976, diseñado para uso doméstico, empresarial o profesional.",2516.94,3,Proveedor 24,Disponible
3275,Disco duro externo Intel Basic-758,Almacenamiento,Intel,Basic-758,"Disco duro externo de Intel, modelo Basic-758, diseñado para uso doméstico, empresarial o profesional.",22391.5,107,Proveedor 22,Disponible
3276,Disco duro externo LG Pro-105,Almacenamiento,LG,Pro-105,"Disco duro externo de LG, modelo Pro-105, diseñado para uso doméstico, empresarial o profesional.",15984.59,138,Proveedor 18,Disponible
3277,Memoria USB APC Plus-348,Almacenamiento,APC,Plus-348,"Memoria USB de APC, modelo Plus-348, diseñado para uso doméstico, empresarial o profesional.",496.52,29,Proveedor 03,Disponible
3278,Memoria USB Huawei Ultra-325,Almacenamiento,Huawei,Ultra-325,"Memoria USB de Huawei, modelo Ultra-325, diseñado para uso doméstico, empresarial o profesional.",19895.27,1,Proveedor 10,Disponible
3279,NAS Hikvision Plus-872,Almacenamiento,Hikvision,Plus-872,"NAS de Hikvision, modelo Plus-872, diseñado para uso doméstico, empresarial o profesional.",21929.96,144,Proveedor 18,Disponible
3280,Caja para disco Hikvision Plus-977,Almacenamiento,Hikvision,Plus-977,"Caja para disco de Hikvision, modelo Plus-977, diseñado para uso doméstico, empresarial o profesional.",14205.0,47,Proveedor 03,Disponible
3281,SSD NVMe Intel Business-707,Almacenamiento,Intel,Business-707,"SSD NVMe de Intel, modelo Business-707, diseñado para uso doméstico, empresarial o profesional.",19310.99,79,Proveedor 06,Disponible
3282,Memoria USB Cisco Pro-963,Almacenamiento,Cisco,Pro-963,"Memoria USB de Cisco, modelo Pro-963, diseñado para uso doméstico, empresarial o profesional.",6120.69,45,Proveedor 01,Disponible
3283,SSD NVMe Hikvision Plus-462,Almacenamiento,Hikvision,Plus-462,"SSD NVMe de Hikvision, modelo Plus-462, diseñado para uso doméstico, empresarial o profesional.",13088.42,19,Proveedor 09,Disponible
3284,Unidad óptica Hikvision Basic-811,Almacenamiento,Hikvision,Basic-811,"Unidad óptica de Hikvision, modelo Basic-811, diseñado para uso doméstico, empresarial o profesional.",14956.57,0,Proveedor 15,Agotado
3285,Disco duro interno Dell Enterprise-452,Almacenamiento,Dell,Enterprise-452,"Disco duro interno de Dell, modelo Enterprise-452, diseñado para uso doméstico, empresarial o profesional.",21070.07,57,Proveedor 23,Disponible
3286,Caja para disco TP-Link Pro-293,Almacenamiento,TP-Link,Pro-293,"Caja para disco de TP-Link, modelo Pro-293, diseñado para uso doméstico, empresarial o profesional.",10871.51,43,Proveedor 04,Disponible
3287,Almacenamiento en red ASUS Basic-461,Almacenamiento,ASUS,Basic-461,"Almacenamiento en red de ASUS, modelo Basic-461, diseñado para uso doméstico, empresarial o profesional.",22686.57,134,Proveedor 04,Disponible
3288,Caja para disco Intel Ultra-840,Almacenamiento,Intel,Ultra-840,"Caja para disco de Intel, modelo Ultra-840, diseñado para uso doméstico, empresarial o profesional.",256.26,93,Proveedor 19,Disponible
3289,Disco duro interno Ubiquiti Basic-891,Almacenamiento,Ubiquiti,Basic-891,"Disco duro interno de Ubiquiti, modelo Basic-891, diseñado para uso doméstico, empresarial o profesional.",2934.8,111,Proveedor 07,Disponible
3290,Caja para disco LG Plus-663,Almacenamiento,LG,Plus-663,"Caja para disco de LG, modelo Plus-663, diseñado para uso doméstico, empresarial o profesional.",13832.44,150,Proveedor 11,Disponible
3291,Almacenamiento en red Hikvision Business-581,Almacenamiento,Hikvision,Business-581,"Almacenamiento en red de Hikvision, modelo Business-581, diseñado para uso doméstico, empresarial o profesional.",4311.86,24,Proveedor 13,Disponible
3292,Caja para disco APC Basic-825,Almacenamiento,APC,Basic-825,"Caja para disco de APC, modelo Basic-825, diseñado para uso doméstico, empresarial o profesional.",1401.05,86,Proveedor 08,Disponible
3293,Unidad óptica Tripp Lite Enterprise-927,Almacenamiento,Tripp Lite,Enterprise-927,"Unidad óptica de Tripp Lite, modelo Enterprise-927, diseñado para uso doméstico, empresarial o profesional.",17529.2,55,Proveedor 03,Disponible
3294,Caja para disco Huawei Max-258,Almacenamiento,Huawei,Max-258,"Caja para disco de Huawei, modelo Max-258, diseñado para uso doméstico, empresarial o profesional.",12786.73,148,Proveedor 16,Disponible
3295,SSD NVMe APC Plus-439,Almacenamiento,APC,Plus-439,"SSD NVMe de APC, modelo Plus-439, diseñado para uso doméstico, empresarial o profesional.",24041.91,79,Proveedor 02,Disponible
3296,Disco duro interno APC Pro-272,Almacenamiento,APC,Pro-272,"Disco duro interno de APC, modelo Pro-272, diseñado para uso doméstico, empresarial o profesional.",18101.2,122,Proveedor 06,Disponible
3297,Disco duro externo Cisco Pro-664,Almacenamiento,Cisco,Pro-664,"Disco duro externo de Cisco, modelo Pro-664, diseñado para uso doméstico, empresarial o profesional.",5461.72,75,Proveedor 18,Disponible
3298,SSD NVMe Epson Pro-778,Almacenamiento,Epson,Pro-778,"SSD NVMe de Epson, modelo Pro-778, diseñado para uso doméstico, empresarial o profesional.",23646.03,15,Proveedor 09,Disponible
3299,Disco duro interno Logitech Plus-598,Almacenamiento,Logitech,Plus-598,"Disco duro interno de Logitech, modelo Plus-598, diseñado para uso doméstico, empresarial o profesional.",24686.96,54,Proveedor 24,Disponible
3300,SSD NVMe APC Business-212,Almacenamiento,APC,Business-212,"SSD NVMe de APC, modelo Business-212, diseñado para uso doméstico, empresarial o profesional.",1791.07,92,Proveedor 19,Disponible
3301,Almacenamiento en red Acer Business-110,Almacenamiento,Acer,Business-110,"Almacenamiento en red de Acer, modelo Business-110, diseñado para uso doméstico, empresarial o profesional.",16877.19,3,Proveedor 05,Disponible
3302,Disco duro externo Acer Basic-383,Almacenamiento,Acer,Basic-383,"Disco duro externo de Acer, modelo Basic-383, diseñado para uso doméstico, empresarial o profesional.",23437.05,38,Proveedor 08,Disponible
3303,SSD NVMe Lenovo Business-549,Almacenamiento,Lenovo,Business-549,"SSD NVMe de Lenovo, modelo Business-549, diseñado para uso doméstico, empresarial o profesional.",12525.97,32,Proveedor 23,Disponible
3304,Disco duro interno Epson Plus-835,Almacenamiento,Epson,Plus-835,"Disco duro interno de Epson, modelo Plus-835, diseñado para uso doméstico, empresarial o profesional.",4969.99,33,Proveedor 17,Disponible
3305,Disco duro interno Ubiquiti Plus-148,Almacenamiento,Ubiquiti,Plus-148,"Disco duro interno de Ubiquiti, modelo Plus-148, diseñado para uso doméstico, empresarial o profesional.",10267.88,101,Proveedor 07,Disponible
3306,Disco duro externo Cisco Plus-832,Almacenamiento,Cisco,Plus-832,"Disco duro externo de Cisco, modelo Plus-832, diseñado para uso doméstico, empresarial o profesional.",19857.22,59,Proveedor 15,Disponible
3307,Unidad óptica Hikvision Plus-507,Almacenamiento,Hikvision,Plus-507,"Unidad óptica de Hikvision, modelo Plus-507, diseñado para uso doméstico, empresarial o profesional.",22591.87,24,Proveedor 20,Disponible
3308,Caja para disco Epson Pro-886,Almacenamiento,Epson,Pro-886,"Caja para disco de Epson, modelo Pro-886, diseñado para uso doméstico, empresarial o profesional.",1915.29,5,Proveedor 21,Disponible
3309,SSD NVMe AMD Basic-525,Almacenamiento,AMD,Basic-525,"SSD NVMe de AMD, modelo Basic-525, diseñado para uso doméstico, empresarial o profesional.",17113.51,18,Proveedor 16,Disponible
3310,Tarjeta microSD Huawei Enterprise-722,Almacenamiento,Huawei,Enterprise-722,"Tarjeta microSD de Huawei, modelo Enterprise-722, diseñado para uso doméstico, empresarial o profesional.",1165.78,40,Proveedor 19,Disponible
3311,Caja para disco Acer Basic-904,Almacenamiento,Acer,Basic-904,"Caja para disco de Acer, modelo Basic-904, diseñado para uso doméstico, empresarial o profesional.",874.92,63,Proveedor 24,Disponible
3312,Caja para disco Logitech Basic-734,Almacenamiento,Logitech,Basic-734,"Caja para disco de Logitech, modelo Basic-734, diseñado para uso doméstico, empresarial o profesional.",9769.42,41,Proveedor 05,Disponible
3313,Almacenamiento en red Dell Enterprise-989,Almacenamiento,Dell,Enterprise-989,"Almacenamiento en red de Dell, modelo Enterprise-989, diseñado para uso doméstico, empresarial o profesional.",5195.15,30,Proveedor 14,Disponible
3314,Unidad óptica TP-Link Max-157,Almacenamiento,TP-Link,Max-157,"Unidad óptica de TP-Link, modelo Max-157, diseñado para uso doméstico, empresarial o profesional.",9267.28,142,Proveedor 12,Disponible
3315,Memoria USB Huawei Ultra-871,Almacenamiento,Huawei,Ultra-871,"Memoria USB de Huawei, modelo Ultra-871, diseñado para uso doméstico, empresarial o profesional.",21943.77,10,Proveedor 13,Disponible
3316,Tarjeta SD Huawei Pro-186,Almacenamiento,Huawei,Pro-186,"Tarjeta SD de Huawei, modelo Pro-186, diseñado para uso doméstico, empresarial o profesional.",14322.65,100,Proveedor 12,Disponible
3317,NAS Cisco Plus-695,Almacenamiento,Cisco,Plus-695,"NAS de Cisco, modelo Plus-695, diseñado para uso doméstico, empresarial o profesional.",7280.45,65,Proveedor 10,Disponible
3318,Disco duro externo Hikvision Ultra-500,Almacenamiento,Hikvision,Ultra-500,"Disco duro externo de Hikvision, modelo Ultra-500, diseñado para uso doméstico, empresarial o profesional.",24495.46,78,Proveedor 20,Disponible
3319,Tarjeta SD Epson Max-526,Almacenamiento,Epson,Max-526,"Tarjeta SD de Epson, modelo Max-526, diseñado para uso doméstico, empresarial o profesional.",8693.18,77,Proveedor 21,Disponible
3320,Almacenamiento en red Huawei Pro-564,Almacenamiento,Huawei,Pro-564,"Almacenamiento en red de Huawei, modelo Pro-564, diseñado para uso doméstico, empresarial o profesional.",4865.85,43,Proveedor 13,Disponible
3321,SSD NVMe Ubiquiti Enterprise-220,Almacenamiento,Ubiquiti,Enterprise-220,"SSD NVMe de Ubiquiti, modelo Enterprise-220, diseñado para uso doméstico, empresarial o profesional.",2348.22,37,Proveedor 09,Disponible
3322,Tarjeta SD Ubiquiti Business-240,Almacenamiento,Ubiquiti,Business-240,"Tarjeta SD de Ubiquiti, modelo Business-240, diseñado para uso doméstico, empresarial o profesional.",23002.93,87,Proveedor 21,Disponible
3323,Caja para disco Samsung Plus-789,Almacenamiento,Samsung,Plus-789,"Caja para disco de Samsung, modelo Plus-789, diseñado para uso doméstico, empresarial o profesional.",3909.94,131,Proveedor 17,Disponible
3324,Disco duro externo Tripp Lite Business-604,Almacenamiento,Tripp Lite,Business-604,"Disco duro externo de Tripp Lite, modelo Business-604, diseñado para uso doméstico, empresarial o profesional.",23736.22,25,Proveedor 24,Disponible
3325,Almacenamiento en red Ubiquiti Pro-754,Almacenamiento,Ubiquiti,Pro-754,"Almacenamiento en red de Ubiquiti, modelo Pro-754, diseñado para uso doméstico, empresarial o profesional.",6116.54,79,Proveedor 23,Disponible
3326,Disco duro interno AMD Max-799,Almacenamiento,AMD,Max-799,"Disco duro interno de AMD, modelo Max-799, diseñado para uso doméstico, empresarial o profesional.",9599.62,56,Proveedor 07,Disponible
3327,Caja para disco Samsung Enterprise-345,Almacenamiento,Samsung,Enterprise-345,"Caja para disco de Samsung, modelo Enterprise-345, diseñado para uso doméstico, empresarial o profesional.",22200.93,72,Proveedor 15,Disponible
3328,SSD NVMe LG Business-158,Almacenamiento,LG,Business-158,"SSD NVMe de LG, modelo Business-158, diseñado para uso doméstico, empresarial o profesional.",9212.06,60,Proveedor 08,Disponible
3329,Tarjeta SD Logitech Pro-934,Almacenamiento,Logitech,Pro-934,"Tarjeta SD de Logitech, modelo Pro-934, diseñado para uso doméstico, empresarial o profesional.",1013.15,61,Proveedor 03,Disponible
3330,Disco duro interno LG Enterprise-784,Almacenamiento,LG,Enterprise-784,"Disco duro interno de LG, modelo Enterprise-784, diseñado para uso doméstico, empresarial o profesional.",13295.7,103,Proveedor 01,Disponible
3331,NAS Logitech Plus-984,Almacenamiento,Logitech,Plus-984,"NAS de Logitech, modelo Plus-984, diseñado para uso doméstico, empresarial o profesional.",11752.58,99,Proveedor 23,Disponible
3332,Almacenamiento en red Logitech Ultra-438,Almacenamiento,Logitech,Ultra-438,"Almacenamiento en red de Logitech, modelo Ultra-438, diseñado para uso doméstico, empresarial o profesional.",19932.24,102,Proveedor 19,Disponible
3333,Tarjeta microSD Samsung Pro-469,Almacenamiento,Samsung,Pro-469,"Tarjeta microSD de Samsung, modelo Pro-469, diseñado para uso doméstico, empresarial o profesional.",24181.3,111,Proveedor 12,Disponible
3334,Almacenamiento en red Brother Enterprise-377,Almacenamiento,Brother,Enterprise-377,"Almacenamiento en red de Brother, modelo Enterprise-377, diseñado para uso doméstico, empresarial o profesional.",9916.73,128,Proveedor 13,Disponible
3335,Disco duro interno Ubiquiti Pro-387,Almacenamiento,Ubiquiti,Pro-387,"Disco duro interno de Ubiquiti, modelo Pro-387, diseñado para uso doméstico, empresarial o profesional.",3292.86,45,Proveedor 11,Disponible
3336,Tarjeta microSD LG Basic-648,Almacenamiento,LG,Basic-648,"Tarjeta microSD de LG, modelo Basic-648, diseñado para uso doméstico, empresarial o profesional.",17488.87,2,Proveedor 19,Disponible
3337,NAS AMD Plus-620,Almacenamiento,AMD,Plus-620,"NAS de AMD, modelo Plus-620, diseñado para uso doméstico, empresarial o profesional.",2325.33,87,Proveedor 06,Disponible
3338,Memoria USB AMD Pro-430,Almacenamiento,AMD,Pro-430,"Memoria USB de AMD, modelo Pro-430, diseñado para uso doméstico, empresarial o profesional.",19695.21,95,Proveedor 19,Disponible
3339,Memoria USB Huawei Plus-964,Almacenamiento,Huawei,Plus-964,"Memoria USB de Huawei, modelo Plus-964, diseñado para uso doméstico, empresarial o profesional.",11250.1,28,Proveedor 08,Disponible
3340,Disco duro externo Hikvision Enterprise-382,Almacenamiento,Hikvision,Enterprise-382,"Disco duro externo de Hikvision, modelo Enterprise-382, diseñado para uso doméstico, empresarial o profesional.",3547.22,94,Proveedor 25,Disponible
3341,Almacenamiento en red HP Plus-285,Almacenamiento,HP,Plus-285,"Almacenamiento en red de HP, modelo Plus-285, diseñado para uso doméstico, empresarial o profesional.",9712.43,73,Proveedor 02,Disponible
3342,Tarjeta microSD Tripp Lite Max-300,Almacenamiento,Tripp Lite,Max-300,"Tarjeta microSD de Tripp Lite, modelo Max-300, diseñado para uso doméstico, empresarial o profesional.",6308.14,40,Proveedor 14,Disponible
3343,Disco duro interno Kingston Enterprise-424,Almacenamiento,Kingston,Enterprise-424,"Disco duro interno de Kingston, modelo Enterprise-424, diseñado para uso doméstico, empresarial o profesional.",22170.35,54,Proveedor 23,Disponible
3344,Disco duro externo Hikvision Max-522,Almacenamiento,Hikvision,Max-522,"Disco duro externo de Hikvision, modelo Max-522, diseñado para uso doméstico, empresarial o profesional.",5617.27,117,Proveedor 08,Disponible
3345,Disco duro interno TP-Link Basic-646,Almacenamiento,TP-Link,Basic-646,"Disco duro interno de TP-Link, modelo Basic-646, diseñado para uso doméstico, empresarial o profesional.",16193.57,31,Proveedor 16,Disponible
3346,Caja para disco LG Pro-245,Almacenamiento,LG,Pro-245,"Caja para disco de LG, modelo Pro-245, diseñado para uso doméstico, empresarial o profesional.",23308.24,20,Proveedor 12,Disponible
3347,Caja para disco Hikvision Basic-670,Almacenamiento,Hikvision,Basic-670,"Caja para disco de Hikvision, modelo Basic-670, diseñado para uso doméstico, empresarial o profesional.",7129.16,40,Proveedor 07,Disponible
3348,NAS Logitech Business-280,Almacenamiento,Logitech,Business-280,"NAS de Logitech, modelo Business-280, diseñado para uso doméstico, empresarial o profesional.",10908.7,129,Proveedor 15,Disponible
3349,Tarjeta microSD Logitech Enterprise-796,Almacenamiento,Logitech,Enterprise-796,"Tarjeta microSD de Logitech, modelo Enterprise-796, diseñado para uso doméstico, empresarial o profesional.",16314.6,127,Proveedor 02,Disponible
3350,Disco duro interno Brother Pro-758,Almacenamiento,Brother,Pro-758,"Disco duro interno de Brother, modelo Pro-758, diseñado para uso doméstico, empresarial o profesional.",24127.1,6,Proveedor 23,Disponible
3351,Caja para disco Ubiquiti Enterprise-449,Almacenamiento,Ubiquiti,Enterprise-449,"Caja para disco de Ubiquiti, modelo Enterprise-449, diseñado para uso doméstico, empresarial o profesional.",21901.51,37,Proveedor 08,Disponible
3352,Unidad óptica Hikvision Ultra-235,Almacenamiento,Hikvision,Ultra-235,"Unidad óptica de Hikvision, modelo Ultra-235, diseñado para uso doméstico, empresarial o profesional.",14496.02,102,Proveedor 22,Disponible
3353,NAS Ubiquiti Pro-299,Almacenamiento,Ubiquiti,Pro-299,"NAS de Ubiquiti, modelo Pro-299, diseñado para uso doméstico, empresarial o profesional.",11780.56,28,Proveedor 09,Disponible
3354,Disco duro externo Cisco Enterprise-744,Almacenamiento,Cisco,Enterprise-744,"Disco duro externo de Cisco, modelo Enterprise-744, diseñado para uso doméstico, empresarial o profesional.",17551.61,39,Proveedor 15,Disponible
3355,Caja para disco Dell Basic-476,Almacenamiento,Dell,Basic-476,"Caja para disco de Dell, modelo Basic-476, diseñado para uso doméstico, empresarial o profesional.",8238.27,132,Proveedor 22,Disponible
3356,Disco duro externo Cisco Basic-255,Almacenamiento,Cisco,Basic-255,"Disco duro externo de Cisco, modelo Basic-255, diseñado para uso doméstico, empresarial o profesional.",12173.55,45,Proveedor 24,Disponible
3357,SSD NVMe Dell Plus-290,Almacenamiento,Dell,Plus-290,"SSD NVMe de Dell, modelo Plus-290, diseñado para uso doméstico, empresarial o profesional.",8096.75,49,Proveedor 04,Disponible
3358,Memoria USB TP-Link Max-408,Almacenamiento,TP-Link,Max-408,"Memoria USB de TP-Link, modelo Max-408, diseñado para uso doméstico, empresarial o profesional.",5783.72,146,Proveedor 23,Disponible
3359,Disco duro interno Acer Enterprise-507,Almacenamiento,Acer,Enterprise-507,"Disco duro interno de Acer, modelo Enterprise-507, diseñado para uso doméstico, empresarial o profesional.",13297.8,22,Proveedor 16,Disponible
3360,SSD NVMe Cisco Pro-224,Almacenamiento,Cisco,Pro-224,"SSD NVMe de Cisco, modelo Pro-224, diseñado para uso doméstico, empresarial o profesional.",5073.17,88,Proveedor 12,Disponible
3361,SSD NVMe APC Enterprise-500,Almacenamiento,APC,Enterprise-500,"SSD NVMe de APC, modelo Enterprise-500, diseñado para uso doméstico, empresarial o profesional.",4523.85,6,Proveedor 20,Disponible
3362,SSD NVMe Intel Business-746,Almacenamiento,Intel,Business-746,"SSD NVMe de Intel, modelo Business-746, diseñado para uso doméstico, empresarial o profesional.",21420.24,63,Proveedor 12,Disponible
3363,SSD NVMe LG Max-460,Almacenamiento,LG,Max-460,"SSD NVMe de LG, modelo Max-460, diseñado para uso doméstico, empresarial o profesional.",20707.09,54,Proveedor 08,Disponible
3364,SSD NVMe ASUS Pro-755,Almacenamiento,ASUS,Pro-755,"SSD NVMe de ASUS, modelo Pro-755, diseñado para uso doméstico, empresarial o profesional.",17376.64,113,Proveedor 08,Disponible
3365,Almacenamiento en red Acer Max-717,Almacenamiento,Acer,Max-717,"Almacenamiento en red de Acer, modelo Max-717, diseñado para uso doméstico, empresarial o profesional.",15256.9,0,Proveedor 10,Agotado
3366,NAS Brother Business-810,Almacenamiento,Brother,Business-810,"NAS de Brother, modelo Business-810, diseñado para uso doméstico, empresarial o profesional.",20733.39,56,Proveedor 12,Disponible
3367,Tarjeta SD Lenovo Pro-533,Almacenamiento,Lenovo,Pro-533,"Tarjeta SD de Lenovo, modelo Pro-533, diseñado para uso doméstico, empresarial o profesional.",10756.51,129,Proveedor 12,Disponible
3368,Disco duro externo Brother Ultra-193,Almacenamiento,Brother,Ultra-193,"Disco duro externo de Brother, modelo Ultra-193, diseñado para uso doméstico, empresarial o profesional.",22698.84,141,Proveedor 15,Disponible
3369,Disco duro externo APC Pro-498,Almacenamiento,APC,Pro-498,"Disco duro externo de APC, modelo Pro-498, diseñado para uso doméstico, empresarial o profesional.",15237.29,30,Proveedor 25,Disponible
3370,Caja para disco ASUS Enterprise-974,Almacenamiento,ASUS,Enterprise-974,"Caja para disco de ASUS, modelo Enterprise-974, diseñado para uso doméstico, empresarial o profesional.",5117.6,9,Proveedor 04,Disponible
3371,Disco duro externo Brother Basic-259,Almacenamiento,Brother,Basic-259,"Disco duro externo de Brother, modelo Basic-259, diseñado para uso doméstico, empresarial o profesional.",10001.18,90,Proveedor 21,Disponible
3372,Caja para disco Epson Max-794,Almacenamiento,Epson,Max-794,"Caja para disco de Epson, modelo Max-794, diseñado para uso doméstico, empresarial o profesional.",14071.48,46,Proveedor 23,Disponible
3373,Disco duro interno Brother Business-912,Almacenamiento,Brother,Business-912,"Disco duro interno de Brother, modelo Business-912, diseñado para uso doméstico, empresarial o profesional.",21069.09,111,Proveedor 23,Disponible
3374,Tarjeta microSD Tripp Lite Enterprise-364,Almacenamiento,Tripp Lite,Enterprise-364,"Tarjeta microSD de Tripp Lite, modelo Enterprise-364, diseñado para uso doméstico, empresarial o profesional.",19516.86,122,Proveedor 07,Disponible
3375,NAS Hikvision Enterprise-368,Almacenamiento,Hikvision,Enterprise-368,"NAS de Hikvision, modelo Enterprise-368, diseñado para uso doméstico, empresarial o profesional.",3405.95,53,Proveedor 07,Disponible
3376,SSD NVMe Lenovo Pro-829,Almacenamiento,Lenovo,Pro-829,"SSD NVMe de Lenovo, modelo Pro-829, diseñado para uso doméstico, empresarial o profesional.",12782.7,27,Proveedor 25,Disponible
3377,Almacenamiento en red Kingston Plus-257,Almacenamiento,Kingston,Plus-257,"Almacenamiento en red de Kingston, modelo Plus-257, diseñado para uso doméstico, empresarial o profesional.",8750.74,144,Proveedor 05,Disponible
3378,SSD NVMe ASUS Business-462,Almacenamiento,ASUS,Business-462,"SSD NVMe de ASUS, modelo Business-462, diseñado para uso doméstico, empresarial o profesional.",10214.93,96,Proveedor 06,Disponible
3379,Almacenamiento en red Samsung Pro-480,Almacenamiento,Samsung,Pro-480,"Almacenamiento en red de Samsung, modelo Pro-480, diseñado para uso doméstico, empresarial o profesional.",16453.83,99,Proveedor 08,Disponible
3380,Unidad óptica Epson Basic-975,Almacenamiento,Epson,Basic-975,"Unidad óptica de Epson, modelo Basic-975, diseñado para uso doméstico, empresarial o profesional.",16246.69,136,Proveedor 02,Disponible
3381,Tarjeta microSD Huawei Business-912,Almacenamiento,Huawei,Business-912,"Tarjeta microSD de Huawei, modelo Business-912, diseñado para uso doméstico, empresarial o profesional.",12370.64,26,Proveedor 08,Disponible
3382,Disco duro externo Brother Business-422,Almacenamiento,Brother,Business-422,"Disco duro externo de Brother, modelo Business-422, diseñado para uso doméstico, empresarial o profesional.",5843.51,143,Proveedor 10,Disponible
3383,Disco duro interno Tripp Lite Plus-252,Almacenamiento,Tripp Lite,Plus-252,"Disco duro interno de Tripp Lite, modelo Plus-252, diseñado para uso doméstico, empresarial o profesional.",486.77,18,Proveedor 08,Disponible
3384,Memoria USB ASUS Ultra-776,Almacenamiento,ASUS,Ultra-776,"Memoria USB de ASUS, modelo Ultra-776, diseñado para uso doméstico, empresarial o profesional.",1574.7,73,Proveedor 22,Disponible
3385,Memoria USB Epson Max-948,Almacenamiento,Epson,Max-948,"Memoria USB de Epson, modelo Max-948, diseñado para uso doméstico, empresarial o profesional.",18044.36,93,Proveedor 13,Disponible
3386,Disco duro interno Samsung Business-383,Almacenamiento,Samsung,Business-383,"Disco duro interno de Samsung, modelo Business-383, diseñado para uso doméstico, empresarial o profesional.",19800.24,11,Proveedor 12,Disponible
3387,NAS Logitech Max-174,Almacenamiento,Logitech,Max-174,"NAS de Logitech, modelo Max-174, diseñado para uso doméstico, empresarial o profesional.",20012.16,17,Proveedor 12,Disponible
3388,Disco duro interno Ubiquiti Business-374,Almacenamiento,Ubiquiti,Business-374,"Disco duro interno de Ubiquiti, modelo Business-374, diseñado para uso doméstico, empresarial o profesional.",1939.72,144,Proveedor 25,Disponible
3389,NAS Samsung Ultra-378,Almacenamiento,Samsung,Ultra-378,"NAS de Samsung, modelo Ultra-378, diseñado para uso doméstico, empresarial o profesional.",570.14,23,Proveedor 19,Disponible
3390,Memoria USB Intel Pro-705,Almacenamiento,Intel,Pro-705,"Memoria USB de Intel, modelo Pro-705, diseñado para uso doméstico, empresarial o profesional.",8127.86,140,Proveedor 16,Disponible
3391,NAS ASUS Basic-588,Almacenamiento,ASUS,Basic-588,"NAS de ASUS, modelo Basic-588, diseñado para uso doméstico, empresarial o profesional.",20115.19,35,Proveedor 01,Disponible
3392,Tarjeta microSD ASUS Ultra-262,Almacenamiento,ASUS,Ultra-262,"Tarjeta microSD de ASUS, modelo Ultra-262, diseñado para uso doméstico, empresarial o profesional.",16716.59,18,Proveedor 20,Disponible
3393,Unidad óptica HP Pro-846,Almacenamiento,HP,Pro-846,"Unidad óptica de HP, modelo Pro-846, diseñado para uso doméstico, empresarial o profesional.",16591.56,38,Proveedor 10,Disponible
3394,Disco duro interno Acer Max-349,Almacenamiento,Acer,Max-349,"Disco duro interno de Acer, modelo Max-349, diseñado para uso doméstico, empresarial o profesional.",18834.66,110,Proveedor 20,Disponible
3395,Memoria USB Hikvision Max-680,Almacenamiento,Hikvision,Max-680,"Memoria USB de Hikvision, modelo Max-680, diseñado para uso doméstico, empresarial o profesional.",16234.57,103,Proveedor 02,Disponible
3396,Almacenamiento en red APC Ultra-320,Almacenamiento,APC,Ultra-320,"Almacenamiento en red de APC, modelo Ultra-320, diseñado para uso doméstico, empresarial o profesional.",1993.7,109,Proveedor 16,Disponible
3397,Unidad óptica Epson Basic-917,Almacenamiento,Epson,Basic-917,"Unidad óptica de Epson, modelo Basic-917, diseñado para uso doméstico, empresarial o profesional.",15108.26,47,Proveedor 05,Disponible
3398,Unidad óptica Huawei Business-882,Almacenamiento,Huawei,Business-882,"Unidad óptica de Huawei, modelo Business-882, diseñado para uso doméstico, empresarial o profesional.",853.71,86,Proveedor 23,Disponible
3399,Almacenamiento en red APC Max-736,Almacenamiento,APC,Max-736,"Almacenamiento en red de APC, modelo Max-736, diseñado para uso doméstico, empresarial o profesional.",11957.58,139,Proveedor 14,Disponible
3400,NAS Epson Enterprise-752,Almacenamiento,Epson,Enterprise-752,"NAS de Epson, modelo Enterprise-752, diseñado para uso doméstico, empresarial o profesional.",23408.84,146,Proveedor 23,Disponible
3401,Tarjeta microSD Acer Basic-717,Almacenamiento,Acer,Basic-717,"Tarjeta microSD de Acer, modelo Basic-717, diseñado para uso doméstico, empresarial o profesional.",2428.63,97,Proveedor 11,Disponible
3402,Tarjeta microSD Acer Basic-624,Almacenamiento,Acer,Basic-624,"Tarjeta microSD de Acer, modelo Basic-624, diseñado para uso doméstico, empresarial o profesional.",16852.02,148,Proveedor 21,Disponible
3403,NAS ASUS Pro-227,Almacenamiento,ASUS,Pro-227,"NAS de ASUS, modelo Pro-227, diseñado para uso doméstico, empresarial o profesional.",3746.58,40,Proveedor 04,Disponible
3404,Almacenamiento en red Dell Plus-962,Almacenamiento,Dell,Plus-962,"Almacenamiento en red de Dell, modelo Plus-962, diseñado para uso doméstico, empresarial o profesional.",734.45,89,Proveedor 16,Disponible
3405,Memoria USB Logitech Plus-676,Almacenamiento,Logitech,Plus-676,"Memoria USB de Logitech, modelo Plus-676, diseñado para uso doméstico, empresarial o profesional.",16056.08,72,Proveedor 16,Disponible
3406,Disco duro externo Cisco Basic-243,Almacenamiento,Cisco,Basic-243,"Disco duro externo de Cisco, modelo Basic-243, diseñado para uso doméstico, empresarial o profesional.",10608.49,143,Proveedor 15,Disponible
3407,Memoria USB Kingston Plus-657,Almacenamiento,Kingston,Plus-657,"Memoria USB de Kingston, modelo Plus-657, diseñado para uso doméstico, empresarial o profesional.",16684.72,111,Proveedor 16,Disponible
3408,Memoria USB Kingston Max-558,Almacenamiento,Kingston,Max-558,"Memoria USB de Kingston, modelo Max-558, diseñado para uso doméstico, empresarial o profesional.",14888.18,79,Proveedor 03,Disponible
3409,Memoria USB Acer Ultra-455,Almacenamiento,Acer,Ultra-455,"Memoria USB de Acer, modelo Ultra-455, diseñado para uso doméstico, empresarial o profesional.",10751.77,8,Proveedor 09,Disponible
3410,NAS Cisco Basic-516,Almacenamiento,Cisco,Basic-516,"NAS de Cisco, modelo Basic-516, diseñado para uso doméstico, empresarial o profesional.",6219.96,80,Proveedor 23,Disponible
3411,Tarjeta SD Brother Pro-138,Almacenamiento,Brother,Pro-138,"Tarjeta SD de Brother, modelo Pro-138, diseñado para uso doméstico, empresarial o profesional.",14783.25,98,Proveedor 09,Disponible
3412,Almacenamiento en red Ubiquiti Max-290,Almacenamiento,Ubiquiti,Max-290,"Almacenamiento en red de Ubiquiti, modelo Max-290, diseñado para uso doméstico, empresarial o profesional.",24077.72,112,Proveedor 03,Disponible
3413,Disco duro interno Intel Business-466,Almacenamiento,Intel,Business-466,"Disco duro interno de Intel, modelo Business-466, diseñado para uso doméstico, empresarial o profesional.",3563.23,97,Proveedor 08,Disponible
3414,NAS Acer Basic-811,Almacenamiento,Acer,Basic-811,"NAS de Acer, modelo Basic-811, diseñado para uso doméstico, empresarial o profesional.",9368.4,119,Proveedor 24,Disponible
3415,Disco duro externo ASUS Plus-458,Almacenamiento,ASUS,Plus-458,"Disco duro externo de ASUS, modelo Plus-458, diseñado para uso doméstico, empresarial o profesional.",2886.53,135,Proveedor 06,Disponible
3416,Unidad óptica Ubiquiti Business-311,Almacenamiento,Ubiquiti,Business-311,"Unidad óptica de Ubiquiti, modelo Business-311, diseñado para uso doméstico, empresarial o profesional.",10750.18,60,Proveedor 03,Disponible
3417,NAS AMD Plus-637,Almacenamiento,AMD,Plus-637,"NAS de AMD, modelo Plus-637, diseñado para uso doméstico, empresarial o profesional.",15576.01,143,Proveedor 19,Disponible
3418,NAS AMD Ultra-457,Almacenamiento,AMD,Ultra-457,"NAS de AMD, modelo Ultra-457, diseñado para uso doméstico, empresarial o profesional.",23076.69,105,Proveedor 22,Disponible
3419,Memoria USB Epson Plus-438,Almacenamiento,Epson,Plus-438,"Memoria USB de Epson, modelo Plus-438, diseñado para uso doméstico, empresarial o profesional.",18879.92,74,Proveedor 24,Disponible
3420,Tarjeta SD Kingston Business-363,Almacenamiento,Kingston,Business-363,"Tarjeta SD de Kingston, modelo Business-363, diseñado para uso doméstico, empresarial o profesional.",19671.28,78,Proveedor 20,Disponible
3421,Disco duro interno Huawei Max-717,Almacenamiento,Huawei,Max-717,"Disco duro interno de Huawei, modelo Max-717, diseñado para uso doméstico, empresarial o profesional.",14788.84,62,Proveedor 23,Disponible
3422,Tarjeta microSD Logitech Max-561,Almacenamiento,Logitech,Max-561,"Tarjeta microSD de Logitech, modelo Max-561, diseñado para uso doméstico, empresarial o profesional.",7234.46,147,Proveedor 09,Disponible
3423,Memoria USB Logitech Basic-638,Almacenamiento,Logitech,Basic-638,"Memoria USB de Logitech, modelo Basic-638, diseñado para uso doméstico, empresarial o profesional.",19012.9,143,Proveedor 06,Disponible
3424,SSD NVMe Epson Basic-707,Almacenamiento,Epson,Basic-707,"SSD NVMe de Epson, modelo Basic-707, diseñado para uso doméstico, empresarial o profesional.",8305.47,107,Proveedor 05,Disponible
3425,Almacenamiento en red Brother Business-323,Almacenamiento,Brother,Business-323,"Almacenamiento en red de Brother, modelo Business-323, diseñado para uso doméstico, empresarial o profesional.",24709.93,136,Proveedor 21,Disponible
3426,Caja para disco Intel Enterprise-376,Almacenamiento,Intel,Enterprise-376,"Caja para disco de Intel, modelo Enterprise-376, diseñado para uso doméstico, empresarial o profesional.",2629.01,40,Proveedor 04,Disponible
3427,Disco duro externo Intel Ultra-232,Almacenamiento,Intel,Ultra-232,"Disco duro externo de Intel, modelo Ultra-232, diseñado para uso doméstico, empresarial o profesional.",1670.92,44,Proveedor 04,Disponible
3428,Unidad óptica Cisco Ultra-434,Almacenamiento,Cisco,Ultra-434,"Unidad óptica de Cisco, modelo Ultra-434, diseñado para uso doméstico, empresarial o profesional.",7638.76,132,Proveedor 12,Disponible
3429,Tarjeta SD Kingston Business-826,Almacenamiento,Kingston,Business-826,"Tarjeta SD de Kingston, modelo Business-826, diseñado para uso doméstico, empresarial o profesional.",19641.57,94,Proveedor 11,Disponible
3430,Unidad óptica Intel Pro-979,Almacenamiento,Intel,Pro-979,"Unidad óptica de Intel, modelo Pro-979, diseñado para uso doméstico, empresarial o profesional.",19476.99,9,Proveedor 08,Disponible
3431,Disco duro externo Cisco Plus-384,Almacenamiento,Cisco,Plus-384,"Disco duro externo de Cisco, modelo Plus-384, diseñado para uso doméstico, empresarial o profesional.",14232.12,77,Proveedor 13,Disponible
3432,Disco duro interno Lenovo Business-725,Almacenamiento,Lenovo,Business-725,"Disco duro interno de Lenovo, modelo Business-725, diseñado para uso doméstico, empresarial o profesional.",5702.63,13,Proveedor 01,Disponible
3433,SSD NVMe LG Basic-239,Almacenamiento,LG,Basic-239,"SSD NVMe de LG, modelo Basic-239, diseñado para uso doméstico, empresarial o profesional.",19502.81,52,Proveedor 24,Disponible
3434,Unidad óptica Samsung Enterprise-502,Almacenamiento,Samsung,Enterprise-502,"Unidad óptica de Samsung, modelo Enterprise-502, diseñado para uso doméstico, empresarial o profesional.",21628.33,135,Proveedor 23,Disponible
3435,Almacenamiento en red Huawei Pro-438,Almacenamiento,Huawei,Pro-438,"Almacenamiento en red de Huawei, modelo Pro-438, diseñado para uso doméstico, empresarial o profesional.",14621.4,120,Proveedor 01,Disponible
3436,Caja para disco Ubiquiti Enterprise-180,Almacenamiento,Ubiquiti,Enterprise-180,"Caja para disco de Ubiquiti, modelo Enterprise-180, diseñado para uso doméstico, empresarial o profesional.",23079.04,55,Proveedor 03,Disponible
3437,Tarjeta microSD LG Max-405,Almacenamiento,LG,Max-405,"Tarjeta microSD de LG, modelo Max-405, diseñado para uso doméstico, empresarial o profesional.",4850.44,83,Proveedor 13,Disponible
3438,Memoria USB Epson Basic-174,Almacenamiento,Epson,Basic-174,"Memoria USB de Epson, modelo Basic-174, diseñado para uso doméstico, empresarial o profesional.",5687.13,138,Proveedor 18,Disponible
3439,NAS Cisco Pro-403,Almacenamiento,Cisco,Pro-403,"NAS de Cisco, modelo Pro-403, diseñado para uso doméstico, empresarial o profesional.",22272.68,48,Proveedor 14,Disponible
3440,SSD NVMe Lenovo Basic-978,Almacenamiento,Lenovo,Basic-978,"SSD NVMe de Lenovo, modelo Basic-978, diseñado para uso doméstico, empresarial o profesional.",6329.23,79,Proveedor 15,Disponible
3441,Tarjeta microSD ASUS Plus-516,Almacenamiento,ASUS,Plus-516,"Tarjeta microSD de ASUS, modelo Plus-516, diseñado para uso doméstico, empresarial o profesional.",5316.62,27,Proveedor 01,Disponible
3442,Tarjeta microSD Epson Business-561,Almacenamiento,Epson,Business-561,"Tarjeta microSD de Epson, modelo Business-561, diseñado para uso doméstico, empresarial o profesional.",17898.01,106,Proveedor 17,Disponible
3443,Memoria USB Tripp Lite Enterprise-128,Almacenamiento,Tripp Lite,Enterprise-128,"Memoria USB de Tripp Lite, modelo Enterprise-128, diseñado para uso doméstico, empresarial o profesional.",961.84,80,Proveedor 23,Disponible
3444,SSD NVMe Intel Enterprise-387,Almacenamiento,Intel,Enterprise-387,"SSD NVMe de Intel, modelo Enterprise-387, diseñado para uso doméstico, empresarial o profesional.",9628.51,149,Proveedor 02,Disponible
3445,SSD NVMe Dell Business-778,Almacenamiento,Dell,Business-778,"SSD NVMe de Dell, modelo Business-778, diseñado para uso doméstico, empresarial o profesional.",24311.13,112,Proveedor 10,Disponible
3446,Disco duro interno Hikvision Plus-292,Almacenamiento,Hikvision,Plus-292,"Disco duro interno de Hikvision, modelo Plus-292, diseñado para uso doméstico, empresarial o profesional.",24839.64,77,Proveedor 07,Disponible
3447,NAS Cisco Pro-333,Almacenamiento,Cisco,Pro-333,"NAS de Cisco, modelo Pro-333, diseñado para uso doméstico, empresarial o profesional.",13483.55,93,Proveedor 02,Disponible
3448,SSD NVMe ASUS Enterprise-672,Almacenamiento,ASUS,Enterprise-672,"SSD NVMe de ASUS, modelo Enterprise-672, diseñado para uso doméstico, empresarial o profesional.",15296.12,71,Proveedor 14,Disponible
3449,Memoria USB Samsung Pro-559,Almacenamiento,Samsung,Pro-559,"Memoria USB de Samsung, modelo Pro-559, diseñado para uso doméstico, empresarial o profesional.",18827.42,40,Proveedor 07,Disponible
3450,Tarjeta SD Lenovo Max-256,Almacenamiento,Lenovo,Max-256,"Tarjeta SD de Lenovo, modelo Max-256, diseñado para uso doméstico, empresarial o profesional.",15646.67,59,Proveedor 01,Disponible
3451,SSD NVMe TP-Link Pro-438,Almacenamiento,TP-Link,Pro-438,"SSD NVMe de TP-Link, modelo Pro-438, diseñado para uso doméstico, empresarial o profesional.",10121.63,27,Proveedor 07,Disponible
3452,Tarjeta SD TP-Link Pro-122,Almacenamiento,TP-Link,Pro-122,"Tarjeta SD de TP-Link, modelo Pro-122, diseñado para uso doméstico, empresarial o profesional.",5603.57,64,Proveedor 14,Disponible
3453,Unidad óptica Hikvision Basic-851,Almacenamiento,Hikvision,Basic-851,"Unidad óptica de Hikvision, modelo Basic-851, diseñado para uso doméstico, empresarial o profesional.",17352.61,109,Proveedor 15,Disponible
3454,NAS TP-Link Ultra-976,Almacenamiento,TP-Link,Ultra-976,"NAS de TP-Link, modelo Ultra-976, diseñado para uso doméstico, empresarial o profesional.",10757.67,122,Proveedor 20,Disponible
3455,Almacenamiento en red LG Enterprise-933,Almacenamiento,LG,Enterprise-933,"Almacenamiento en red de LG, modelo Enterprise-933, diseñado para uso doméstico, empresarial o profesional.",7982.44,14,Proveedor 06,Disponible
3456,Tarjeta microSD LG Pro-157,Almacenamiento,LG,Pro-157,"Tarjeta microSD de LG, modelo Pro-157, diseñado para uso doméstico, empresarial o profesional.",2094.31,44,Proveedor 08,Disponible
3457,Almacenamiento en red Tripp Lite Enterprise-364,Almacenamiento,Tripp Lite,Enterprise-364,"Almacenamiento en red de Tripp Lite, modelo Enterprise-364, diseñado para uso doméstico, empresarial o profesional.",20429.21,43,Proveedor 08,Disponible
3458,Disco duro externo Acer Plus-833,Almacenamiento,Acer,Plus-833,"Disco duro externo de Acer, modelo Plus-833, diseñado para uso doméstico, empresarial o profesional.",22959.81,33,Proveedor 02,Disponible
3459,SSD NVMe Tripp Lite Plus-569,Almacenamiento,Tripp Lite,Plus-569,"SSD NVMe de Tripp Lite, modelo Plus-569, diseñado para uso doméstico, empresarial o profesional.",1842.32,148,Proveedor 24,Disponible
3460,Disco duro externo Dell Ultra-834,Almacenamiento,Dell,Ultra-834,"Disco duro externo de Dell, modelo Ultra-834, diseñado para uso doméstico, empresarial o profesional.",4201.65,41,Proveedor 22,Disponible
3461,SSD NVMe Kingston Basic-482,Almacenamiento,Kingston,Basic-482,"SSD NVMe de Kingston, modelo Basic-482, diseñado para uso doméstico, empresarial o profesional.",1603.47,105,Proveedor 09,Disponible
3462,Caja para disco Hikvision Business-894,Almacenamiento,Hikvision,Business-894,"Caja para disco de Hikvision, modelo Business-894, diseñado para uso doméstico, empresarial o profesional.",23967.27,121,Proveedor 21,Disponible
3463,Unidad óptica Samsung Enterprise-366,Almacenamiento,Samsung,Enterprise-366,"Unidad óptica de Samsung, modelo Enterprise-366, diseñado para uso doméstico, empresarial o profesional.",10435.91,46,Proveedor 09,Disponible
3464,Disco duro externo Huawei Plus-755,Almacenamiento,Huawei,Plus-755,"Disco duro externo de Huawei, modelo Plus-755, diseñado para uso doméstico, empresarial o profesional.",13609.36,137,Proveedor 15,Disponible
3465,SSD NVMe Brother Business-251,Almacenamiento,Brother,Business-251,"SSD NVMe de Brother, modelo Business-251, diseñado para uso doméstico, empresarial o profesional.",8586.04,16,Proveedor 06,Disponible
3466,SSD NVMe Samsung Max-141,Almacenamiento,Samsung,Max-141,"SSD NVMe de Samsung, modelo Max-141, diseñado para uso doméstico, empresarial o profesional.",20096.21,149,Proveedor 23,Disponible
3467,NAS Huawei Ultra-876,Almacenamiento,Huawei,Ultra-876,"NAS de Huawei, modelo Ultra-876, diseñado para uso doméstico, empresarial o profesional.",13414.35,65,Proveedor 17,Disponible
3468,SSD NVMe Epson Ultra-355,Almacenamiento,Epson,Ultra-355,"SSD NVMe de Epson, modelo Ultra-355, diseñado para uso doméstico, empresarial o profesional.",15735.95,115,Proveedor 19,Disponible
3469,Disco duro interno ASUS Basic-233,Almacenamiento,ASUS,Basic-233,"Disco duro interno de ASUS, modelo Basic-233, diseñado para uso doméstico, empresarial o profesional.",2250.73,12,Proveedor 04,Disponible
3470,Caja para disco Hikvision Max-142,Almacenamiento,Hikvision,Max-142,"Caja para disco de Hikvision, modelo Max-142, diseñado para uso doméstico, empresarial o profesional.",6007.3,88,Proveedor 23,Disponible
3471,Caja para disco Ubiquiti Enterprise-860,Almacenamiento,Ubiquiti,Enterprise-860,"Caja para disco de Ubiquiti, modelo Enterprise-860, diseñado para uso doméstico, empresarial o profesional.",15412.64,18,Proveedor 15,Disponible
3472,Disco duro externo Brother Plus-810,Almacenamiento,Brother,Plus-810,"Disco duro externo de Brother, modelo Plus-810, diseñado para uso doméstico, empresarial o profesional.",1045.93,57,Proveedor 20,Disponible
3473,SSD NVMe LG Basic-701,Almacenamiento,LG,Basic-701,"SSD NVMe de LG, modelo Basic-701, diseñado para uso doméstico, empresarial o profesional.",24294.87,64,Proveedor 23,Disponible
3474,NAS ASUS Max-425,Almacenamiento,ASUS,Max-425,"NAS de ASUS, modelo Max-425, diseñado para uso doméstico, empresarial o profesional.",18420.18,28,Proveedor 16,Disponible
3475,Disco duro interno ASUS Pro-245,Almacenamiento,ASUS,Pro-245,"Disco duro interno de ASUS, modelo Pro-245, diseñado para uso doméstico, empresarial o profesional.",22647.1,99,Proveedor 24,Disponible
3476,Tarjeta microSD Epson Pro-670,Almacenamiento,Epson,Pro-670,"Tarjeta microSD de Epson, modelo Pro-670, diseñado para uso doméstico, empresarial o profesional.",11441.93,41,Proveedor 01,Disponible
3477,NAS Kingston Pro-247,Almacenamiento,Kingston,Pro-247,"NAS de Kingston, modelo Pro-247, diseñado para uso doméstico, empresarial o profesional.",2957.72,45,Proveedor 13,Disponible
3478,NAS Logitech Max-761,Almacenamiento,Logitech,Max-761,"NAS de Logitech, modelo Max-761, diseñado para uso doméstico, empresarial o profesional.",9655.13,49,Proveedor 07,Disponible
3479,Disco duro externo Tripp Lite Enterprise-300,Almacenamiento,Tripp Lite,Enterprise-300,"Disco duro externo de Tripp Lite, modelo Enterprise-300, diseñado para uso doméstico, empresarial o profesional.",5178.56,74,Proveedor 10,Disponible
3480,Tarjeta microSD Hikvision Enterprise-118,Almacenamiento,Hikvision,Enterprise-118,"Tarjeta microSD de Hikvision, modelo Enterprise-118, diseñado para uso doméstico, empresarial o profesional.",7722.62,132,Proveedor 16,Disponible
3481,Caja para disco AMD Max-438,Almacenamiento,AMD,Max-438,"Caja para disco de AMD, modelo Max-438, diseñado para uso doméstico, empresarial o profesional.",441.83,118,Proveedor 01,Disponible
3482,SSD NVMe TP-Link Enterprise-483,Almacenamiento,TP-Link,Enterprise-483,"SSD NVMe de TP-Link, modelo Enterprise-483, diseñado para uso doméstico, empresarial o profesional.",15404.16,96,Proveedor 25,Disponible
3483,Caja para disco LG Basic-726,Almacenamiento,LG,Basic-726,"Caja para disco de LG, modelo Basic-726, diseñado para uso doméstico, empresarial o profesional.",19187.3,80,Proveedor 07,Disponible
3484,Unidad óptica Brother Plus-738,Almacenamiento,Brother,Plus-738,"Unidad óptica de Brother, modelo Plus-738, diseñado para uso doméstico, empresarial o profesional.",17594.47,46,Proveedor 13,Disponible
3485,Memoria USB Acer Pro-998,Almacenamiento,Acer,Pro-998,"Memoria USB de Acer, modelo Pro-998, diseñado para uso doméstico, empresarial o profesional.",15003.66,81,Proveedor 14,Disponible
3486,Tarjeta SD Logitech Pro-563,Almacenamiento,Logitech,Pro-563,"Tarjeta SD de Logitech, modelo Pro-563, diseñado para uso doméstico, empresarial o profesional.",23043.86,121,Proveedor 11,Disponible
3487,SSD NVMe ASUS Plus-680,Almacenamiento,ASUS,Plus-680,"SSD NVMe de ASUS, modelo Plus-680, diseñado para uso doméstico, empresarial o profesional.",3967.23,107,Proveedor 03,Disponible
3488,Memoria USB LG Max-185,Almacenamiento,LG,Max-185,"Memoria USB de LG, modelo Max-185, diseñado para uso doméstico, empresarial o profesional.",3672.73,34,Proveedor 01,Disponible
3489,NAS Intel Business-261,Almacenamiento,Intel,Business-261,"NAS de Intel, modelo Business-261, diseñado para uso doméstico, empresarial o profesional.",3900.1,73,Proveedor 04,Disponible
3490,Disco duro interno Samsung Enterprise-887,Almacenamiento,Samsung,Enterprise-887,"Disco duro interno de Samsung, modelo Enterprise-887, diseñado para uso doméstico, empresarial o profesional.",10351.24,10,Proveedor 05,Disponible
3491,Almacenamiento en red Samsung Plus-875,Almacenamiento,Samsung,Plus-875,"Almacenamiento en red de Samsung, modelo Plus-875, diseñado para uso doméstico, empresarial o profesional.",16671.29,148,Proveedor 13,Disponible
3492,Tarjeta SD Ubiquiti Pro-574,Almacenamiento,Ubiquiti,Pro-574,"Tarjeta SD de Ubiquiti, modelo Pro-574, diseñado para uso doméstico, empresarial o profesional.",16759.12,39,Proveedor 21,Disponible
3493,Memoria USB ASUS Enterprise-737,Almacenamiento,ASUS,Enterprise-737,"Memoria USB de ASUS, modelo Enterprise-737, diseñado para uso doméstico, empresarial o profesional.",18109.59,46,Proveedor 02,Disponible
3494,Memoria USB Huawei Basic-443,Almacenamiento,Huawei,Basic-443,"Memoria USB de Huawei, modelo Basic-443, diseñado para uso doméstico, empresarial o profesional.",16631.65,131,Proveedor 01,Disponible
3495,Caja para disco Samsung Basic-299,Almacenamiento,Samsung,Basic-299,"Caja para disco de Samsung, modelo Basic-299, diseñado para uso doméstico, empresarial o profesional.",5238.35,27,Proveedor 08,Disponible
3496,Caja para disco Cisco Basic-379,Almacenamiento,Cisco,Basic-379,"Caja para disco de Cisco, modelo Basic-379, diseñado para uso doméstico, empresarial o profesional.",14411.33,57,Proveedor 23,Disponible
3497,SSD NVMe Dell Enterprise-757,Almacenamiento,Dell,Enterprise-757,"SSD NVMe de Dell, modelo Enterprise-757, diseñado para uso doméstico, empresarial o profesional.",2230.14,38,Proveedor 04,Disponible
3498,SSD NVMe Dell Plus-867,Almacenamiento,Dell,Plus-867,"SSD NVMe de Dell, modelo Plus-867, diseñado para uso doméstico, empresarial o profesional.",7507.4,28,Proveedor 23,Disponible
3499,NAS Tripp Lite Pro-990,Almacenamiento,Tripp Lite,Pro-990,"NAS de Tripp Lite, modelo Pro-990, diseñado para uso doméstico, empresarial o profesional.",10970.69,106,Proveedor 18,Disponible
3500,Unidad óptica Huawei Plus-108,Almacenamiento,Huawei,Plus-108,"Unidad óptica de Huawei, modelo Plus-108, diseñado para uso doméstico, empresarial o profesional.",2733.93,149,Proveedor 04,Disponible
3501,Caja para disco Samsung Plus-669,Almacenamiento,Samsung,Plus-669,"Caja para disco de Samsung, modelo Plus-669, diseñado para uso doméstico, empresarial o profesional.",13500.26,99,Proveedor 10,Disponible
3502,Tarjeta microSD Lenovo Enterprise-956,Almacenamiento,Lenovo,Enterprise-956,"Tarjeta microSD de Lenovo, modelo Enterprise-956, diseñado para uso doméstico, empresarial o profesional.",16891.93,10,Proveedor 13,Disponible
3503,SSD NVMe Intel Max-609,Almacenamiento,Intel,Max-609,"SSD NVMe de Intel, modelo Max-609, diseñado para uso doméstico, empresarial o profesional.",11139.77,134,Proveedor 16,Disponible
3504,Tarjeta SD Samsung Max-435,Almacenamiento,Samsung,Max-435,"Tarjeta SD de Samsung, modelo Max-435, diseñado para uso doméstico, empresarial o profesional.",19432.07,99,Proveedor 21,Disponible
3505,Memoria USB Kingston Enterprise-508,Almacenamiento,Kingston,Enterprise-508,"Memoria USB de Kingston, modelo Enterprise-508, diseñado para uso doméstico, empresarial o profesional.",18761.02,30,Proveedor 20,Disponible
3506,Memoria USB Lenovo Pro-403,Almacenamiento,Lenovo,Pro-403,"Memoria USB de Lenovo, modelo Pro-403, diseñado para uso doméstico, empresarial o profesional.",16513.82,28,Proveedor 20,Disponible
3507,SSD NVMe Ubiquiti Enterprise-248,Almacenamiento,Ubiquiti,Enterprise-248,"SSD NVMe de Ubiquiti, modelo Enterprise-248, diseñado para uso doméstico, empresarial o profesional.",4599.29,49,Proveedor 06,Disponible
3508,Disco duro externo Kingston Business-165,Almacenamiento,Kingston,Business-165,"Disco duro externo de Kingston, modelo Business-165, diseñado para uso doméstico, empresarial o profesional.",1279.98,41,Proveedor 20,Disponible
3509,Tarjeta microSD Tripp Lite Pro-914,Almacenamiento,Tripp Lite,Pro-914,"Tarjeta microSD de Tripp Lite, modelo Pro-914, diseñado para uso doméstico, empresarial o profesional.",24318.62,72,Proveedor 24,Disponible
3510,Unidad óptica APC Max-891,Almacenamiento,APC,Max-891,"Unidad óptica de APC, modelo Max-891, diseñado para uso doméstico, empresarial o profesional.",21567.53,28,Proveedor 03,Disponible
3511,Unidad óptica AMD Ultra-257,Almacenamiento,AMD,Ultra-257,"Unidad óptica de AMD, modelo Ultra-257, diseñado para uso doméstico, empresarial o profesional.",20660.75,104,Proveedor 19,Disponible
3512,Almacenamiento en red AMD Max-384,Almacenamiento,AMD,Max-384,"Almacenamiento en red de AMD, modelo Max-384, diseñado para uso doméstico, empresarial o profesional.",14447.88,134,Proveedor 04,Disponible
3513,SSD NVMe APC Business-303,Almacenamiento,APC,Business-303,"SSD NVMe de APC, modelo Business-303, diseñado para uso doméstico, empresarial o profesional.",2905.71,140,Proveedor 01,Disponible
3514,Disco duro externo Epson Ultra-532,Almacenamiento,Epson,Ultra-532,"Disco duro externo de Epson, modelo Ultra-532, diseñado para uso doméstico, empresarial o profesional.",10334.06,43,Proveedor 23,Disponible
3515,Disco duro externo Cisco Basic-456,Almacenamiento,Cisco,Basic-456,"Disco duro externo de Cisco, modelo Basic-456, diseñado para uso doméstico, empresarial o profesional.",23415.72,41,Proveedor 18,Disponible
3516,NAS Acer Max-505,Almacenamiento,Acer,Max-505,"NAS de Acer, modelo Max-505, diseñado para uso doméstico, empresarial o profesional.",4835.52,24,Proveedor 01,Disponible
3517,NAS Cisco Plus-929,Almacenamiento,Cisco,Plus-929,"NAS de Cisco, modelo Plus-929, diseñado para uso doméstico, empresarial o profesional.",4609.59,62,Proveedor 17,Disponible
3518,Tarjeta SD Tripp Lite Business-101,Almacenamiento,Tripp Lite,Business-101,"Tarjeta SD de Tripp Lite, modelo Business-101, diseñado para uso doméstico, empresarial o profesional.",23392.64,141,Proveedor 23,Disponible
3519,SSD NVMe Ubiquiti Enterprise-929,Almacenamiento,Ubiquiti,Enterprise-929,"SSD NVMe de Ubiquiti, modelo Enterprise-929, diseñado para uso doméstico, empresarial o profesional.",15456.22,144,Proveedor 25,Disponible
3520,Almacenamiento en red Cisco Basic-561,Almacenamiento,Cisco,Basic-561,"Almacenamiento en red de Cisco, modelo Basic-561, diseñado para uso doméstico, empresarial o profesional.",10042.97,110,Proveedor 06,Disponible
3521,Unidad óptica Ubiquiti Pro-978,Almacenamiento,Ubiquiti,Pro-978,"Unidad óptica de Ubiquiti, modelo Pro-978, diseñado para uso doméstico, empresarial o profesional.",5794.39,142,Proveedor 07,Disponible
3522,Caja para disco AMD Ultra-789,Almacenamiento,AMD,Ultra-789,"Caja para disco de AMD, modelo Ultra-789, diseñado para uso doméstico, empresarial o profesional.",19771.65,52,Proveedor 07,Disponible
3523,Unidad óptica Ubiquiti Business-185,Almacenamiento,Ubiquiti,Business-185,"Unidad óptica de Ubiquiti, modelo Business-185, diseñado para uso doméstico, empresarial o profesional.",12715.61,29,Proveedor 21,Disponible
3524,Caja para disco Huawei Pro-507,Almacenamiento,Huawei,Pro-507,"Caja para disco de Huawei, modelo Pro-507, diseñado para uso doméstico, empresarial o profesional.",11453.66,63,Proveedor 14,Disponible
3525,Caja para disco Kingston Enterprise-211,Almacenamiento,Kingston,Enterprise-211,"Caja para disco de Kingston, modelo Enterprise-211, diseñado para uso doméstico, empresarial o profesional.",170.39,19,Proveedor 07,Disponible
3526,SSD NVMe APC Enterprise-260,Almacenamiento,APC,Enterprise-260,"SSD NVMe de APC, modelo Enterprise-260, diseñado para uso doméstico, empresarial o profesional.",5147.96,57,Proveedor 23,Disponible
3527,Almacenamiento en red Lenovo Basic-789,Almacenamiento,Lenovo,Basic-789,"Almacenamiento en red de Lenovo, modelo Basic-789, diseñado para uso doméstico, empresarial o profesional.",13583.02,130,Proveedor 24,Disponible
3528,Tarjeta SD LG Pro-572,Almacenamiento,LG,Pro-572,"Tarjeta SD de LG, modelo Pro-572, diseñado para uso doméstico, empresarial o profesional.",18468.75,16,Proveedor 17,Disponible
3529,Unidad óptica Samsung Business-882,Almacenamiento,Samsung,Business-882,"Unidad óptica de Samsung, modelo Business-882, diseñado para uso doméstico, empresarial o profesional.",18446.64,5,Proveedor 13,Disponible
3530,Unidad óptica Brother Ultra-197,Almacenamiento,Brother,Ultra-197,"Unidad óptica de Brother, modelo Ultra-197, diseñado para uso doméstico, empresarial o profesional.",16318.47,108,Proveedor 25,Disponible
3531,NAS Intel Pro-106,Almacenamiento,Intel,Pro-106,"NAS de Intel, modelo Pro-106, diseñado para uso doméstico, empresarial o profesional.",15924.88,137,Proveedor 17,Disponible
3532,Disco duro interno Logitech Pro-888,Almacenamiento,Logitech,Pro-888,"Disco duro interno de Logitech, modelo Pro-888, diseñado para uso doméstico, empresarial o profesional.",2015.25,32,Proveedor 15,Disponible
3533,Almacenamiento en red Hikvision Ultra-219,Almacenamiento,Hikvision,Ultra-219,"Almacenamiento en red de Hikvision, modelo Ultra-219, diseñado para uso doméstico, empresarial o profesional.",11597.01,128,Proveedor 23,Disponible
3534,Disco duro interno LG Max-529,Almacenamiento,LG,Max-529,"Disco duro interno de LG, modelo Max-529, diseñado para uso doméstico, empresarial o profesional.",14551.95,136,Proveedor 21,Disponible
3535,Tarjeta SD Tripp Lite Business-406,Almacenamiento,Tripp Lite,Business-406,"Tarjeta SD de Tripp Lite, modelo Business-406, diseñado para uso doméstico, empresarial o profesional.",8846.1,127,Proveedor 06,Disponible
3536,Disco duro externo Lenovo Business-500,Almacenamiento,Lenovo,Business-500,"Disco duro externo de Lenovo, modelo Business-500, diseñado para uso doméstico, empresarial o profesional.",9515.23,102,Proveedor 18,Disponible
3537,Memoria USB ASUS Max-990,Almacenamiento,ASUS,Max-990,"Memoria USB de ASUS, modelo Max-990, diseñado para uso doméstico, empresarial o profesional.",8944.46,24,Proveedor 05,Disponible
3538,NAS Hikvision Pro-415,Almacenamiento,Hikvision,Pro-415,"NAS de Hikvision, modelo Pro-415, diseñado para uso doméstico, empresarial o profesional.",15476.06,144,Proveedor 06,Disponible
3539,NAS Samsung Pro-716,Almacenamiento,Samsung,Pro-716,"NAS de Samsung, modelo Pro-716, diseñado para uso doméstico, empresarial o profesional.",6929.79,111,Proveedor 21,Disponible
3540,Disco duro externo Hikvision Business-405,Almacenamiento,Hikvision,Business-405,"Disco duro externo de Hikvision, modelo Business-405, diseñado para uso doméstico, empresarial o profesional.",22181.87,148,Proveedor 20,Disponible
3541,Disco duro externo Hikvision Plus-742,Almacenamiento,Hikvision,Plus-742,"Disco duro externo de Hikvision, modelo Plus-742, diseñado para uso doméstico, empresarial o profesional.",11958.21,105,Proveedor 14,Disponible
3542,Almacenamiento en red Kingston Basic-882,Almacenamiento,Kingston,Basic-882,"Almacenamiento en red de Kingston, modelo Basic-882, diseñado para uso doméstico, empresarial o profesional.",11031.14,101,Proveedor 16,Disponible
3543,Disco duro externo Tripp Lite Basic-666,Almacenamiento,Tripp Lite,Basic-666,"Disco duro externo de Tripp Lite, modelo Basic-666, diseñado para uso doméstico, empresarial o profesional.",19578.89,117,Proveedor 10,Disponible
3544,Unidad óptica Logitech Max-460,Almacenamiento,Logitech,Max-460,"Unidad óptica de Logitech, modelo Max-460, diseñado para uso doméstico, empresarial o profesional.",17186.76,146,Proveedor 10,Disponible
3545,Memoria USB Logitech Basic-621,Almacenamiento,Logitech,Basic-621,"Memoria USB de Logitech, modelo Basic-621, diseñado para uso doméstico, empresarial o profesional.",4959.5,129,Proveedor 10,Disponible
3546,Disco duro interno Ubiquiti Ultra-348,Almacenamiento,Ubiquiti,Ultra-348,"Disco duro interno de Ubiquiti, modelo Ultra-348, diseñado para uso doméstico, empresarial o profesional.",7331.04,117,Proveedor 17,Disponible
3547,NAS Acer Ultra-850,Almacenamiento,Acer,Ultra-850,"NAS de Acer, modelo Ultra-850, diseñado para uso doméstico, empresarial o profesional.",14600.9,136,Proveedor 04,Disponible
3548,Memoria USB Kingston Enterprise-698,Almacenamiento,Kingston,Enterprise-698,"Memoria USB de Kingston, modelo Enterprise-698, diseñado para uso doméstico, empresarial o profesional.",13412.55,67,Proveedor 10,Disponible
3549,NAS TP-Link Enterprise-719,Almacenamiento,TP-Link,Enterprise-719,"NAS de TP-Link, modelo Enterprise-719, diseñado para uso doméstico, empresarial o profesional.",4291.63,131,Proveedor 13,Disponible
3550,Disco duro externo Samsung Pro-221,Almacenamiento,Samsung,Pro-221,"Disco duro externo de Samsung, modelo Pro-221, diseñado para uso doméstico, empresarial o profesional.",20917.0,8,Proveedor 06,Disponible
3551,Memoria USB Lenovo Ultra-140,Almacenamiento,Lenovo,Ultra-140,"Memoria USB de Lenovo, modelo Ultra-140, diseñado para uso doméstico, empresarial o profesional.",10008.18,74,Proveedor 18,Disponible
3552,Almacenamiento en red Cisco Basic-960,Almacenamiento,Cisco,Basic-960,"Almacenamiento en red de Cisco, modelo Basic-960, diseñado para uso doméstico, empresarial o profesional.",13677.45,69,Proveedor 18,Disponible
3553,Tarjeta microSD LG Max-206,Almacenamiento,LG,Max-206,"Tarjeta microSD de LG, modelo Max-206, diseñado para uso doméstico, empresarial o profesional.",19288.79,0,Proveedor 18,Agotado
3554,Caja para disco Intel Max-294,Almacenamiento,Intel,Max-294,"Caja para disco de Intel, modelo Max-294, diseñado para uso doméstico, empresarial o profesional.",21892.11,10,Proveedor 11,Disponible
3555,Unidad óptica Kingston Business-934,Almacenamiento,Kingston,Business-934,"Unidad óptica de Kingston, modelo Business-934, diseñado para uso doméstico, empresarial o profesional.",13590.3,60,Proveedor 20,Disponible
3556,Almacenamiento en red Brother Plus-953,Almacenamiento,Brother,Plus-953,"Almacenamiento en red de Brother, modelo Plus-953, diseñado para uso doméstico, empresarial o profesional.",21387.07,27,Proveedor 18,Disponible
3557,NAS Ubiquiti Enterprise-342,Almacenamiento,Ubiquiti,Enterprise-342,"NAS de Ubiquiti, modelo Enterprise-342, diseñado para uso doméstico, empresarial o profesional.",512.04,114,Proveedor 12,Disponible
3558,Disco duro externo Cisco Basic-317,Almacenamiento,Cisco,Basic-317,"Disco duro externo de Cisco, modelo Basic-317, diseñado para uso doméstico, empresarial o profesional.",1291.22,88,Proveedor 24,Disponible
3559,Memoria USB Huawei Basic-706,Almacenamiento,Huawei,Basic-706,"Memoria USB de Huawei, modelo Basic-706, diseñado para uso doméstico, empresarial o profesional.",22231.82,91,Proveedor 21,Disponible
3560,Tarjeta SD TP-Link Plus-496,Almacenamiento,TP-Link,Plus-496,"Tarjeta SD de TP-Link, modelo Plus-496, diseñado para uso doméstico, empresarial o profesional.",7425.68,142,Proveedor 09,Disponible
3561,Almacenamiento en red Acer Enterprise-548,Almacenamiento,Acer,Enterprise-548,"Almacenamiento en red de Acer, modelo Enterprise-548, diseñado para uso doméstico, empresarial o profesional.",24471.89,75,Proveedor 14,Disponible
3562,Unidad óptica Intel Basic-614,Almacenamiento,Intel,Basic-614,"Unidad óptica de Intel, modelo Basic-614, diseñado para uso doméstico, empresarial o profesional.",19065.07,4,Proveedor 21,Disponible
3563,Disco duro interno APC Ultra-265,Almacenamiento,APC,Ultra-265,"Disco duro interno de APC, modelo Ultra-265, diseñado para uso doméstico, empresarial o profesional.",10448.97,8,Proveedor 01,Disponible
3564,Disco duro interno Acer Ultra-481,Almacenamiento,Acer,Ultra-481,"Disco duro interno de Acer, modelo Ultra-481, diseñado para uso doméstico, empresarial o profesional.",22230.61,31,Proveedor 02,Disponible
3565,Tarjeta SD Logitech Plus-410,Almacenamiento,Logitech,Plus-410,"Tarjeta SD de Logitech, modelo Plus-410, diseñado para uso doméstico, empresarial o profesional.",23749.89,64,Proveedor 05,Disponible
3566,Almacenamiento en red AMD Basic-502,Almacenamiento,AMD,Basic-502,"Almacenamiento en red de AMD, modelo Basic-502, diseñado para uso doméstico, empresarial o profesional.",12176.11,87,Proveedor 14,Disponible
3567,Caja para disco Huawei Enterprise-483,Almacenamiento,Huawei,Enterprise-483,"Caja para disco de Huawei, modelo Enterprise-483, diseñado para uso doméstico, empresarial o profesional.",4246.14,9,Proveedor 13,Disponible
3568,SSD NVMe Lenovo Basic-431,Almacenamiento,Lenovo,Basic-431,"SSD NVMe de Lenovo, modelo Basic-431, diseñado para uso doméstico, empresarial o profesional.",22767.51,111,Proveedor 16,Disponible
3569,SSD NVMe Samsung Ultra-886,Almacenamiento,Samsung,Ultra-886,"SSD NVMe de Samsung, modelo Ultra-886, diseñado para uso doméstico, empresarial o profesional.",4579.77,46,Proveedor 04,Disponible
3570,Almacenamiento en red TP-Link Plus-341,Almacenamiento,TP-Link,Plus-341,"Almacenamiento en red de TP-Link, modelo Plus-341, diseñado para uso doméstico, empresarial o profesional.",5504.05,75,Proveedor 15,Disponible
3571,Disco duro externo Logitech Ultra-414,Almacenamiento,Logitech,Ultra-414,"Disco duro externo de Logitech, modelo Ultra-414, diseñado para uso doméstico, empresarial o profesional.",12087.95,99,Proveedor 10,Disponible
3572,Caja para disco Kingston Business-904,Almacenamiento,Kingston,Business-904,"Caja para disco de Kingston, modelo Business-904, diseñado para uso doméstico, empresarial o profesional.",8243.16,57,Proveedor 20,Disponible
3573,Memoria USB Samsung Pro-198,Almacenamiento,Samsung,Pro-198,"Memoria USB de Samsung, modelo Pro-198, diseñado para uso doméstico, empresarial o profesional.",21225.36,59,Proveedor 18,Disponible
3574,Tarjeta SD Samsung Basic-600,Almacenamiento,Samsung,Basic-600,"Tarjeta SD de Samsung, modelo Basic-600, diseñado para uso doméstico, empresarial o profesional.",20786.35,35,Proveedor 10,Disponible
3575,NAS LG Pro-204,Almacenamiento,LG,Pro-204,"NAS de LG, modelo Pro-204, diseñado para uso doméstico, empresarial o profesional.",4280.67,14,Proveedor 01,Disponible
3576,Tarjeta SD Huawei Pro-774,Almacenamiento,Huawei,Pro-774,"Tarjeta SD de Huawei, modelo Pro-774, diseñado para uso doméstico, empresarial o profesional.",4743.15,23,Proveedor 03,Disponible
3577,Unidad óptica Epson Enterprise-755,Almacenamiento,Epson,Enterprise-755,"Unidad óptica de Epson, modelo Enterprise-755, diseñado para uso doméstico, empresarial o profesional.",3708.18,118,Proveedor 16,Disponible
3578,SSD NVMe Ubiquiti Enterprise-377,Almacenamiento,Ubiquiti,Enterprise-377,"SSD NVMe de Ubiquiti, modelo Enterprise-377, diseñado para uso doméstico, empresarial o profesional.",13471.38,139,Proveedor 24,Disponible
3579,Tarjeta SD AMD Plus-669,Almacenamiento,AMD,Plus-669,"Tarjeta SD de AMD, modelo Plus-669, diseñado para uso doméstico, empresarial o profesional.",8126.48,82,Proveedor 18,Disponible
3580,NAS ASUS Pro-698,Almacenamiento,ASUS,Pro-698,"NAS de ASUS, modelo Pro-698, diseñado para uso doméstico, empresarial o profesional.",16764.55,43,Proveedor 22,Disponible
3581,NAS Lenovo Business-979,Almacenamiento,Lenovo,Business-979,"NAS de Lenovo, modelo Business-979, diseñado para uso doméstico, empresarial o profesional.",7918.8,103,Proveedor 04,Disponible
3582,Caja para disco Samsung Ultra-477,Almacenamiento,Samsung,Ultra-477,"Caja para disco de Samsung, modelo Ultra-477, diseñado para uso doméstico, empresarial o profesional.",15431.45,114,Proveedor 03,Disponible
3583,Disco duro externo Samsung Basic-641,Almacenamiento,Samsung,Basic-641,"Disco duro externo de Samsung, modelo Basic-641, diseñado para uso doméstico, empresarial o profesional.",21314.24,12,Proveedor 12,Disponible
3584,Tarjeta microSD AMD Basic-364,Almacenamiento,AMD,Basic-364,"Tarjeta microSD de AMD, modelo Basic-364, diseñado para uso doméstico, empresarial o profesional.",11288.69,78,Proveedor 09,Disponible
3585,Unidad óptica Epson Enterprise-474,Almacenamiento,Epson,Enterprise-474,"Unidad óptica de Epson, modelo Enterprise-474, diseñado para uso doméstico, empresarial o profesional.",16019.92,91,Proveedor 25,Disponible
3586,SSD NVMe Kingston Ultra-994,Almacenamiento,Kingston,Ultra-994,"SSD NVMe de Kingston, modelo Ultra-994, diseñado para uso doméstico, empresarial o profesional.",13293.77,75,Proveedor 04,Disponible
3587,Unidad óptica HP Plus-694,Almacenamiento,HP,Plus-694,"Unidad óptica de HP, modelo Plus-694, diseñado para uso doméstico, empresarial o profesional.",7611.96,146,Proveedor 15,Disponible
3588,Tarjeta SD Logitech Plus-967,Almacenamiento,Logitech,Plus-967,"Tarjeta SD de Logitech, modelo Plus-967, diseñado para uso doméstico, empresarial o profesional.",22547.36,52,Proveedor 02,Disponible
3589,NAS Epson Ultra-622,Almacenamiento,Epson,Ultra-622,"NAS de Epson, modelo Ultra-622, diseñado para uso doméstico, empresarial o profesional.",13427.74,56,Proveedor 07,Disponible
3590,Disco duro interno APC Pro-531,Almacenamiento,APC,Pro-531,"Disco duro interno de APC, modelo Pro-531, diseñado para uso doméstico, empresarial o profesional.",2216.18,17,Proveedor 23,Disponible
3591,Tarjeta SD Epson Enterprise-759,Almacenamiento,Epson,Enterprise-759,"Tarjeta SD de Epson, modelo Enterprise-759, diseñado para uso doméstico, empresarial o profesional.",13100.97,46,Proveedor 14,Disponible
3592,Disco duro externo APC Ultra-618,Almacenamiento,APC,Ultra-618,"Disco duro externo de APC, modelo Ultra-618, diseñado para uso doméstico, empresarial o profesional.",13443.46,44,Proveedor 18,Disponible
3593,Disco duro interno LG Enterprise-278,Almacenamiento,LG,Enterprise-278,"Disco duro interno de LG, modelo Enterprise-278, diseñado para uso doméstico, empresarial o profesional.",12075.99,121,Proveedor 07,Disponible
3594,Disco duro externo Kingston Enterprise-668,Almacenamiento,Kingston,Enterprise-668,"Disco duro externo de Kingston, modelo Enterprise-668, diseñado para uso doméstico, empresarial o profesional.",10954.65,80,Proveedor 22,Disponible
3595,Disco duro interno Samsung Pro-225,Almacenamiento,Samsung,Pro-225,"Disco duro interno de Samsung, modelo Pro-225, diseñado para uso doméstico, empresarial o profesional.",11212.48,78,Proveedor 14,Disponible
3596,NAS Acer Plus-846,Almacenamiento,Acer,Plus-846,"NAS de Acer, modelo Plus-846, diseñado para uso doméstico, empresarial o profesional.",5776.69,131,Proveedor 02,Disponible
3597,Disco duro interno APC Max-984,Almacenamiento,APC,Max-984,"Disco duro interno de APC, modelo Max-984, diseñado para uso doméstico, empresarial o profesional.",2818.39,108,Proveedor 22,Disponible
3598,Unidad óptica Acer Plus-385,Almacenamiento,Acer,Plus-385,"Unidad óptica de Acer, modelo Plus-385, diseñado para uso doméstico, empresarial o profesional.",21753.51,127,Proveedor 03,Disponible
3599,Unidad óptica Hikvision Business-487,Almacenamiento,Hikvision,Business-487,"Unidad óptica de Hikvision, modelo Business-487, diseñado para uso doméstico, empresarial o profesional.",23347.86,101,Proveedor 19,Disponible
3600,Disco duro interno Kingston Pro-314,Almacenamiento,Kingston,Pro-314,"Disco duro interno de Kingston, modelo Pro-314, diseñado para uso doméstico, empresarial o profesional.",20368.77,34,Proveedor 19,Disponible
3601,Almacenamiento en red Intel Plus-485,Almacenamiento,Intel,Plus-485,"Almacenamiento en red de Intel, modelo Plus-485, diseñado para uso doméstico, empresarial o profesional.",15783.26,110,Proveedor 09,Disponible
3602,NAS Cisco Max-701,Almacenamiento,Cisco,Max-701,"NAS de Cisco, modelo Max-701, diseñado para uso doméstico, empresarial o profesional.",14441.62,7,Proveedor 23,Disponible
3603,Disco duro externo HP Basic-645,Almacenamiento,HP,Basic-645,"Disco duro externo de HP, modelo Basic-645, diseñado para uso doméstico, empresarial o profesional.",14950.1,87,Proveedor 16,Disponible
3604,Tarjeta SD Intel Basic-644,Almacenamiento,Intel,Basic-644,"Tarjeta SD de Intel, modelo Basic-644, diseñado para uso doméstico, empresarial o profesional.",22662.13,87,Proveedor 06,Disponible
3605,Disco duro interno Dell Max-708,Almacenamiento,Dell,Max-708,"Disco duro interno de Dell, modelo Max-708, diseñado para uso doméstico, empresarial o profesional.",10328.53,133,Proveedor 10,Disponible
3606,Tarjeta microSD ASUS Business-401,Almacenamiento,ASUS,Business-401,"Tarjeta microSD de ASUS, modelo Business-401, diseñado para uso doméstico, empresarial o profesional.",9838.08,131,Proveedor 25,Disponible
3607,Caja para disco Kingston Max-869,Almacenamiento,Kingston,Max-869,"Caja para disco de Kingston, modelo Max-869, diseñado para uso doméstico, empresarial o profesional.",23488.2,117,Proveedor 19,Disponible
3608,NAS Hikvision Pro-674,Almacenamiento,Hikvision,Pro-674,"NAS de Hikvision, modelo Pro-674, diseñado para uso doméstico, empresarial o profesional.",22784.34,94,Proveedor 25,Disponible
3609,Unidad óptica Samsung Business-827,Almacenamiento,Samsung,Business-827,"Unidad óptica de Samsung, modelo Business-827, diseñado para uso doméstico, empresarial o profesional.",14339.71,133,Proveedor 05,Disponible
3610,Caja para disco HP Enterprise-706,Almacenamiento,HP,Enterprise-706,"Caja para disco de HP, modelo Enterprise-706, diseñado para uso doméstico, empresarial o profesional.",1425.85,36,Proveedor 03,Disponible
3611,Unidad óptica Intel Ultra-848,Almacenamiento,Intel,Ultra-848,"Unidad óptica de Intel, modelo Ultra-848, diseñado para uso doméstico, empresarial o profesional.",13539.51,18,Proveedor 05,Disponible
3612,Tarjeta microSD APC Max-292,Almacenamiento,APC,Max-292,"Tarjeta microSD de APC, modelo Max-292, diseñado para uso doméstico, empresarial o profesional.",16036.55,115,Proveedor 03,Disponible
3613,Unidad óptica TP-Link Plus-868,Almacenamiento,TP-Link,Plus-868,"Unidad óptica de TP-Link, modelo Plus-868, diseñado para uso doméstico, empresarial o profesional.",14577.9,76,Proveedor 09,Disponible
3614,NAS HP Enterprise-372,Almacenamiento,HP,Enterprise-372,"NAS de HP, modelo Enterprise-372, diseñado para uso doméstico, empresarial o profesional.",19900.91,52,Proveedor 14,Disponible
3615,Unidad óptica ASUS Max-500,Almacenamiento,ASUS,Max-500,"Unidad óptica de ASUS, modelo Max-500, diseñado para uso doméstico, empresarial o profesional.",24553.76,26,Proveedor 03,Disponible
3616,SSD NVMe Acer Business-130,Almacenamiento,Acer,Business-130,"SSD NVMe de Acer, modelo Business-130, diseñado para uso doméstico, empresarial o profesional.",5366.51,128,Proveedor 11,Disponible
3617,Memoria USB Tripp Lite Basic-893,Almacenamiento,Tripp Lite,Basic-893,"Memoria USB de Tripp Lite, modelo Basic-893, diseñado para uso doméstico, empresarial o profesional.",2185.61,62,Proveedor 20,Disponible
3618,Unidad óptica Tripp Lite Basic-381,Almacenamiento,Tripp Lite,Basic-381,"Unidad óptica de Tripp Lite, modelo Basic-381, diseñado para uso doméstico, empresarial o profesional.",23639.71,86,Proveedor 19,Disponible
3619,Disco duro externo TP-Link Business-914,Almacenamiento,TP-Link,Business-914,"Disco duro externo de TP-Link, modelo Business-914, diseñado para uso doméstico, empresarial o profesional.",15487.3,146,Proveedor 21,Disponible
3620,SSD NVMe HP Ultra-579,Almacenamiento,HP,Ultra-579,"SSD NVMe de HP, modelo Ultra-579, diseñado para uso doméstico, empresarial o profesional.",14490.74,94,Proveedor 11,Disponible
3621,SSD NVMe Tripp Lite Enterprise-535,Almacenamiento,Tripp Lite,Enterprise-535,"SSD NVMe de Tripp Lite, modelo Enterprise-535, diseñado para uso doméstico, empresarial o profesional.",23126.6,149,Proveedor 07,Disponible
3622,Tarjeta SD LG Basic-743,Almacenamiento,LG,Basic-743,"Tarjeta SD de LG, modelo Basic-743, diseñado para uso doméstico, empresarial o profesional.",20752.11,80,Proveedor 24,Disponible
3623,Caja para disco Tripp Lite Enterprise-121,Almacenamiento,Tripp Lite,Enterprise-121,"Caja para disco de Tripp Lite, modelo Enterprise-121, diseñado para uso doméstico, empresarial o profesional.",18900.42,118,Proveedor 24,Disponible
3624,Disco duro externo Samsung Pro-229,Almacenamiento,Samsung,Pro-229,"Disco duro externo de Samsung, modelo Pro-229, diseñado para uso doméstico, empresarial o profesional.",16882.36,5,Proveedor 24,Disponible
3625,Disco duro interno HP Max-346,Almacenamiento,HP,Max-346,"Disco duro interno de HP, modelo Max-346, diseñado para uso doméstico, empresarial o profesional.",19713.53,20,Proveedor 01,Disponible
3626,Tarjeta SD Tripp Lite Pro-973,Almacenamiento,Tripp Lite,Pro-973,"Tarjeta SD de Tripp Lite, modelo Pro-973, diseñado para uso doméstico, empresarial o profesional.",14401.61,121,Proveedor 10,Disponible
3627,SSD NVMe Samsung Plus-224,Almacenamiento,Samsung,Plus-224,"SSD NVMe de Samsung, modelo Plus-224, diseñado para uso doméstico, empresarial o profesional.",6197.23,109,Proveedor 02,Disponible
3628,Almacenamiento en red Cisco Business-643,Almacenamiento,Cisco,Business-643,"Almacenamiento en red de Cisco, modelo Business-643, diseñado para uso doméstico, empresarial o profesional.",8303.04,136,Proveedor 04,Disponible
3629,Caja para disco HP Basic-390,Almacenamiento,HP,Basic-390,"Caja para disco de HP, modelo Basic-390, diseñado para uso doméstico, empresarial o profesional.",8294.35,34,Proveedor 10,Disponible
3630,Tarjeta SD Hikvision Pro-510,Almacenamiento,Hikvision,Pro-510,"Tarjeta SD de Hikvision, modelo Pro-510, diseñado para uso doméstico, empresarial o profesional.",1881.52,87,Proveedor 23,Disponible
3631,Caja para disco Brother Pro-488,Almacenamiento,Brother,Pro-488,"Caja para disco de Brother, modelo Pro-488, diseñado para uso doméstico, empresarial o profesional.",18974.52,35,Proveedor 15,Disponible
3632,Disco duro interno Acer Business-457,Almacenamiento,Acer,Business-457,"Disco duro interno de Acer, modelo Business-457, diseñado para uso doméstico, empresarial o profesional.",12814.98,102,Proveedor 19,Disponible
3633,Tarjeta SD Acer Plus-347,Almacenamiento,Acer,Plus-347,"Tarjeta SD de Acer, modelo Plus-347, diseñado para uso doméstico, empresarial o profesional.",19992.21,15,Proveedor 23,Disponible
3634,Disco duro externo Samsung Max-429,Almacenamiento,Samsung,Max-429,"Disco duro externo de Samsung, modelo Max-429, diseñado para uso doméstico, empresarial o profesional.",24389.38,110,Proveedor 03,Disponible
3635,NAS Kingston Ultra-781,Almacenamiento,Kingston,Ultra-781,"NAS de Kingston, modelo Ultra-781, diseñado para uso doméstico, empresarial o profesional.",6270.81,85,Proveedor 13,Disponible
3636,Memoria USB Epson Max-599,Almacenamiento,Epson,Max-599,"Memoria USB de Epson, modelo Max-599, diseñado para uso doméstico, empresarial o profesional.",14267.28,91,Proveedor 12,Disponible
3637,Disco duro interno HP Ultra-397,Almacenamiento,HP,Ultra-397,"Disco duro interno de HP, modelo Ultra-397, diseñado para uso doméstico, empresarial o profesional.",6265.57,10,Proveedor 22,Disponible
3638,SSD NVMe APC Pro-582,Almacenamiento,APC,Pro-582,"SSD NVMe de APC, modelo Pro-582, diseñado para uso doméstico, empresarial o profesional.",12231.05,116,Proveedor 01,Disponible
3639,SSD NVMe Tripp Lite Max-531,Almacenamiento,Tripp Lite,Max-531,"SSD NVMe de Tripp Lite, modelo Max-531, diseñado para uso doméstico, empresarial o profesional.",24919.7,96,Proveedor 14,Disponible
3640,Disco duro externo Samsung Pro-402,Almacenamiento,Samsung,Pro-402,"Disco duro externo de Samsung, modelo Pro-402, diseñado para uso doméstico, empresarial o profesional.",4550.67,21,Proveedor 13,Disponible
3641,Tarjeta microSD Logitech Basic-936,Almacenamiento,Logitech,Basic-936,"Tarjeta microSD de Logitech, modelo Basic-936, diseñado para uso doméstico, empresarial o profesional.",17664.17,105,Proveedor 03,Disponible
3642,Disco duro externo HP Max-813,Almacenamiento,HP,Max-813,"Disco duro externo de HP, modelo Max-813, diseñado para uso doméstico, empresarial o profesional.",11626.41,82,Proveedor 21,Disponible
3643,Tarjeta SD Samsung Max-993,Almacenamiento,Samsung,Max-993,"Tarjeta SD de Samsung, modelo Max-993, diseñado para uso doméstico, empresarial o profesional.",20480.66,76,Proveedor 14,Disponible
3644,Tarjeta microSD Cisco Plus-227,Almacenamiento,Cisco,Plus-227,"Tarjeta microSD de Cisco, modelo Plus-227, diseñado para uso doméstico, empresarial o profesional.",1081.21,143,Proveedor 18,Disponible
3645,Disco duro externo Lenovo Ultra-319,Almacenamiento,Lenovo,Ultra-319,"Disco duro externo de Lenovo, modelo Ultra-319, diseñado para uso doméstico, empresarial o profesional.",355.57,36,Proveedor 16,Disponible
3646,Memoria USB Acer Ultra-237,Almacenamiento,Acer,Ultra-237,"Memoria USB de Acer, modelo Ultra-237, diseñado para uso doméstico, empresarial o profesional.",23350.63,130,Proveedor 04,Disponible
3647,Tarjeta microSD Logitech Business-377,Almacenamiento,Logitech,Business-377,"Tarjeta microSD de Logitech, modelo Business-377, diseñado para uso doméstico, empresarial o profesional.",11414.2,135,Proveedor 25,Disponible
3648,Almacenamiento en red Epson Max-424,Almacenamiento,Epson,Max-424,"Almacenamiento en red de Epson, modelo Max-424, diseñado para uso doméstico, empresarial o profesional.",19887.04,5,Proveedor 19,Disponible
3649,Memoria USB Intel Enterprise-145,Almacenamiento,Intel,Enterprise-145,"Memoria USB de Intel, modelo Enterprise-145, diseñado para uso doméstico, empresarial o profesional.",10546.97,102,Proveedor 09,Disponible
3650,Almacenamiento en red TP-Link Max-277,Almacenamiento,TP-Link,Max-277,"Almacenamiento en red de TP-Link, modelo Max-277, diseñado para uso doméstico, empresarial o profesional.",4452.36,137,Proveedor 25,Disponible
3651,Tarjeta microSD AMD Max-565,Almacenamiento,AMD,Max-565,"Tarjeta microSD de AMD, modelo Max-565, diseñado para uso doméstico, empresarial o profesional.",19166.73,81,Proveedor 25,Disponible
3652,NAS HP Enterprise-823,Almacenamiento,HP,Enterprise-823,"NAS de HP, modelo Enterprise-823, diseñado para uso doméstico, empresarial o profesional.",6042.67,84,Proveedor 18,Disponible
3653,Unidad óptica Lenovo Enterprise-602,Almacenamiento,Lenovo,Enterprise-602,"Unidad óptica de Lenovo, modelo Enterprise-602, diseñado para uso doméstico, empresarial o profesional.",3213.65,68,Proveedor 07,Disponible
3654,Disco duro externo Ubiquiti Enterprise-666,Almacenamiento,Ubiquiti,Enterprise-666,"Disco duro externo de Ubiquiti, modelo Enterprise-666, diseñado para uso doméstico, empresarial o profesional.",24002.41,30,Proveedor 04,Disponible
3655,Memoria USB Logitech Enterprise-838,Almacenamiento,Logitech,Enterprise-838,"Memoria USB de Logitech, modelo Enterprise-838, diseñado para uso doméstico, empresarial o profesional.",19176.82,8,Proveedor 07,Disponible
3656,Tarjeta microSD Acer Max-615,Almacenamiento,Acer,Max-615,"Tarjeta microSD de Acer, modelo Max-615, diseñado para uso doméstico, empresarial o profesional.",19036.17,16,Proveedor 17,Disponible
3657,Unidad óptica Acer Max-581,Almacenamiento,Acer,Max-581,"Unidad óptica de Acer, modelo Max-581, diseñado para uso doméstico, empresarial o profesional.",11163.21,91,Proveedor 17,Disponible
3658,Tarjeta SD Epson Pro-514,Almacenamiento,Epson,Pro-514,"Tarjeta SD de Epson, modelo Pro-514, diseñado para uso doméstico, empresarial o profesional.",7206.52,121,Proveedor 15,Disponible
3659,Disco duro externo Logitech Basic-338,Almacenamiento,Logitech,Basic-338,"Disco duro externo de Logitech, modelo Basic-338, diseñado para uso doméstico, empresarial o profesional.",17978.88,3,Proveedor 20,Disponible
3660,Disco duro interno LG Pro-624,Almacenamiento,LG,Pro-624,"Disco duro interno de LG, modelo Pro-624, diseñado para uso doméstico, empresarial o profesional.",20673.73,107,Proveedor 01,Disponible
3661,SSD NVMe Tripp Lite Pro-505,Almacenamiento,Tripp Lite,Pro-505,"SSD NVMe de Tripp Lite, modelo Pro-505, diseñado para uso doméstico, empresarial o profesional.",3461.02,67,Proveedor 06,Disponible
3662,Disco duro externo Logitech Basic-770,Almacenamiento,Logitech,Basic-770,"Disco duro externo de Logitech, modelo Basic-770, diseñado para uso doméstico, empresarial o profesional.",21207.45,59,Proveedor 03,Disponible
3663,Almacenamiento en red Cisco Business-768,Almacenamiento,Cisco,Business-768,"Almacenamiento en red de Cisco, modelo Business-768, diseñado para uso doméstico, empresarial o profesional.",8999.07,118,Proveedor 05,Disponible
3664,Disco duro externo Logitech Enterprise-386,Almacenamiento,Logitech,Enterprise-386,"Disco duro externo de Logitech, modelo Enterprise-386, diseñado para uso doméstico, empresarial o profesional.",1797.18,14,Proveedor 23,Disponible
3665,Unidad óptica Intel Enterprise-821,Almacenamiento,Intel,Enterprise-821,"Unidad óptica de Intel, modelo Enterprise-821, diseñado para uso doméstico, empresarial o profesional.",6911.97,144,Proveedor 07,Disponible
3666,SSD NVMe Logitech Plus-899,Almacenamiento,Logitech,Plus-899,"SSD NVMe de Logitech, modelo Plus-899, diseñado para uso doméstico, empresarial o profesional.",6118.92,141,Proveedor 21,Disponible
3667,Disco duro interno Cisco Max-594,Almacenamiento,Cisco,Max-594,"Disco duro interno de Cisco, modelo Max-594, diseñado para uso doméstico, empresarial o profesional.",17907.49,79,Proveedor 04,Disponible
3668,SSD NVMe Lenovo Enterprise-383,Almacenamiento,Lenovo,Enterprise-383,"SSD NVMe de Lenovo, modelo Enterprise-383, diseñado para uso doméstico, empresarial o profesional.",13668.06,119,Proveedor 01,Disponible
3669,Almacenamiento en red Tripp Lite Ultra-254,Almacenamiento,Tripp Lite,Ultra-254,"Almacenamiento en red de Tripp Lite, modelo Ultra-254, diseñado para uso doméstico, empresarial o profesional.",18648.56,65,Proveedor 19,Disponible
3670,Memoria USB Acer Pro-281,Almacenamiento,Acer,Pro-281,"Memoria USB de Acer, modelo Pro-281, diseñado para uso doméstico, empresarial o profesional.",9423.88,126,Proveedor 10,Disponible
3671,SSD NVMe ASUS Plus-114,Almacenamiento,ASUS,Plus-114,"SSD NVMe de ASUS, modelo Plus-114, diseñado para uso doméstico, empresarial o profesional.",6735.62,54,Proveedor 06,Disponible
3672,Memoria USB HP Basic-646,Almacenamiento,HP,Basic-646,"Memoria USB de HP, modelo Basic-646, diseñado para uso doméstico, empresarial o profesional.",20736.66,13,Proveedor 02,Disponible
3673,Tarjeta SD Kingston Ultra-638,Almacenamiento,Kingston,Ultra-638,"Tarjeta SD de Kingston, modelo Ultra-638, diseñado para uso doméstico, empresarial o profesional.",10875.79,97,Proveedor 07,Disponible
3674,Disco duro externo Brother Basic-252,Almacenamiento,Brother,Basic-252,"Disco duro externo de Brother, modelo Basic-252, diseñado para uso doméstico, empresarial o profesional.",13721.96,114,Proveedor 23,Disponible
3675,SSD NVMe Cisco Pro-897,Almacenamiento,Cisco,Pro-897,"SSD NVMe de Cisco, modelo Pro-897, diseñado para uso doméstico, empresarial o profesional.",1023.43,85,Proveedor 25,Disponible
3676,Tarjeta SD Huawei Enterprise-524,Almacenamiento,Huawei,Enterprise-524,"Tarjeta SD de Huawei, modelo Enterprise-524, diseñado para uso doméstico, empresarial o profesional.",18077.83,17,Proveedor 19,Disponible
3677,NAS Acer Ultra-656,Almacenamiento,Acer,Ultra-656,"NAS de Acer, modelo Ultra-656, diseñado para uso doméstico, empresarial o profesional.",14647.3,2,Proveedor 11,Disponible
3678,Unidad óptica Brother Max-420,Almacenamiento,Brother,Max-420,"Unidad óptica de Brother, modelo Max-420, diseñado para uso doméstico, empresarial o profesional.",896.12,24,Proveedor 16,Disponible
3679,Tarjeta SD Lenovo Plus-917,Almacenamiento,Lenovo,Plus-917,"Tarjeta SD de Lenovo, modelo Plus-917, diseñado para uso doméstico, empresarial o profesional.",14142.68,3,Proveedor 01,Disponible
3680,Unidad óptica Acer Max-572,Almacenamiento,Acer,Max-572,"Unidad óptica de Acer, modelo Max-572, diseñado para uso doméstico, empresarial o profesional.",2373.46,8,Proveedor 21,Disponible
3681,Unidad óptica ASUS Pro-195,Almacenamiento,ASUS,Pro-195,"Unidad óptica de ASUS, modelo Pro-195, diseñado para uso doméstico, empresarial o profesional.",2862.55,138,Proveedor 13,Disponible
3682,Almacenamiento en red Cisco Business-621,Almacenamiento,Cisco,Business-621,"Almacenamiento en red de Cisco, modelo Business-621, diseñado para uso doméstico, empresarial o profesional.",11894.46,19,Proveedor 21,Disponible
3683,Memoria USB Brother Pro-290,Almacenamiento,Brother,Pro-290,"Memoria USB de Brother, modelo Pro-290, diseñado para uso doméstico, empresarial o profesional.",3130.76,64,Proveedor 11,Disponible
3684,Tarjeta microSD Ubiquiti Enterprise-214,Almacenamiento,Ubiquiti,Enterprise-214,"Tarjeta microSD de Ubiquiti, modelo Enterprise-214, diseñado para uso doméstico, empresarial o profesional.",24970.02,28,Proveedor 19,Disponible
3685,SSD NVMe Tripp Lite Enterprise-170,Almacenamiento,Tripp Lite,Enterprise-170,"SSD NVMe de Tripp Lite, modelo Enterprise-170, diseñado para uso doméstico, empresarial o profesional.",11927.93,1,Proveedor 15,Disponible
3686,Tarjeta microSD Kingston Pro-516,Almacenamiento,Kingston,Pro-516,"Tarjeta microSD de Kingston, modelo Pro-516, diseñado para uso doméstico, empresarial o profesional.",1486.77,37,Proveedor 08,Disponible
3687,Tarjeta microSD Kingston Enterprise-905,Almacenamiento,Kingston,Enterprise-905,"Tarjeta microSD de Kingston, modelo Enterprise-905, diseñado para uso doméstico, empresarial o profesional.",23277.24,33,Proveedor 06,Disponible
3688,NAS Lenovo Basic-763,Almacenamiento,Lenovo,Basic-763,"NAS de Lenovo, modelo Basic-763, diseñado para uso doméstico, empresarial o profesional.",10023.19,36,Proveedor 11,Disponible
3689,SSD NVMe Acer Max-376,Almacenamiento,Acer,Max-376,"SSD NVMe de Acer, modelo Max-376, diseñado para uso doméstico, empresarial o profesional.",18919.92,36,Proveedor 24,Disponible
3690,Disco duro externo Intel Plus-412,Almacenamiento,Intel,Plus-412,"Disco duro externo de Intel, modelo Plus-412, diseñado para uso doméstico, empresarial o profesional.",18586.41,114,Proveedor 16,Disponible
3691,SSD NVMe Huawei Max-123,Almacenamiento,Huawei,Max-123,"SSD NVMe de Huawei, modelo Max-123, diseñado para uso doméstico, empresarial o profesional.",5324.87,46,Proveedor 14,Disponible
3692,NAS Samsung Basic-330,Almacenamiento,Samsung,Basic-330,"NAS de Samsung, modelo Basic-330, diseñado para uso doméstico, empresarial o profesional.",23085.29,120,Proveedor 14,Disponible
3693,Disco duro interno Hikvision Max-937,Almacenamiento,Hikvision,Max-937,"Disco duro interno de Hikvision, modelo Max-937, diseñado para uso doméstico, empresarial o profesional.",7607.68,142,Proveedor 01,Disponible
3694,SSD NVMe Logitech Plus-947,Almacenamiento,Logitech,Plus-947,"SSD NVMe de Logitech, modelo Plus-947, diseñado para uso doméstico, empresarial o profesional.",17347.24,149,Proveedor 18,Disponible
3695,NAS HP Ultra-137,Almacenamiento,HP,Ultra-137,"NAS de HP, modelo Ultra-137, diseñado para uso doméstico, empresarial o profesional.",3415.62,27,Proveedor 19,Disponible
3696,Disco duro interno Samsung Max-695,Almacenamiento,Samsung,Max-695,"Disco duro interno de Samsung, modelo Max-695, diseñado para uso doméstico, empresarial o profesional.",23066.36,23,Proveedor 06,Disponible
3697,Memoria USB Tripp Lite Ultra-875,Almacenamiento,Tripp Lite,Ultra-875,"Memoria USB de Tripp Lite, modelo Ultra-875, diseñado para uso doméstico, empresarial o profesional.",17622.5,137,Proveedor 14,Disponible
3698,Tarjeta microSD Brother Max-538,Almacenamiento,Brother,Max-538,"Tarjeta microSD de Brother, modelo Max-538, diseñado para uso doméstico, empresarial o profesional.",19810.42,131,Proveedor 22,Disponible
3699,Memoria USB Lenovo Pro-574,Almacenamiento,Lenovo,Pro-574,"Memoria USB de Lenovo, modelo Pro-574, diseñado para uso doméstico, empresarial o profesional.",9577.32,15,Proveedor 01,Disponible
3700,Caja para disco APC Plus-419,Almacenamiento,APC,Plus-419,"Caja para disco de APC, modelo Plus-419, diseñado para uso doméstico, empresarial o profesional.",11486.23,6,Proveedor 17,Disponible
3701,Tarjeta SD Hikvision Enterprise-773,Almacenamiento,Hikvision,Enterprise-773,"Tarjeta SD de Hikvision, modelo Enterprise-773, diseñado para uso doméstico, empresarial o profesional.",14003.63,22,Proveedor 19,Disponible
3702,Disco duro interno Intel Basic-602,Almacenamiento,Intel,Basic-602,"Disco duro interno de Intel, modelo Basic-602, diseñado para uso doméstico, empresarial o profesional.",7395.66,145,Proveedor 05,Disponible
3703,Disco duro interno Ubiquiti Plus-144,Almacenamiento,Ubiquiti,Plus-144,"Disco duro interno de Ubiquiti, modelo Plus-144, diseñado para uso doméstico, empresarial o profesional.",1401.24,146,Proveedor 24,Disponible
3704,Caja para disco Acer Ultra-722,Almacenamiento,Acer,Ultra-722,"Caja para disco de Acer, modelo Ultra-722, diseñado para uso doméstico, empresarial o profesional.",24054.4,32,Proveedor 07,Disponible
3705,NAS Epson Plus-653,Almacenamiento,Epson,Plus-653,"NAS de Epson, modelo Plus-653, diseñado para uso doméstico, empresarial o profesional.",6835.04,111,Proveedor 09,Disponible
3706,Unidad óptica Cisco Max-261,Almacenamiento,Cisco,Max-261,"Unidad óptica de Cisco, modelo Max-261, diseñado para uso doméstico, empresarial o profesional.",3064.12,146,Proveedor 17,Disponible
3707,Memoria USB Samsung Plus-542,Almacenamiento,Samsung,Plus-542,"Memoria USB de Samsung, modelo Plus-542, diseñado para uso doméstico, empresarial o profesional.",4809.17,2,Proveedor 06,Disponible
3708,Disco duro interno ASUS Pro-861,Almacenamiento,ASUS,Pro-861,"Disco duro interno de ASUS, modelo Pro-861, diseñado para uso doméstico, empresarial o profesional.",18212.29,37,Proveedor 01,Disponible
3709,NAS Samsung Basic-999,Almacenamiento,Samsung,Basic-999,"NAS de Samsung, modelo Basic-999, diseñado para uso doméstico, empresarial o profesional.",5322.21,55,Proveedor 01,Disponible
3710,Disco duro externo TP-Link Basic-661,Almacenamiento,TP-Link,Basic-661,"Disco duro externo de TP-Link, modelo Basic-661, diseñado para uso doméstico, empresarial o profesional.",13047.08,63,Proveedor 10,Disponible
3711,Memoria USB Hikvision Pro-707,Almacenamiento,Hikvision,Pro-707,"Memoria USB de Hikvision, modelo Pro-707, diseñado para uso doméstico, empresarial o profesional.",2914.06,1,Proveedor 01,Disponible
3712,Caja para disco APC Max-886,Almacenamiento,APC,Max-886,"Caja para disco de APC, modelo Max-886, diseñado para uso doméstico, empresarial o profesional.",19486.9,23,Proveedor 04,Disponible
3713,Tarjeta microSD HP Ultra-917,Almacenamiento,HP,Ultra-917,"Tarjeta microSD de HP, modelo Ultra-917, diseñado para uso doméstico, empresarial o profesional.",215.86,148,Proveedor 03,Disponible
3714,Memoria USB Intel Enterprise-859,Almacenamiento,Intel,Enterprise-859,"Memoria USB de Intel, modelo Enterprise-859, diseñado para uso doméstico, empresarial o profesional.",15750.22,60,Proveedor 05,Disponible
3715,Unidad óptica Acer Ultra-859,Almacenamiento,Acer,Ultra-859,"Unidad óptica de Acer, modelo Ultra-859, diseñado para uso doméstico, empresarial o profesional.",20816.98,136,Proveedor 25,Disponible
3716,Almacenamiento en red Hikvision Business-833,Almacenamiento,Hikvision,Business-833,"Almacenamiento en red de Hikvision, modelo Business-833, diseñado para uso doméstico, empresarial o profesional.",15501.73,99,Proveedor 01,Disponible
3717,Caja para disco Samsung Plus-656,Almacenamiento,Samsung,Plus-656,"Caja para disco de Samsung, modelo Plus-656, diseñado para uso doméstico, empresarial o profesional.",24726.45,21,Proveedor 18,Disponible
3718,Memoria USB Brother Plus-497,Almacenamiento,Brother,Plus-497,"Memoria USB de Brother, modelo Plus-497, diseñado para uso doméstico, empresarial o profesional.",6236.85,12,Proveedor 01,Disponible
3719,Almacenamiento en red Intel Max-383,Almacenamiento,Intel,Max-383,"Almacenamiento en red de Intel, modelo Max-383, diseñado para uso doméstico, empresarial o profesional.",17154.78,63,Proveedor 14,Disponible
3720,Disco duro interno HP Business-955,Almacenamiento,HP,Business-955,"Disco duro interno de HP, modelo Business-955, diseñado para uso doméstico, empresarial o profesional.",6221.32,114,Proveedor 03,Disponible
3721,Disco duro interno APC Basic-425,Almacenamiento,APC,Basic-425,"Disco duro interno de APC, modelo Basic-425, diseñado para uso doméstico, empresarial o profesional.",2447.8,142,Proveedor 21,Disponible
3722,NAS Logitech Plus-613,Almacenamiento,Logitech,Plus-613,"NAS de Logitech, modelo Plus-613, diseñado para uso doméstico, empresarial o profesional.",3666.81,146,Proveedor 10,Disponible
3723,SSD NVMe TP-Link Pro-751,Almacenamiento,TP-Link,Pro-751,"SSD NVMe de TP-Link, modelo Pro-751, diseñado para uso doméstico, empresarial o profesional.",6605.39,3,Proveedor 03,Disponible
3724,NAS Acer Plus-880,Almacenamiento,Acer,Plus-880,"NAS de Acer, modelo Plus-880, diseñado para uso doméstico, empresarial o profesional.",6093.46,105,Proveedor 14,Disponible
3725,Disco duro externo Hikvision Plus-484,Almacenamiento,Hikvision,Plus-484,"Disco duro externo de Hikvision, modelo Plus-484, diseñado para uso doméstico, empresarial o profesional.",23594.72,64,Proveedor 10,Disponible
3726,Almacenamiento en red Logitech Enterprise-514,Almacenamiento,Logitech,Enterprise-514,"Almacenamiento en red de Logitech, modelo Enterprise-514, diseñado para uso doméstico, empresarial o profesional.",10883.77,37,Proveedor 23,Disponible
3727,Disco duro externo HP Basic-663,Almacenamiento,HP,Basic-663,"Disco duro externo de HP, modelo Basic-663, diseñado para uso doméstico, empresarial o profesional.",3578.01,4,Proveedor 05,Disponible
3728,Caja para disco Dell Business-619,Almacenamiento,Dell,Business-619,"Caja para disco de Dell, modelo Business-619, diseñado para uso doméstico, empresarial o profesional.",3932.36,35,Proveedor 21,Disponible
3729,Tarjeta SD APC Ultra-710,Almacenamiento,APC,Ultra-710,"Tarjeta SD de APC, modelo Ultra-710, diseñado para uso doméstico, empresarial o profesional.",23072.7,73,Proveedor 01,Disponible
3730,SSD NVMe Huawei Pro-134,Almacenamiento,Huawei,Pro-134,"SSD NVMe de Huawei, modelo Pro-134, diseñado para uso doméstico, empresarial o profesional.",13342.33,128,Proveedor 03,Disponible
3731,Unidad óptica Logitech Business-432,Almacenamiento,Logitech,Business-432,"Unidad óptica de Logitech, modelo Business-432, diseñado para uso doméstico, empresarial o profesional.",22635.14,119,Proveedor 08,Disponible
3732,NAS Acer Ultra-419,Almacenamiento,Acer,Ultra-419,"NAS de Acer, modelo Ultra-419, diseñado para uso doméstico, empresarial o profesional.",4120.27,56,Proveedor 12,Disponible
3733,Unidad óptica TP-Link Basic-401,Almacenamiento,TP-Link,Basic-401,"Unidad óptica de TP-Link, modelo Basic-401, diseñado para uso doméstico, empresarial o profesional.",2316.67,24,Proveedor 25,Disponible
3734,Caja para disco Lenovo Max-818,Almacenamiento,Lenovo,Max-818,"Caja para disco de Lenovo, modelo Max-818, diseñado para uso doméstico, empresarial o profesional.",8400.59,140,Proveedor 04,Disponible
3735,Memoria USB Dell Business-280,Almacenamiento,Dell,Business-280,"Memoria USB de Dell, modelo Business-280, diseñado para uso doméstico, empresarial o profesional.",19689.6,83,Proveedor 12,Disponible
3736,Almacenamiento en red TP-Link Plus-781,Almacenamiento,TP-Link,Plus-781,"Almacenamiento en red de TP-Link, modelo Plus-781, diseñado para uso doméstico, empresarial o profesional.",21677.0,101,Proveedor 04,Disponible
3737,Disco duro externo Cisco Ultra-716,Almacenamiento,Cisco,Ultra-716,"Disco duro externo de Cisco, modelo Ultra-716, diseñado para uso doméstico, empresarial o profesional.",4446.39,14,Proveedor 09,Disponible
3738,Memoria USB Ubiquiti Basic-155,Almacenamiento,Ubiquiti,Basic-155,"Memoria USB de Ubiquiti, modelo Basic-155, diseñado para uso doméstico, empresarial o profesional.",2268.54,143,Proveedor 08,Disponible
3739,Caja para disco Lenovo Ultra-188,Almacenamiento,Lenovo,Ultra-188,"Caja para disco de Lenovo, modelo Ultra-188, diseñado para uso doméstico, empresarial o profesional.",886.17,44,Proveedor 07,Disponible
3740,SSD NVMe Intel Business-742,Almacenamiento,Intel,Business-742,"SSD NVMe de Intel, modelo Business-742, diseñado para uso doméstico, empresarial o profesional.",10766.31,89,Proveedor 03,Disponible
3741,SSD NVMe TP-Link Business-370,Almacenamiento,TP-Link,Business-370,"SSD NVMe de TP-Link, modelo Business-370, diseñado para uso doméstico, empresarial o profesional.",23670.62,95,Proveedor 01,Disponible
3742,Unidad óptica Ubiquiti Ultra-869,Almacenamiento,Ubiquiti,Ultra-869,"Unidad óptica de Ubiquiti, modelo Ultra-869, diseñado para uso doméstico, empresarial o profesional.",8228.79,66,Proveedor 10,Disponible
3743,Memoria USB Cisco Plus-770,Almacenamiento,Cisco,Plus-770,"Memoria USB de Cisco, modelo Plus-770, diseñado para uso doméstico, empresarial o profesional.",4565.95,36,Proveedor 15,Disponible
3744,Memoria USB Epson Enterprise-749,Almacenamiento,Epson,Enterprise-749,"Memoria USB de Epson, modelo Enterprise-749, diseñado para uso doméstico, empresarial o profesional.",7601.17,6,Proveedor 04,Disponible
3745,Almacenamiento en red Dell Plus-342,Almacenamiento,Dell,Plus-342,"Almacenamiento en red de Dell, modelo Plus-342, diseñado para uso doméstico, empresarial o profesional.",320.06,127,Proveedor 24,Disponible
3746,Tarjeta SD Kingston Ultra-965,Almacenamiento,Kingston,Ultra-965,"Tarjeta SD de Kingston, modelo Ultra-965, diseñado para uso doméstico, empresarial o profesional.",3850.18,60,Proveedor 12,Disponible
3747,Caja para disco Ubiquiti Basic-602,Almacenamiento,Ubiquiti,Basic-602,"Caja para disco de Ubiquiti, modelo Basic-602, diseñado para uso doméstico, empresarial o profesional.",24979.45,136,Proveedor 06,Disponible
3748,SSD NVMe Samsung Enterprise-203,Almacenamiento,Samsung,Enterprise-203,"SSD NVMe de Samsung, modelo Enterprise-203, diseñado para uso doméstico, empresarial o profesional.",18773.91,32,Proveedor 15,Disponible
3749,SSD NVMe Huawei Ultra-103,Almacenamiento,Huawei,Ultra-103,"SSD NVMe de Huawei, modelo Ultra-103, diseñado para uso doméstico, empresarial o profesional.",12808.29,107,Proveedor 23,Disponible
3750,Memoria USB LG Business-901,Almacenamiento,LG,Business-901,"Memoria USB de LG, modelo Business-901, diseñado para uso doméstico, empresarial o profesional.",10094.71,39,Proveedor 05,Disponible
3751,Control de acceso Dell Max-552,Seguridad,Dell,Max-552,"Control de acceso de Dell, modelo Max-552, diseñado para uso doméstico, empresarial o profesional.",26551.06,104,Proveedor 18,Disponible
3752,Sirena APC Enterprise-964,Seguridad,APC,Enterprise-964,"Sirena de APC, modelo Enterprise-964, diseñado para uso doméstico, empresarial o profesional.",8306.01,75,Proveedor 16,Disponible
3753,Sirena Dell Business-263,Seguridad,Dell,Business-263,"Sirena de Dell, modelo Business-263, diseñado para uso doméstico, empresarial o profesional.",17471.98,53,Proveedor 12,Disponible
3754,Cámara de seguridad Cisco Ultra-211,Seguridad,Cisco,Ultra-211,"Cámara de seguridad de Cisco, modelo Ultra-211, diseñado para uso doméstico, empresarial o profesional.",24246.41,77,Proveedor 17,Disponible
3755,Kit CCTV Brother Plus-249,Seguridad,Brother,Plus-249,"Kit CCTV de Brother, modelo Plus-249, diseñado para uso doméstico, empresarial o profesional.",4028.96,80,Proveedor 09,Disponible
3756,Sensor de movimiento Kingston Basic-414,Seguridad,Kingston,Basic-414,"Sensor de movimiento de Kingston, modelo Basic-414, diseñado para uso doméstico, empresarial o profesional.",21863.93,96,Proveedor 18,Disponible
3757,NVR HP Pro-188,Seguridad,HP,Pro-188,"NVR de HP, modelo Pro-188, diseñado para uso doméstico, empresarial o profesional.",10287.47,110,Proveedor 09,Disponible
3758,Kit CCTV LG Pro-465,Seguridad,LG,Pro-465,"Kit CCTV de LG, modelo Pro-465, diseñado para uso doméstico, empresarial o profesional.",7926.3,44,Proveedor 01,Disponible
3759,Videoportero Logitech Enterprise-389,Seguridad,Logitech,Enterprise-389,"Videoportero de Logitech, modelo Enterprise-389, diseñado para uso doméstico, empresarial o profesional.",19391.7,22,Proveedor 25,Disponible
3760,DVR HP Business-827,Seguridad,HP,Business-827,"DVR de HP, modelo Business-827, diseñado para uso doméstico, empresarial o profesional.",18490.04,50,Proveedor 18,Disponible
3761,Sensor magnético Dell Max-250,Seguridad,Dell,Max-250,"Sensor magnético de Dell, modelo Max-250, diseñado para uso doméstico, empresarial o profesional.",14068.9,0,Proveedor 22,Agotado
3762,Videoportero Epson Plus-330,Seguridad,Epson,Plus-330,"Videoportero de Epson, modelo Plus-330, diseñado para uso doméstico, empresarial o profesional.",10319.69,150,Proveedor 10,Disponible
3763,Sensor magnético APC Enterprise-283,Seguridad,APC,Enterprise-283,"Sensor magnético de APC, modelo Enterprise-283, diseñado para uso doméstico, empresarial o profesional.",21803.26,135,Proveedor 17,Disponible
3764,Control de acceso Intel Enterprise-529,Seguridad,Intel,Enterprise-529,"Control de acceso de Intel, modelo Enterprise-529, diseñado para uso doméstico, empresarial o profesional.",16244.16,103,Proveedor 13,Disponible
3765,Control de acceso TP-Link Plus-967,Seguridad,TP-Link,Plus-967,"Control de acceso de TP-Link, modelo Plus-967, diseñado para uso doméstico, empresarial o profesional.",3220.69,25,Proveedor 02,Disponible
3766,NVR Dell Pro-934,Seguridad,Dell,Pro-934,"NVR de Dell, modelo Pro-934, diseñado para uso doméstico, empresarial o profesional.",26381.43,79,Proveedor 07,Disponible
3767,Control de acceso Dell Enterprise-843,Seguridad,Dell,Enterprise-843,"Control de acceso de Dell, modelo Enterprise-843, diseñado para uso doméstico, empresarial o profesional.",5838.7,7,Proveedor 04,Disponible
3768,Videoportero Cisco Plus-725,Seguridad,Cisco,Plus-725,"Videoportero de Cisco, modelo Plus-725, diseñado para uso doméstico, empresarial o profesional.",22396.03,135,Proveedor 14,Disponible
3769,Cámara de seguridad Epson Ultra-245,Seguridad,Epson,Ultra-245,"Cámara de seguridad de Epson, modelo Ultra-245, diseñado para uso doméstico, empresarial o profesional.",3284.26,129,Proveedor 13,Disponible
3770,Cámara de seguridad Cisco Pro-267,Seguridad,Cisco,Pro-267,"Cámara de seguridad de Cisco, modelo Pro-267, diseñado para uso doméstico, empresarial o profesional.",2155.71,51,Proveedor 04,Disponible
3771,Kit CCTV Hikvision Max-947,Seguridad,Hikvision,Max-947,"Kit CCTV de Hikvision, modelo Max-947, diseñado para uso doméstico, empresarial o profesional.",17889.13,12,Proveedor 03,Disponible
3772,DVR Logitech Basic-113,Seguridad,Logitech,Basic-113,"DVR de Logitech, modelo Basic-113, diseñado para uso doméstico, empresarial o profesional.",6532.74,121,Proveedor 04,Disponible
3773,Sensor de movimiento HP Enterprise-806,Seguridad,HP,Enterprise-806,"Sensor de movimiento de HP, modelo Enterprise-806, diseñado para uso doméstico, empresarial o profesional.",15042.55,25,Proveedor 19,Disponible
3774,Sirena Tripp Lite Ultra-146,Seguridad,Tripp Lite,Ultra-146,"Sirena de Tripp Lite, modelo Ultra-146, diseñado para uso doméstico, empresarial o profesional.",23486.03,26,Proveedor 21,Disponible
3775,Videoportero Lenovo Enterprise-463,Seguridad,Lenovo,Enterprise-463,"Videoportero de Lenovo, modelo Enterprise-463, diseñado para uso doméstico, empresarial o profesional.",20607.16,13,Proveedor 24,Disponible
3776,Sensor magnético Logitech Basic-695,Seguridad,Logitech,Basic-695,"Sensor magnético de Logitech, modelo Basic-695, diseñado para uso doméstico, empresarial o profesional.",19546.02,119,Proveedor 17,Disponible
3777,Cerradura electrónica LG Basic-743,Seguridad,LG,Basic-743,"Cerradura electrónica de LG, modelo Basic-743, diseñado para uso doméstico, empresarial o profesional.",3878.27,52,Proveedor 15,Disponible
3778,Cerradura electrónica Epson Plus-642,Seguridad,Epson,Plus-642,"Cerradura electrónica de Epson, modelo Plus-642, diseñado para uso doméstico, empresarial o profesional.",5219.76,30,Proveedor 01,Disponible
3779,Sirena ASUS Max-641,Seguridad,ASUS,Max-641,"Sirena de ASUS, modelo Max-641, diseñado para uso doméstico, empresarial o profesional.",20377.07,113,Proveedor 17,Disponible
3780,Cámara de seguridad Brother Pro-898,Seguridad,Brother,Pro-898,"Cámara de seguridad de Brother, modelo Pro-898, diseñado para uso doméstico, empresarial o profesional.",14199.07,14,Proveedor 23,Disponible
3781,Sensor de movimiento Hikvision Basic-525,Seguridad,Hikvision,Basic-525,"Sensor de movimiento de Hikvision, modelo Basic-525, diseñado para uso doméstico, empresarial o profesional.",3441.77,7,Proveedor 18,Disponible
3782,Sensor magnético HP Enterprise-730,Seguridad,HP,Enterprise-730,"Sensor magnético de HP, modelo Enterprise-730, diseñado para uso doméstico, empresarial o profesional.",14258.46,39,Proveedor 05,Disponible
3783,Sensor de movimiento AMD Enterprise-702,Seguridad,AMD,Enterprise-702,"Sensor de movimiento de AMD, modelo Enterprise-702, diseñado para uso doméstico, empresarial o profesional.",19122.17,98,Proveedor 09,Disponible
3784,Sirena Brother Enterprise-223,Seguridad,Brother,Enterprise-223,"Sirena de Brother, modelo Enterprise-223, diseñado para uso doméstico, empresarial o profesional.",16203.57,124,Proveedor 11,Disponible
3785,Sensor de movimiento Cisco Ultra-999,Seguridad,Cisco,Ultra-999,"Sensor de movimiento de Cisco, modelo Ultra-999, diseñado para uso doméstico, empresarial o profesional.",12750.99,27,Proveedor 01,Disponible
3786,NVR Kingston Max-115,Seguridad,Kingston,Max-115,"NVR de Kingston, modelo Max-115, diseñado para uso doméstico, empresarial o profesional.",20309.97,140,Proveedor 12,Disponible
3787,Cerradura electrónica Hikvision Enterprise-612,Seguridad,Hikvision,Enterprise-612,"Cerradura electrónica de Hikvision, modelo Enterprise-612, diseñado para uso doméstico, empresarial o profesional.",1234.89,43,Proveedor 21,Disponible
3788,Control de acceso Kingston Pro-917,Seguridad,Kingston,Pro-917,"Control de acceso de Kingston, modelo Pro-917, diseñado para uso doméstico, empresarial o profesional.",23110.56,54,Proveedor 13,Disponible
3789,NVR ASUS Enterprise-224,Seguridad,ASUS,Enterprise-224,"NVR de ASUS, modelo Enterprise-224, diseñado para uso doméstico, empresarial o profesional.",11903.88,9,Proveedor 13,Disponible
3790,Kit CCTV Huawei Max-460,Seguridad,Huawei,Max-460,"Kit CCTV de Huawei, modelo Max-460, diseñado para uso doméstico, empresarial o profesional.",25453.4,66,Proveedor 13,Disponible
3791,Sirena TP-Link Ultra-920,Seguridad,TP-Link,Ultra-920,"Sirena de TP-Link, modelo Ultra-920, diseñado para uso doméstico, empresarial o profesional.",13441.78,91,Proveedor 03,Disponible
3792,Videoportero AMD Business-221,Seguridad,AMD,Business-221,"Videoportero de AMD, modelo Business-221, diseñado para uso doméstico, empresarial o profesional.",7603.46,93,Proveedor 23,Disponible
3793,NVR Dell Plus-156,Seguridad,Dell,Plus-156,"NVR de Dell, modelo Plus-156, diseñado para uso doméstico, empresarial o profesional.",22153.26,104,Proveedor 10,Disponible
3794,NVR Huawei Basic-104,Seguridad,Huawei,Basic-104,"NVR de Huawei, modelo Basic-104, diseñado para uso doméstico, empresarial o profesional.",14566.18,2,Proveedor 07,Disponible
3795,Sensor de movimiento LG Basic-932,Seguridad,LG,Basic-932,"Sensor de movimiento de LG, modelo Basic-932, diseñado para uso doméstico, empresarial o profesional.",19568.7,66,Proveedor 06,Disponible
3796,Control de acceso Acer Business-866,Seguridad,Acer,Business-866,"Control de acceso de Acer, modelo Business-866, diseñado para uso doméstico, empresarial o profesional.",20936.69,137,Proveedor 08,Disponible
3797,Kit CCTV Lenovo Plus-654,Seguridad,Lenovo,Plus-654,"Kit CCTV de Lenovo, modelo Plus-654, diseñado para uso doméstico, empresarial o profesional.",25701.8,128,Proveedor 03,Disponible
3798,Sensor de movimiento TP-Link Basic-408,Seguridad,TP-Link,Basic-408,"Sensor de movimiento de TP-Link, modelo Basic-408, diseñado para uso doméstico, empresarial o profesional.",27412.38,108,Proveedor 20,Disponible
3799,DVR TP-Link Plus-978,Seguridad,TP-Link,Plus-978,"DVR de TP-Link, modelo Plus-978, diseñado para uso doméstico, empresarial o profesional.",7090.4,37,Proveedor 04,Disponible
3800,Cerradura electrónica Dell Ultra-587,Seguridad,Dell,Ultra-587,"Cerradura electrónica de Dell, modelo Ultra-587, diseñado para uso doméstico, empresarial o profesional.",21674.95,140,Proveedor 13,Disponible
3801,Control de acceso Huawei Business-913,Seguridad,Huawei,Business-913,"Control de acceso de Huawei, modelo Business-913, diseñado para uso doméstico, empresarial o profesional.",7578.52,84,Proveedor 08,Disponible
3802,Control de acceso Tripp Lite Basic-195,Seguridad,Tripp Lite,Basic-195,"Control de acceso de Tripp Lite, modelo Basic-195, diseñado para uso doméstico, empresarial o profesional.",393.27,4,Proveedor 04,Disponible
3803,Control de acceso Brother Ultra-365,Seguridad,Brother,Ultra-365,"Control de acceso de Brother, modelo Ultra-365, diseñado para uso doméstico, empresarial o profesional.",23130.61,39,Proveedor 16,Disponible
3804,Sensor magnético Intel Enterprise-534,Seguridad,Intel,Enterprise-534,"Sensor magnético de Intel, modelo Enterprise-534, diseñado para uso doméstico, empresarial o profesional.",25709.03,31,Proveedor 11,Disponible
3805,Sirena Epson Max-445,Seguridad,Epson,Max-445,"Sirena de Epson, modelo Max-445, diseñado para uso doméstico, empresarial o profesional.",9832.26,28,Proveedor 05,Disponible
3806,Sensor magnético Dell Ultra-604,Seguridad,Dell,Ultra-604,"Sensor magnético de Dell, modelo Ultra-604, diseñado para uso doméstico, empresarial o profesional.",10086.62,25,Proveedor 05,Disponible
3807,Sensor de movimiento Intel Plus-883,Seguridad,Intel,Plus-883,"Sensor de movimiento de Intel, modelo Plus-883, diseñado para uso doméstico, empresarial o profesional.",17014.78,129,Proveedor 04,Disponible
3808,Cerradura electrónica LG Plus-258,Seguridad,LG,Plus-258,"Cerradura electrónica de LG, modelo Plus-258, diseñado para uso doméstico, empresarial o profesional.",11478.5,11,Proveedor 25,Disponible
3809,Kit CCTV Hikvision Pro-332,Seguridad,Hikvision,Pro-332,"Kit CCTV de Hikvision, modelo Pro-332, diseñado para uso doméstico, empresarial o profesional.",22110.25,4,Proveedor 05,Disponible
3810,Control de acceso Kingston Ultra-876,Seguridad,Kingston,Ultra-876,"Control de acceso de Kingston, modelo Ultra-876, diseñado para uso doméstico, empresarial o profesional.",22222.93,94,Proveedor 25,Disponible
3811,Control de acceso Ubiquiti Enterprise-573,Seguridad,Ubiquiti,Enterprise-573,"Control de acceso de Ubiquiti, modelo Enterprise-573, diseñado para uso doméstico, empresarial o profesional.",14216.35,9,Proveedor 12,Disponible
3812,DVR Hikvision Basic-127,Seguridad,Hikvision,Basic-127,"DVR de Hikvision, modelo Basic-127, diseñado para uso doméstico, empresarial o profesional.",13982.57,15,Proveedor 17,Disponible
3813,Sirena HP Plus-493,Seguridad,HP,Plus-493,"Sirena de HP, modelo Plus-493, diseñado para uso doméstico, empresarial o profesional.",24223.62,123,Proveedor 18,Disponible
3814,Sensor de movimiento Brother Business-840,Seguridad,Brother,Business-840,"Sensor de movimiento de Brother, modelo Business-840, diseñado para uso doméstico, empresarial o profesional.",2117.68,25,Proveedor 16,Disponible
3815,Cerradura electrónica Kingston Pro-642,Seguridad,Kingston,Pro-642,"Cerradura electrónica de Kingston, modelo Pro-642, diseñado para uso doméstico, empresarial o profesional.",773.59,47,Proveedor 15,Disponible
3816,Control de acceso Dell Enterprise-408,Seguridad,Dell,Enterprise-408,"Control de acceso de Dell, modelo Enterprise-408, diseñado para uso doméstico, empresarial o profesional.",15246.67,83,Proveedor 23,Disponible
3817,Sirena ASUS Ultra-151,Seguridad,ASUS,Ultra-151,"Sirena de ASUS, modelo Ultra-151, diseñado para uso doméstico, empresarial o profesional.",5111.33,44,Proveedor 11,Disponible
3818,Control de acceso Huawei Business-640,Seguridad,Huawei,Business-640,"Control de acceso de Huawei, modelo Business-640, diseñado para uso doméstico, empresarial o profesional.",12263.95,37,Proveedor 15,Disponible
3819,NVR Tripp Lite Max-953,Seguridad,Tripp Lite,Max-953,"NVR de Tripp Lite, modelo Max-953, diseñado para uso doméstico, empresarial o profesional.",9217.64,11,Proveedor 15,Disponible
3820,Videoportero Ubiquiti Plus-239,Seguridad,Ubiquiti,Plus-239,"Videoportero de Ubiquiti, modelo Plus-239, diseñado para uso doméstico, empresarial o profesional.",605.48,96,Proveedor 22,Disponible
3821,Sensor de movimiento Lenovo Ultra-169,Seguridad,Lenovo,Ultra-169,"Sensor de movimiento de Lenovo, modelo Ultra-169, diseñado para uso doméstico, empresarial o profesional.",25832.1,52,Proveedor 11,Disponible
3822,Sensor de movimiento Tripp Lite Ultra-587,Seguridad,Tripp Lite,Ultra-587,"Sensor de movimiento de Tripp Lite, modelo Ultra-587, diseñado para uso doméstico, empresarial o profesional.",12701.8,35,Proveedor 12,Disponible
3823,Kit CCTV Lenovo Pro-641,Seguridad,Lenovo,Pro-641,"Kit CCTV de Lenovo, modelo Pro-641, diseñado para uso doméstico, empresarial o profesional.",13107.75,129,Proveedor 16,Disponible
3824,Kit CCTV Cisco Ultra-787,Seguridad,Cisco,Ultra-787,"Kit CCTV de Cisco, modelo Ultra-787, diseñado para uso doméstico, empresarial o profesional.",20914.25,67,Proveedor 17,Disponible
3825,Sensor magnético Huawei Max-795,Seguridad,Huawei,Max-795,"Sensor magnético de Huawei, modelo Max-795, diseñado para uso doméstico, empresarial o profesional.",7242.55,14,Proveedor 23,Disponible
3826,Cerradura electrónica LG Enterprise-340,Seguridad,LG,Enterprise-340,"Cerradura electrónica de LG, modelo Enterprise-340, diseñado para uso doméstico, empresarial o profesional.",8013.33,88,Proveedor 01,Disponible
3827,Sensor magnético AMD Enterprise-248,Seguridad,AMD,Enterprise-248,"Sensor magnético de AMD, modelo Enterprise-248, diseñado para uso doméstico, empresarial o profesional.",14385.68,147,Proveedor 14,Disponible
3828,DVR Samsung Max-974,Seguridad,Samsung,Max-974,"DVR de Samsung, modelo Max-974, diseñado para uso doméstico, empresarial o profesional.",13646.35,65,Proveedor 25,Disponible
3829,Cámara de seguridad Samsung Pro-798,Seguridad,Samsung,Pro-798,"Cámara de seguridad de Samsung, modelo Pro-798, diseñado para uso doméstico, empresarial o profesional.",19790.26,82,Proveedor 14,Disponible
3830,Sirena Cisco Business-585,Seguridad,Cisco,Business-585,"Sirena de Cisco, modelo Business-585, diseñado para uso doméstico, empresarial o profesional.",15155.69,118,Proveedor 16,Disponible
3831,Cerradura electrónica LG Plus-262,Seguridad,LG,Plus-262,"Cerradura electrónica de LG, modelo Plus-262, diseñado para uso doméstico, empresarial o profesional.",13259.13,19,Proveedor 19,Disponible
3832,Cámara de seguridad Epson Enterprise-900,Seguridad,Epson,Enterprise-900,"Cámara de seguridad de Epson, modelo Enterprise-900, diseñado para uso doméstico, empresarial o profesional.",15950.97,37,Proveedor 06,Disponible
3833,Sirena Acer Enterprise-512,Seguridad,Acer,Enterprise-512,"Sirena de Acer, modelo Enterprise-512, diseñado para uso doméstico, empresarial o profesional.",22562.5,33,Proveedor 15,Disponible
3834,Sensor de movimiento ASUS Basic-823,Seguridad,ASUS,Basic-823,"Sensor de movimiento de ASUS, modelo Basic-823, diseñado para uso doméstico, empresarial o profesional.",5529.09,37,Proveedor 16,Disponible
3835,DVR HP Enterprise-176,Seguridad,HP,Enterprise-176,"DVR de HP, modelo Enterprise-176, diseñado para uso doméstico, empresarial o profesional.",25126.72,94,Proveedor 21,Disponible
3836,Sirena Ubiquiti Max-223,Seguridad,Ubiquiti,Max-223,"Sirena de Ubiquiti, modelo Max-223, diseñado para uso doméstico, empresarial o profesional.",29070.75,27,Proveedor 14,Disponible
3837,NVR Cisco Enterprise-401,Seguridad,Cisco,Enterprise-401,"NVR de Cisco, modelo Enterprise-401, diseñado para uso doméstico, empresarial o profesional.",4981.15,139,Proveedor 12,Disponible
3838,DVR Kingston Plus-957,Seguridad,Kingston,Plus-957,"DVR de Kingston, modelo Plus-957, diseñado para uso doméstico, empresarial o profesional.",16708.87,147,Proveedor 18,Disponible
3839,Sensor de movimiento Cisco Plus-279,Seguridad,Cisco,Plus-279,"Sensor de movimiento de Cisco, modelo Plus-279, diseñado para uso doméstico, empresarial o profesional.",28217.91,108,Proveedor 19,Disponible
3840,Cámara de seguridad Acer Max-977,Seguridad,Acer,Max-977,"Cámara de seguridad de Acer, modelo Max-977, diseñado para uso doméstico, empresarial o profesional.",24252.21,47,Proveedor 01,Disponible
3841,NVR Ubiquiti Max-913,Seguridad,Ubiquiti,Max-913,"NVR de Ubiquiti, modelo Max-913, diseñado para uso doméstico, empresarial o profesional.",16622.91,24,Proveedor 09,Disponible
3842,NVR Huawei Plus-607,Seguridad,Huawei,Plus-607,"NVR de Huawei, modelo Plus-607, diseñado para uso doméstico, empresarial o profesional.",24916.11,15,Proveedor 14,Disponible
3843,Sensor magnético TP-Link Enterprise-173,Seguridad,TP-Link,Enterprise-173,"Sensor magnético de TP-Link, modelo Enterprise-173, diseñado para uso doméstico, empresarial o profesional.",13682.14,4,Proveedor 07,Disponible
3844,DVR Huawei Pro-556,Seguridad,Huawei,Pro-556,"DVR de Huawei, modelo Pro-556, diseñado para uso doméstico, empresarial o profesional.",26646.69,10,Proveedor 11,Disponible
3845,Cámara de seguridad Cisco Plus-697,Seguridad,Cisco,Plus-697,"Cámara de seguridad de Cisco, modelo Plus-697, diseñado para uso doméstico, empresarial o profesional.",6189.05,47,Proveedor 14,Disponible
3846,Sirena ASUS Plus-386,Seguridad,ASUS,Plus-386,"Sirena de ASUS, modelo Plus-386, diseñado para uso doméstico, empresarial o profesional.",11489.03,57,Proveedor 04,Disponible
3847,Sirena ASUS Max-385,Seguridad,ASUS,Max-385,"Sirena de ASUS, modelo Max-385, diseñado para uso doméstico, empresarial o profesional.",23540.84,110,Proveedor 08,Disponible
3848,Sensor magnético TP-Link Max-327,Seguridad,TP-Link,Max-327,"Sensor magnético de TP-Link, modelo Max-327, diseñado para uso doméstico, empresarial o profesional.",28749.71,8,Proveedor 24,Disponible
3849,Videoportero Samsung Plus-162,Seguridad,Samsung,Plus-162,"Videoportero de Samsung, modelo Plus-162, diseñado para uso doméstico, empresarial o profesional.",4941.33,89,Proveedor 20,Disponible
3850,Kit CCTV Tripp Lite Plus-211,Seguridad,Tripp Lite,Plus-211,"Kit CCTV de Tripp Lite, modelo Plus-211, diseñado para uso doméstico, empresarial o profesional.",21056.76,56,Proveedor 24,Disponible
3851,Kit CCTV Epson Pro-573,Seguridad,Epson,Pro-573,"Kit CCTV de Epson, modelo Pro-573, diseñado para uso doméstico, empresarial o profesional.",21111.22,126,Proveedor 06,Disponible
3852,Sensor magnético Dell Pro-686,Seguridad,Dell,Pro-686,"Sensor magnético de Dell, modelo Pro-686, diseñado para uso doméstico, empresarial o profesional.",3800.83,99,Proveedor 08,Disponible
3853,Cerradura electrónica Cisco Plus-890,Seguridad,Cisco,Plus-890,"Cerradura electrónica de Cisco, modelo Plus-890, diseñado para uso doméstico, empresarial o profesional.",17027.4,109,Proveedor 02,Disponible
3854,NVR Ubiquiti Business-529,Seguridad,Ubiquiti,Business-529,"NVR de Ubiquiti, modelo Business-529, diseñado para uso doméstico, empresarial o profesional.",13741.11,84,Proveedor 06,Disponible
3855,Sirena ASUS Max-759,Seguridad,ASUS,Max-759,"Sirena de ASUS, modelo Max-759, diseñado para uso doméstico, empresarial o profesional.",9320.56,52,Proveedor 19,Disponible
3856,Sirena Logitech Max-866,Seguridad,Logitech,Max-866,"Sirena de Logitech, modelo Max-866, diseñado para uso doméstico, empresarial o profesional.",18910.07,95,Proveedor 01,Disponible
3857,Sirena TP-Link Max-979,Seguridad,TP-Link,Max-979,"Sirena de TP-Link, modelo Max-979, diseñado para uso doméstico, empresarial o profesional.",16520.11,77,Proveedor 01,Disponible
3858,Videoportero Brother Plus-871,Seguridad,Brother,Plus-871,"Videoportero de Brother, modelo Plus-871, diseñado para uso doméstico, empresarial o profesional.",12559.66,5,Proveedor 06,Disponible
3859,Cámara de seguridad Tripp Lite Basic-781,Seguridad,Tripp Lite,Basic-781,"Cámara de seguridad de Tripp Lite, modelo Basic-781, diseñado para uso doméstico, empresarial o profesional.",21531.59,26,Proveedor 19,Disponible
3860,NVR AMD Basic-269,Seguridad,AMD,Basic-269,"NVR de AMD, modelo Basic-269, diseñado para uso doméstico, empresarial o profesional.",5829.27,19,Proveedor 12,Disponible
3861,Control de acceso Epson Max-133,Seguridad,Epson,Max-133,"Control de acceso de Epson, modelo Max-133, diseñado para uso doméstico, empresarial o profesional.",8600.94,138,Proveedor 19,Disponible
3862,Cámara de seguridad Intel Pro-277,Seguridad,Intel,Pro-277,"Cámara de seguridad de Intel, modelo Pro-277, diseñado para uso doméstico, empresarial o profesional.",26992.94,89,Proveedor 07,Disponible
3863,Sensor de movimiento Acer Pro-106,Seguridad,Acer,Pro-106,"Sensor de movimiento de Acer, modelo Pro-106, diseñado para uso doméstico, empresarial o profesional.",28734.91,62,Proveedor 12,Disponible
3864,DVR Cisco Pro-929,Seguridad,Cisco,Pro-929,"DVR de Cisco, modelo Pro-929, diseñado para uso doméstico, empresarial o profesional.",11414.91,84,Proveedor 12,Disponible
3865,Cámara de seguridad HP Max-846,Seguridad,HP,Max-846,"Cámara de seguridad de HP, modelo Max-846, diseñado para uso doméstico, empresarial o profesional.",7019.39,86,Proveedor 10,Disponible
3866,Cerradura electrónica Cisco Pro-975,Seguridad,Cisco,Pro-975,"Cerradura electrónica de Cisco, modelo Pro-975, diseñado para uso doméstico, empresarial o profesional.",12323.16,129,Proveedor 18,Disponible
3867,Sensor magnético Kingston Business-902,Seguridad,Kingston,Business-902,"Sensor magnético de Kingston, modelo Business-902, diseñado para uso doméstico, empresarial o profesional.",6482.09,49,Proveedor 25,Disponible
3868,Sensor de movimiento Acer Pro-401,Seguridad,Acer,Pro-401,"Sensor de movimiento de Acer, modelo Pro-401, diseñado para uso doméstico, empresarial o profesional.",25539.12,100,Proveedor 06,Disponible
3869,Kit CCTV Ubiquiti Pro-107,Seguridad,Ubiquiti,Pro-107,"Kit CCTV de Ubiquiti, modelo Pro-107, diseñado para uso doméstico, empresarial o profesional.",24411.82,6,Proveedor 12,Disponible
3870,Kit CCTV Tripp Lite Business-336,Seguridad,Tripp Lite,Business-336,"Kit CCTV de Tripp Lite, modelo Business-336, diseñado para uso doméstico, empresarial o profesional.",3936.73,68,Proveedor 25,Disponible
3871,Control de acceso Dell Pro-693,Seguridad,Dell,Pro-693,"Control de acceso de Dell, modelo Pro-693, diseñado para uso doméstico, empresarial o profesional.",2008.71,85,Proveedor 25,Disponible
3872,Kit CCTV Huawei Plus-995,Seguridad,Huawei,Plus-995,"Kit CCTV de Huawei, modelo Plus-995, diseñado para uso doméstico, empresarial o profesional.",18468.34,34,Proveedor 02,Disponible
3873,DVR Lenovo Pro-608,Seguridad,Lenovo,Pro-608,"DVR de Lenovo, modelo Pro-608, diseñado para uso doméstico, empresarial o profesional.",12224.21,19,Proveedor 16,Disponible
3874,Sirena Kingston Max-480,Seguridad,Kingston,Max-480,"Sirena de Kingston, modelo Max-480, diseñado para uso doméstico, empresarial o profesional.",8552.3,16,Proveedor 01,Disponible
3875,Videoportero ASUS Max-893,Seguridad,ASUS,Max-893,"Videoportero de ASUS, modelo Max-893, diseñado para uso doméstico, empresarial o profesional.",26048.84,23,Proveedor 19,Disponible
3876,Sensor de movimiento Hikvision Plus-737,Seguridad,Hikvision,Plus-737,"Sensor de movimiento de Hikvision, modelo Plus-737, diseñado para uso doméstico, empresarial o profesional.",29583.72,25,Proveedor 19,Disponible
3877,NVR ASUS Ultra-557,Seguridad,ASUS,Ultra-557,"NVR de ASUS, modelo Ultra-557, diseñado para uso doméstico, empresarial o profesional.",2557.6,58,Proveedor 04,Disponible
3878,Sirena LG Pro-839,Seguridad,LG,Pro-839,"Sirena de LG, modelo Pro-839, diseñado para uso doméstico, empresarial o profesional.",12203.23,108,Proveedor 09,Disponible
3879,Sirena Samsung Pro-783,Seguridad,Samsung,Pro-783,"Sirena de Samsung, modelo Pro-783, diseñado para uso doméstico, empresarial o profesional.",25635.5,102,Proveedor 09,Disponible
3880,Videoportero HP Pro-818,Seguridad,HP,Pro-818,"Videoportero de HP, modelo Pro-818, diseñado para uso doméstico, empresarial o profesional.",1054.52,108,Proveedor 04,Disponible
3881,Sirena Epson Basic-104,Seguridad,Epson,Basic-104,"Sirena de Epson, modelo Basic-104, diseñado para uso doméstico, empresarial o profesional.",17261.13,40,Proveedor 22,Disponible
3882,Sensor magnético Logitech Plus-995,Seguridad,Logitech,Plus-995,"Sensor magnético de Logitech, modelo Plus-995, diseñado para uso doméstico, empresarial o profesional.",4381.63,15,Proveedor 07,Disponible
3883,NVR HP Basic-462,Seguridad,HP,Basic-462,"NVR de HP, modelo Basic-462, diseñado para uso doméstico, empresarial o profesional.",20825.17,84,Proveedor 12,Disponible
3884,Cámara de seguridad Samsung Basic-377,Seguridad,Samsung,Basic-377,"Cámara de seguridad de Samsung, modelo Basic-377, diseñado para uso doméstico, empresarial o profesional.",6533.55,35,Proveedor 04,Disponible
3885,Kit CCTV HP Plus-343,Seguridad,HP,Plus-343,"Kit CCTV de HP, modelo Plus-343, diseñado para uso doméstico, empresarial o profesional.",20085.85,12,Proveedor 17,Disponible
3886,Sirena Brother Max-572,Seguridad,Brother,Max-572,"Sirena de Brother, modelo Max-572, diseñado para uso doméstico, empresarial o profesional.",19240.02,66,Proveedor 15,Disponible
3887,Kit CCTV Lenovo Plus-809,Seguridad,Lenovo,Plus-809,"Kit CCTV de Lenovo, modelo Plus-809, diseñado para uso doméstico, empresarial o profesional.",22315.1,33,Proveedor 05,Disponible
3888,DVR APC Max-341,Seguridad,APC,Max-341,"DVR de APC, modelo Max-341, diseñado para uso doméstico, empresarial o profesional.",21333.42,65,Proveedor 21,Disponible
3889,Cerradura electrónica Tripp Lite Enterprise-212,Seguridad,Tripp Lite,Enterprise-212,"Cerradura electrónica de Tripp Lite, modelo Enterprise-212, diseñado para uso doméstico, empresarial o profesional.",17843.81,1,Proveedor 10,Disponible
3890,Sensor magnético Brother Ultra-142,Seguridad,Brother,Ultra-142,"Sensor magnético de Brother, modelo Ultra-142, diseñado para uso doméstico, empresarial o profesional.",13113.24,97,Proveedor 19,Disponible
3891,Sensor de movimiento Acer Pro-875,Seguridad,Acer,Pro-875,"Sensor de movimiento de Acer, modelo Pro-875, diseñado para uso doméstico, empresarial o profesional.",5353.62,150,Proveedor 18,Disponible
3892,Videoportero LG Basic-466,Seguridad,LG,Basic-466,"Videoportero de LG, modelo Basic-466, diseñado para uso doméstico, empresarial o profesional.",26216.43,14,Proveedor 06,Disponible
3893,Cerradura electrónica Hikvision Business-655,Seguridad,Hikvision,Business-655,"Cerradura electrónica de Hikvision, modelo Business-655, diseñado para uso doméstico, empresarial o profesional.",20065.71,110,Proveedor 09,Disponible
3894,Cámara de seguridad APC Plus-751,Seguridad,APC,Plus-751,"Cámara de seguridad de APC, modelo Plus-751, diseñado para uso doméstico, empresarial o profesional.",15252.65,91,Proveedor 24,Disponible
3895,Sensor magnético APC Pro-949,Seguridad,APC,Pro-949,"Sensor magnético de APC, modelo Pro-949, diseñado para uso doméstico, empresarial o profesional.",22242.87,43,Proveedor 25,Disponible
3896,Cerradura electrónica Ubiquiti Business-912,Seguridad,Ubiquiti,Business-912,"Cerradura electrónica de Ubiquiti, modelo Business-912, diseñado para uso doméstico, empresarial o profesional.",14491.43,103,Proveedor 06,Disponible
3897,Cámara de seguridad APC Plus-507,Seguridad,APC,Plus-507,"Cámara de seguridad de APC, modelo Plus-507, diseñado para uso doméstico, empresarial o profesional.",14622.97,149,Proveedor 25,Disponible
3898,NVR LG Plus-321,Seguridad,LG,Plus-321,"NVR de LG, modelo Plus-321, diseñado para uso doméstico, empresarial o profesional.",25909.23,81,Proveedor 24,Disponible
3899,Cerradura electrónica Dell Enterprise-699,Seguridad,Dell,Enterprise-699,"Cerradura electrónica de Dell, modelo Enterprise-699, diseñado para uso doméstico, empresarial o profesional.",11936.17,142,Proveedor 06,Disponible
3900,NVR ASUS Enterprise-458,Seguridad,ASUS,Enterprise-458,"NVR de ASUS, modelo Enterprise-458, diseñado para uso doméstico, empresarial o profesional.",556.1,27,Proveedor 18,Disponible
3901,NVR LG Business-914,Seguridad,LG,Business-914,"NVR de LG, modelo Business-914, diseñado para uso doméstico, empresarial o profesional.",20011.54,103,Proveedor 06,Disponible
3902,Control de acceso Hikvision Pro-665,Seguridad,Hikvision,Pro-665,"Control de acceso de Hikvision, modelo Pro-665, diseñado para uso doméstico, empresarial o profesional.",12512.32,150,Proveedor 25,Disponible
3903,Control de acceso ASUS Business-113,Seguridad,ASUS,Business-113,"Control de acceso de ASUS, modelo Business-113, diseñado para uso doméstico, empresarial o profesional.",2992.0,43,Proveedor 06,Disponible
3904,Sensor de movimiento Logitech Basic-394,Seguridad,Logitech,Basic-394,"Sensor de movimiento de Logitech, modelo Basic-394, diseñado para uso doméstico, empresarial o profesional.",17221.03,44,Proveedor 20,Disponible
3905,Cámara de seguridad TP-Link Max-819,Seguridad,TP-Link,Max-819,"Cámara de seguridad de TP-Link, modelo Max-819, diseñado para uso doméstico, empresarial o profesional.",19757.19,100,Proveedor 06,Disponible
3906,Sirena Cisco Pro-519,Seguridad,Cisco,Pro-519,"Sirena de Cisco, modelo Pro-519, diseñado para uso doméstico, empresarial o profesional.",12135.51,67,Proveedor 11,Disponible
3907,Cámara de seguridad Intel Plus-540,Seguridad,Intel,Plus-540,"Cámara de seguridad de Intel, modelo Plus-540, diseñado para uso doméstico, empresarial o profesional.",6067.9,17,Proveedor 16,Disponible
3908,Control de acceso Cisco Basic-834,Seguridad,Cisco,Basic-834,"Control de acceso de Cisco, modelo Basic-834, diseñado para uso doméstico, empresarial o profesional.",7178.5,19,Proveedor 02,Disponible
3909,DVR Intel Pro-351,Seguridad,Intel,Pro-351,"DVR de Intel, modelo Pro-351, diseñado para uso doméstico, empresarial o profesional.",11310.85,51,Proveedor 18,Disponible
3910,Kit CCTV ASUS Pro-264,Seguridad,ASUS,Pro-264,"Kit CCTV de ASUS, modelo Pro-264, diseñado para uso doméstico, empresarial o profesional.",9147.0,118,Proveedor 03,Disponible
3911,DVR Intel Pro-491,Seguridad,Intel,Pro-491,"DVR de Intel, modelo Pro-491, diseñado para uso doméstico, empresarial o profesional.",25609.69,11,Proveedor 14,Disponible
3912,Cámara de seguridad APC Pro-572,Seguridad,APC,Pro-572,"Cámara de seguridad de APC, modelo Pro-572, diseñado para uso doméstico, empresarial o profesional.",14729.85,9,Proveedor 11,Disponible
3913,Videoportero Logitech Ultra-213,Seguridad,Logitech,Ultra-213,"Videoportero de Logitech, modelo Ultra-213, diseñado para uso doméstico, empresarial o profesional.",27727.03,107,Proveedor 02,Disponible
3914,Sirena Ubiquiti Enterprise-232,Seguridad,Ubiquiti,Enterprise-232,"Sirena de Ubiquiti, modelo Enterprise-232, diseñado para uso doméstico, empresarial o profesional.",11910.39,55,Proveedor 23,Disponible
3915,Sensor magnético LG Basic-115,Seguridad,LG,Basic-115,"Sensor magnético de LG, modelo Basic-115, diseñado para uso doméstico, empresarial o profesional.",17301.55,58,Proveedor 15,Disponible
3916,NVR Acer Plus-533,Seguridad,Acer,Plus-533,"NVR de Acer, modelo Plus-533, diseñado para uso doméstico, empresarial o profesional.",2976.91,108,Proveedor 22,Disponible
3917,NVR Epson Business-213,Seguridad,Epson,Business-213,"NVR de Epson, modelo Business-213, diseñado para uso doméstico, empresarial o profesional.",6405.9,50,Proveedor 14,Disponible
3918,DVR TP-Link Business-911,Seguridad,TP-Link,Business-911,"DVR de TP-Link, modelo Business-911, diseñado para uso doméstico, empresarial o profesional.",18631.38,72,Proveedor 23,Disponible
3919,DVR Ubiquiti Plus-240,Seguridad,Ubiquiti,Plus-240,"DVR de Ubiquiti, modelo Plus-240, diseñado para uso doméstico, empresarial o profesional.",28179.13,25,Proveedor 13,Disponible
3920,Cerradura electrónica Logitech Enterprise-394,Seguridad,Logitech,Enterprise-394,"Cerradura electrónica de Logitech, modelo Enterprise-394, diseñado para uso doméstico, empresarial o profesional.",3754.23,50,Proveedor 15,Disponible
3921,NVR Hikvision Ultra-774,Seguridad,Hikvision,Ultra-774,"NVR de Hikvision, modelo Ultra-774, diseñado para uso doméstico, empresarial o profesional.",26874.36,133,Proveedor 12,Disponible
3922,Sirena Ubiquiti Enterprise-132,Seguridad,Ubiquiti,Enterprise-132,"Sirena de Ubiquiti, modelo Enterprise-132, diseñado para uso doméstico, empresarial o profesional.",12833.1,53,Proveedor 09,Disponible
3923,Kit CCTV Kingston Pro-738,Seguridad,Kingston,Pro-738,"Kit CCTV de Kingston, modelo Pro-738, diseñado para uso doméstico, empresarial o profesional.",29247.94,71,Proveedor 14,Disponible
3924,DVR Brother Plus-978,Seguridad,Brother,Plus-978,"DVR de Brother, modelo Plus-978, diseñado para uso doméstico, empresarial o profesional.",10403.37,130,Proveedor 18,Disponible
3925,Sirena TP-Link Basic-955,Seguridad,TP-Link,Basic-955,"Sirena de TP-Link, modelo Basic-955, diseñado para uso doméstico, empresarial o profesional.",25433.06,144,Proveedor 07,Disponible
3926,NVR Kingston Business-287,Seguridad,Kingston,Business-287,"NVR de Kingston, modelo Business-287, diseñado para uso doméstico, empresarial o profesional.",1522.94,43,Proveedor 10,Disponible
3927,Sensor magnético Epson Ultra-415,Seguridad,Epson,Ultra-415,"Sensor magnético de Epson, modelo Ultra-415, diseñado para uso doméstico, empresarial o profesional.",8218.28,68,Proveedor 03,Disponible
3928,Sirena ASUS Pro-375,Seguridad,ASUS,Pro-375,"Sirena de ASUS, modelo Pro-375, diseñado para uso doméstico, empresarial o profesional.",10556.91,85,Proveedor 07,Disponible
3929,Sensor magnético Huawei Max-361,Seguridad,Huawei,Max-361,"Sensor magnético de Huawei, modelo Max-361, diseñado para uso doméstico, empresarial o profesional.",13624.47,2,Proveedor 06,Disponible
3930,Cerradura electrónica Kingston Enterprise-648,Seguridad,Kingston,Enterprise-648,"Cerradura electrónica de Kingston, modelo Enterprise-648, diseñado para uso doméstico, empresarial o profesional.",11280.78,57,Proveedor 13,Disponible
3931,NVR Ubiquiti Max-681,Seguridad,Ubiquiti,Max-681,"NVR de Ubiquiti, modelo Max-681, diseñado para uso doméstico, empresarial o profesional.",1531.43,119,Proveedor 06,Disponible
3932,Sensor de movimiento APC Ultra-851,Seguridad,APC,Ultra-851,"Sensor de movimiento de APC, modelo Ultra-851, diseñado para uso doméstico, empresarial o profesional.",21271.11,16,Proveedor 21,Disponible
3933,Cámara de seguridad TP-Link Max-447,Seguridad,TP-Link,Max-447,"Cámara de seguridad de TP-Link, modelo Max-447, diseñado para uso doméstico, empresarial o profesional.",7045.95,86,Proveedor 21,Disponible
3934,Cerradura electrónica Brother Business-374,Seguridad,Brother,Business-374,"Cerradura electrónica de Brother, modelo Business-374, diseñado para uso doméstico, empresarial o profesional.",5479.12,100,Proveedor 24,Disponible
3935,Control de acceso Epson Plus-898,Seguridad,Epson,Plus-898,"Control de acceso de Epson, modelo Plus-898, diseñado para uso doméstico, empresarial o profesional.",17822.0,4,Proveedor 02,Disponible
3936,Kit CCTV Epson Ultra-646,Seguridad,Epson,Ultra-646,"Kit CCTV de Epson, modelo Ultra-646, diseñado para uso doméstico, empresarial o profesional.",2606.28,109,Proveedor 02,Disponible
3937,Control de acceso Brother Enterprise-763,Seguridad,Brother,Enterprise-763,"Control de acceso de Brother, modelo Enterprise-763, diseñado para uso doméstico, empresarial o profesional.",19162.2,24,Proveedor 10,Disponible
3938,Sensor de movimiento Hikvision Max-635,Seguridad,Hikvision,Max-635,"Sensor de movimiento de Hikvision, modelo Max-635, diseñado para uso doméstico, empresarial o profesional.",8079.14,54,Proveedor 15,Disponible
3939,Cámara de seguridad Huawei Business-484,Seguridad,Huawei,Business-484,"Cámara de seguridad de Huawei, modelo Business-484, diseñado para uso doméstico, empresarial o profesional.",2745.93,115,Proveedor 21,Disponible
3940,Cerradura electrónica Ubiquiti Plus-524,Seguridad,Ubiquiti,Plus-524,"Cerradura electrónica de Ubiquiti, modelo Plus-524, diseñado para uso doméstico, empresarial o profesional.",25517.67,33,Proveedor 22,Disponible
3941,Videoportero Epson Ultra-666,Seguridad,Epson,Ultra-666,"Videoportero de Epson, modelo Ultra-666, diseñado para uso doméstico, empresarial o profesional.",27761.1,17,Proveedor 12,Disponible
3942,Control de acceso Dell Max-481,Seguridad,Dell,Max-481,"Control de acceso de Dell, modelo Max-481, diseñado para uso doméstico, empresarial o profesional.",24549.35,146,Proveedor 02,Disponible
3943,Cámara de seguridad Lenovo Ultra-586,Seguridad,Lenovo,Ultra-586,"Cámara de seguridad de Lenovo, modelo Ultra-586, diseñado para uso doméstico, empresarial o profesional.",27757.73,42,Proveedor 19,Disponible
3944,DVR TP-Link Enterprise-629,Seguridad,TP-Link,Enterprise-629,"DVR de TP-Link, modelo Enterprise-629, diseñado para uso doméstico, empresarial o profesional.",9449.54,10,Proveedor 23,Disponible
3945,Sirena Tripp Lite Ultra-120,Seguridad,Tripp Lite,Ultra-120,"Sirena de Tripp Lite, modelo Ultra-120, diseñado para uso doméstico, empresarial o profesional.",8914.66,60,Proveedor 12,Disponible
3946,Videoportero Ubiquiti Basic-445,Seguridad,Ubiquiti,Basic-445,"Videoportero de Ubiquiti, modelo Basic-445, diseñado para uso doméstico, empresarial o profesional.",27012.93,58,Proveedor 23,Disponible
3947,Sensor de movimiento Hikvision Plus-535,Seguridad,Hikvision,Plus-535,"Sensor de movimiento de Hikvision, modelo Plus-535, diseñado para uso doméstico, empresarial o profesional.",17886.56,62,Proveedor 07,Disponible
3948,Cámara de seguridad Huawei Ultra-760,Seguridad,Huawei,Ultra-760,"Cámara de seguridad de Huawei, modelo Ultra-760, diseñado para uso doméstico, empresarial o profesional.",13368.94,54,Proveedor 01,Disponible
3949,Videoportero Brother Business-910,Seguridad,Brother,Business-910,"Videoportero de Brother, modelo Business-910, diseñado para uso doméstico, empresarial o profesional.",26663.62,30,Proveedor 18,Disponible
3950,NVR ASUS Business-287,Seguridad,ASUS,Business-287,"NVR de ASUS, modelo Business-287, diseñado para uso doméstico, empresarial o profesional.",12792.7,121,Proveedor 19,Disponible
3951,Control de acceso Dell Max-116,Seguridad,Dell,Max-116,"Control de acceso de Dell, modelo Max-116, diseñado para uso doméstico, empresarial o profesional.",23201.59,115,Proveedor 17,Disponible
3952,Sensor magnético Ubiquiti Plus-323,Seguridad,Ubiquiti,Plus-323,"Sensor magnético de Ubiquiti, modelo Plus-323, diseñado para uso doméstico, empresarial o profesional.",15220.73,84,Proveedor 22,Disponible
3953,Kit CCTV Cisco Ultra-582,Seguridad,Cisco,Ultra-582,"Kit CCTV de Cisco, modelo Ultra-582, diseñado para uso doméstico, empresarial o profesional.",22617.47,146,Proveedor 14,Disponible
3954,Sensor de movimiento Kingston Business-932,Seguridad,Kingston,Business-932,"Sensor de movimiento de Kingston, modelo Business-932, diseñado para uso doméstico, empresarial o profesional.",5324.05,131,Proveedor 23,Disponible
3955,Kit CCTV APC Enterprise-593,Seguridad,APC,Enterprise-593,"Kit CCTV de APC, modelo Enterprise-593, diseñado para uso doméstico, empresarial o profesional.",29626.12,6,Proveedor 24,Disponible
3956,Cerradura electrónica Samsung Enterprise-122,Seguridad,Samsung,Enterprise-122,"Cerradura electrónica de Samsung, modelo Enterprise-122, diseñado para uso doméstico, empresarial o profesional.",25362.12,77,Proveedor 19,Disponible
3957,NVR Lenovo Enterprise-220,Seguridad,Lenovo,Enterprise-220,"NVR de Lenovo, modelo Enterprise-220, diseñado para uso doméstico, empresarial o profesional.",20925.74,15,Proveedor 09,Disponible
3958,Sensor magnético Ubiquiti Enterprise-816,Seguridad,Ubiquiti,Enterprise-816,"Sensor magnético de Ubiquiti, modelo Enterprise-816, diseñado para uso doméstico, empresarial o profesional.",23015.82,139,Proveedor 13,Disponible
3959,Sirena TP-Link Ultra-500,Seguridad,TP-Link,Ultra-500,"Sirena de TP-Link, modelo Ultra-500, diseñado para uso doméstico, empresarial o profesional.",6416.2,15,Proveedor 25,Disponible
3960,DVR Huawei Enterprise-266,Seguridad,Huawei,Enterprise-266,"DVR de Huawei, modelo Enterprise-266, diseñado para uso doméstico, empresarial o profesional.",17463.05,3,Proveedor 16,Disponible
3961,Sensor de movimiento Intel Max-281,Seguridad,Intel,Max-281,"Sensor de movimiento de Intel, modelo Max-281, diseñado para uso doméstico, empresarial o profesional.",23072.11,130,Proveedor 20,Disponible
3962,DVR Intel Enterprise-649,Seguridad,Intel,Enterprise-649,"DVR de Intel, modelo Enterprise-649, diseñado para uso doméstico, empresarial o profesional.",27935.52,125,Proveedor 04,Disponible
3963,Sensor magnético Lenovo Ultra-819,Seguridad,Lenovo,Ultra-819,"Sensor magnético de Lenovo, modelo Ultra-819, diseñado para uso doméstico, empresarial o profesional.",9888.89,52,Proveedor 25,Disponible
3964,Sensor de movimiento Hikvision Basic-568,Seguridad,Hikvision,Basic-568,"Sensor de movimiento de Hikvision, modelo Basic-568, diseñado para uso doméstico, empresarial o profesional.",22204.87,1,Proveedor 18,Disponible
3965,Videoportero Kingston Max-368,Seguridad,Kingston,Max-368,"Videoportero de Kingston, modelo Max-368, diseñado para uso doméstico, empresarial o profesional.",5396.99,150,Proveedor 10,Disponible
3966,NVR TP-Link Pro-835,Seguridad,TP-Link,Pro-835,"NVR de TP-Link, modelo Pro-835, diseñado para uso doméstico, empresarial o profesional.",20955.04,137,Proveedor 22,Disponible
3967,Sensor de movimiento Dell Business-889,Seguridad,Dell,Business-889,"Sensor de movimiento de Dell, modelo Business-889, diseñado para uso doméstico, empresarial o profesional.",7350.94,83,Proveedor 10,Disponible
3968,Kit CCTV TP-Link Basic-389,Seguridad,TP-Link,Basic-389,"Kit CCTV de TP-Link, modelo Basic-389, diseñado para uso doméstico, empresarial o profesional.",10956.14,144,Proveedor 20,Disponible
3969,Videoportero Hikvision Basic-489,Seguridad,Hikvision,Basic-489,"Videoportero de Hikvision, modelo Basic-489, diseñado para uso doméstico, empresarial o profesional.",18084.79,16,Proveedor 20,Disponible
3970,Cerradura electrónica Tripp Lite Ultra-294,Seguridad,Tripp Lite,Ultra-294,"Cerradura electrónica de Tripp Lite, modelo Ultra-294, diseñado para uso doméstico, empresarial o profesional.",359.16,66,Proveedor 20,Disponible
3971,Sensor magnético ASUS Plus-337,Seguridad,ASUS,Plus-337,"Sensor magnético de ASUS, modelo Plus-337, diseñado para uso doméstico, empresarial o profesional.",16973.91,131,Proveedor 24,Disponible
3972,Control de acceso Epson Enterprise-155,Seguridad,Epson,Enterprise-155,"Control de acceso de Epson, modelo Enterprise-155, diseñado para uso doméstico, empresarial o profesional.",21012.03,19,Proveedor 15,Disponible
3973,Sensor magnético HP Ultra-582,Seguridad,HP,Ultra-582,"Sensor magnético de HP, modelo Ultra-582, diseñado para uso doméstico, empresarial o profesional.",15209.34,1,Proveedor 13,Disponible
3974,Videoportero Logitech Business-327,Seguridad,Logitech,Business-327,"Videoportero de Logitech, modelo Business-327, diseñado para uso doméstico, empresarial o profesional.",20430.68,87,Proveedor 21,Disponible
3975,Sensor magnético Intel Enterprise-873,Seguridad,Intel,Enterprise-873,"Sensor magnético de Intel, modelo Enterprise-873, diseñado para uso doméstico, empresarial o profesional.",22831.12,13,Proveedor 04,Disponible
3976,Videoportero Logitech Enterprise-694,Seguridad,Logitech,Enterprise-694,"Videoportero de Logitech, modelo Enterprise-694, diseñado para uso doméstico, empresarial o profesional.",27653.94,36,Proveedor 21,Disponible
3977,Sensor magnético Dell Plus-101,Seguridad,Dell,Plus-101,"Sensor magnético de Dell, modelo Plus-101, diseñado para uso doméstico, empresarial o profesional.",6231.48,114,Proveedor 25,Disponible
3978,Cámara de seguridad HP Ultra-155,Seguridad,HP,Ultra-155,"Cámara de seguridad de HP, modelo Ultra-155, diseñado para uso doméstico, empresarial o profesional.",28126.4,39,Proveedor 14,Disponible
3979,Control de acceso Cisco Ultra-149,Seguridad,Cisco,Ultra-149,"Control de acceso de Cisco, modelo Ultra-149, diseñado para uso doméstico, empresarial o profesional.",6346.54,131,Proveedor 21,Disponible
3980,Sensor magnético Cisco Max-755,Seguridad,Cisco,Max-755,"Sensor magnético de Cisco, modelo Max-755, diseñado para uso doméstico, empresarial o profesional.",26978.15,16,Proveedor 15,Disponible
3981,NVR Huawei Pro-641,Seguridad,Huawei,Pro-641,"NVR de Huawei, modelo Pro-641, diseñado para uso doméstico, empresarial o profesional.",5218.45,106,Proveedor 18,Disponible
3982,NVR Kingston Enterprise-406,Seguridad,Kingston,Enterprise-406,"NVR de Kingston, modelo Enterprise-406, diseñado para uso doméstico, empresarial o profesional.",25320.69,83,Proveedor 25,Disponible
3983,Cámara de seguridad TP-Link Ultra-250,Seguridad,TP-Link,Ultra-250,"Cámara de seguridad de TP-Link, modelo Ultra-250, diseñado para uso doméstico, empresarial o profesional.",15635.3,148,Proveedor 11,Disponible
3984,Kit CCTV ASUS Business-762,Seguridad,ASUS,Business-762,"Kit CCTV de ASUS, modelo Business-762, diseñado para uso doméstico, empresarial o profesional.",14167.72,70,Proveedor 03,Disponible
3985,DVR Ubiquiti Max-102,Seguridad,Ubiquiti,Max-102,"DVR de Ubiquiti, modelo Max-102, diseñado para uso doméstico, empresarial o profesional.",12862.58,28,Proveedor 24,Disponible
3986,Kit CCTV Huawei Enterprise-212,Seguridad,Huawei,Enterprise-212,"Kit CCTV de Huawei, modelo Enterprise-212, diseñado para uso doméstico, empresarial o profesional.",5393.27,120,Proveedor 13,Disponible
3987,Videoportero Lenovo Basic-670,Seguridad,Lenovo,Basic-670,"Videoportero de Lenovo, modelo Basic-670, diseñado para uso doméstico, empresarial o profesional.",1282.88,34,Proveedor 01,Disponible
3988,Sensor de movimiento AMD Basic-567,Seguridad,AMD,Basic-567,"Sensor de movimiento de AMD, modelo Basic-567, diseñado para uso doméstico, empresarial o profesional.",1987.51,44,Proveedor 14,Disponible
3989,Sensor de movimiento Logitech Plus-375,Seguridad,Logitech,Plus-375,"Sensor de movimiento de Logitech, modelo Plus-375, diseñado para uso doméstico, empresarial o profesional.",6784.76,97,Proveedor 21,Disponible
3990,NVR Logitech Plus-634,Seguridad,Logitech,Plus-634,"NVR de Logitech, modelo Plus-634, diseñado para uso doméstico, empresarial o profesional.",20509.86,124,Proveedor 01,Disponible
3991,DVR ASUS Basic-853,Seguridad,ASUS,Basic-853,"DVR de ASUS, modelo Basic-853, diseñado para uso doméstico, empresarial o profesional.",22467.45,36,Proveedor 10,Disponible
3992,NVR LG Pro-517,Seguridad,LG,Pro-517,"NVR de LG, modelo Pro-517, diseñado para uso doméstico, empresarial o profesional.",18021.12,149,Proveedor 03,Disponible
3993,NVR Epson Ultra-472,Seguridad,Epson,Ultra-472,"NVR de Epson, modelo Ultra-472, diseñado para uso doméstico, empresarial o profesional.",7684.73,46,Proveedor 18,Disponible
3994,Control de acceso Intel Ultra-514,Seguridad,Intel,Ultra-514,"Control de acceso de Intel, modelo Ultra-514, diseñado para uso doméstico, empresarial o profesional.",24740.67,15,Proveedor 08,Disponible
3995,Kit CCTV Huawei Business-879,Seguridad,Huawei,Business-879,"Kit CCTV de Huawei, modelo Business-879, diseñado para uso doméstico, empresarial o profesional.",13631.12,33,Proveedor 25,Disponible
3996,Control de acceso Epson Ultra-425,Seguridad,Epson,Ultra-425,"Control de acceso de Epson, modelo Ultra-425, diseñado para uso doméstico, empresarial o profesional.",4248.84,78,Proveedor 02,Disponible
3997,Cerradura electrónica LG Pro-815,Seguridad,LG,Pro-815,"Cerradura electrónica de LG, modelo Pro-815, diseñado para uso doméstico, empresarial o profesional.",22993.72,65,Proveedor 17,Disponible
3998,DVR Tripp Lite Enterprise-550,Seguridad,Tripp Lite,Enterprise-550,"DVR de Tripp Lite, modelo Enterprise-550, diseñado para uso doméstico, empresarial o profesional.",23756.25,71,Proveedor 22,Disponible
3999,Cámara de seguridad Epson Enterprise-509,Seguridad,Epson,Enterprise-509,"Cámara de seguridad de Epson, modelo Enterprise-509, diseñado para uso doméstico, empresarial o profesional.",24863.95,69,Proveedor 17,Disponible
4000,Sensor magnético Lenovo Basic-460,Seguridad,Lenovo,Basic-460,"Sensor magnético de Lenovo, modelo Basic-460, diseñado para uso doméstico, empresarial o profesional.",26266.07,145,Proveedor 15,Disponible
4001,Sirena Epson Max-478,Seguridad,Epson,Max-478,"Sirena de Epson, modelo Max-478, diseñado para uso doméstico, empresarial o profesional.",8510.42,102,Proveedor 14,Disponible
4002,NVR Acer Pro-336,Seguridad,Acer,Pro-336,"NVR de Acer, modelo Pro-336, diseñado para uso doméstico, empresarial o profesional.",13008.26,97,Proveedor 13,Disponible
4003,Sirena AMD Enterprise-739,Seguridad,AMD,Enterprise-739,"Sirena de AMD, modelo Enterprise-739, diseñado para uso doméstico, empresarial o profesional.",29113.63,104,Proveedor 10,Disponible
4004,Kit CCTV Dell Pro-481,Seguridad,Dell,Pro-481,"Kit CCTV de Dell, modelo Pro-481, diseñado para uso doméstico, empresarial o profesional.",17569.86,145,Proveedor 16,Disponible
4005,NVR Lenovo Business-151,Seguridad,Lenovo,Business-151,"NVR de Lenovo, modelo Business-151, diseñado para uso doméstico, empresarial o profesional.",28554.08,47,Proveedor 20,Disponible
4006,Sensor magnético Huawei Pro-269,Seguridad,Huawei,Pro-269,"Sensor magnético de Huawei, modelo Pro-269, diseñado para uso doméstico, empresarial o profesional.",28849.01,144,Proveedor 20,Disponible
4007,NVR TP-Link Ultra-526,Seguridad,TP-Link,Ultra-526,"NVR de TP-Link, modelo Ultra-526, diseñado para uso doméstico, empresarial o profesional.",12125.21,116,Proveedor 19,Disponible
4008,Kit CCTV Ubiquiti Pro-293,Seguridad,Ubiquiti,Pro-293,"Kit CCTV de Ubiquiti, modelo Pro-293, diseñado para uso doméstico, empresarial o profesional.",26808.45,96,Proveedor 20,Disponible
4009,Kit CCTV AMD Business-940,Seguridad,AMD,Business-940,"Kit CCTV de AMD, modelo Business-940, diseñado para uso doméstico, empresarial o profesional.",4883.3,140,Proveedor 08,Disponible
4010,Sensor de movimiento Samsung Enterprise-666,Seguridad,Samsung,Enterprise-666,"Sensor de movimiento de Samsung, modelo Enterprise-666, diseñado para uso doméstico, empresarial o profesional.",22123.67,102,Proveedor 18,Disponible
4011,Sensor magnético Hikvision Business-607,Seguridad,Hikvision,Business-607,"Sensor magnético de Hikvision, modelo Business-607, diseñado para uso doméstico, empresarial o profesional.",13692.91,47,Proveedor 12,Disponible
4012,Videoportero TP-Link Plus-224,Seguridad,TP-Link,Plus-224,"Videoportero de TP-Link, modelo Plus-224, diseñado para uso doméstico, empresarial o profesional.",7637.65,134,Proveedor 06,Disponible
4013,Cámara de seguridad APC Enterprise-926,Seguridad,APC,Enterprise-926,"Cámara de seguridad de APC, modelo Enterprise-926, diseñado para uso doméstico, empresarial o profesional.",7768.62,63,Proveedor 04,Disponible
4014,Cerradura electrónica Acer Max-640,Seguridad,Acer,Max-640,"Cerradura electrónica de Acer, modelo Max-640, diseñado para uso doméstico, empresarial o profesional.",22457.26,21,Proveedor 05,Disponible
4015,NVR Huawei Basic-130,Seguridad,Huawei,Basic-130,"NVR de Huawei, modelo Basic-130, diseñado para uso doméstico, empresarial o profesional.",431.25,17,Proveedor 10,Disponible
4016,Control de acceso Cisco Business-774,Seguridad,Cisco,Business-774,"Control de acceso de Cisco, modelo Business-774, diseñado para uso doméstico, empresarial o profesional.",21042.34,102,Proveedor 05,Disponible
4017,Kit CCTV Dell Enterprise-412,Seguridad,Dell,Enterprise-412,"Kit CCTV de Dell, modelo Enterprise-412, diseñado para uso doméstico, empresarial o profesional.",22313.38,58,Proveedor 02,Disponible
4018,Control de acceso Intel Basic-322,Seguridad,Intel,Basic-322,"Control de acceso de Intel, modelo Basic-322, diseñado para uso doméstico, empresarial o profesional.",9225.41,4,Proveedor 07,Disponible
4019,Sensor magnético Intel Ultra-429,Seguridad,Intel,Ultra-429,"Sensor magnético de Intel, modelo Ultra-429, diseñado para uso doméstico, empresarial o profesional.",4823.48,139,Proveedor 16,Disponible
4020,NVR Cisco Max-727,Seguridad,Cisco,Max-727,"NVR de Cisco, modelo Max-727, diseñado para uso doméstico, empresarial o profesional.",16342.34,83,Proveedor 22,Disponible
4021,Videoportero Kingston Pro-860,Seguridad,Kingston,Pro-860,"Videoportero de Kingston, modelo Pro-860, diseñado para uso doméstico, empresarial o profesional.",23641.36,34,Proveedor 10,Disponible
4022,Cámara de seguridad Samsung Max-826,Seguridad,Samsung,Max-826,"Cámara de seguridad de Samsung, modelo Max-826, diseñado para uso doméstico, empresarial o profesional.",19574.25,14,Proveedor 17,Disponible
4023,NVR Epson Plus-951,Seguridad,Epson,Plus-951,"NVR de Epson, modelo Plus-951, diseñado para uso doméstico, empresarial o profesional.",7194.19,145,Proveedor 16,Disponible
4024,Videoportero Ubiquiti Max-919,Seguridad,Ubiquiti,Max-919,"Videoportero de Ubiquiti, modelo Max-919, diseñado para uso doméstico, empresarial o profesional.",3338.46,66,Proveedor 18,Disponible
4025,Kit CCTV Huawei Pro-682,Seguridad,Huawei,Pro-682,"Kit CCTV de Huawei, modelo Pro-682, diseñado para uso doméstico, empresarial o profesional.",28222.9,139,Proveedor 02,Disponible
4026,Cerradura electrónica Huawei Max-234,Seguridad,Huawei,Max-234,"Cerradura electrónica de Huawei, modelo Max-234, diseñado para uso doméstico, empresarial o profesional.",26416.6,21,Proveedor 16,Disponible
4027,Cerradura electrónica Epson Business-102,Seguridad,Epson,Business-102,"Cerradura electrónica de Epson, modelo Business-102, diseñado para uso doméstico, empresarial o profesional.",13622.53,104,Proveedor 14,Disponible
4028,DVR APC Ultra-685,Seguridad,APC,Ultra-685,"DVR de APC, modelo Ultra-685, diseñado para uso doméstico, empresarial o profesional.",10196.2,122,Proveedor 05,Disponible
4029,Control de acceso TP-Link Plus-353,Seguridad,TP-Link,Plus-353,"Control de acceso de TP-Link, modelo Plus-353, diseñado para uso doméstico, empresarial o profesional.",23923.46,78,Proveedor 16,Disponible
4030,Control de acceso HP Business-267,Seguridad,HP,Business-267,"Control de acceso de HP, modelo Business-267, diseñado para uso doméstico, empresarial o profesional.",9744.23,18,Proveedor 22,Disponible
4031,Sensor de movimiento Brother Business-733,Seguridad,Brother,Business-733,"Sensor de movimiento de Brother, modelo Business-733, diseñado para uso doméstico, empresarial o profesional.",9677.73,103,Proveedor 04,Disponible
4032,Cámara de seguridad Cisco Ultra-601,Seguridad,Cisco,Ultra-601,"Cámara de seguridad de Cisco, modelo Ultra-601, diseñado para uso doméstico, empresarial o profesional.",15027.28,43,Proveedor 03,Disponible
4033,Sirena LG Basic-331,Seguridad,LG,Basic-331,"Sirena de LG, modelo Basic-331, diseñado para uso doméstico, empresarial o profesional.",12745.6,147,Proveedor 25,Disponible
4034,NVR Cisco Pro-811,Seguridad,Cisco,Pro-811,"NVR de Cisco, modelo Pro-811, diseñado para uso doméstico, empresarial o profesional.",10205.72,149,Proveedor 20,Disponible
4035,DVR Intel Pro-628,Seguridad,Intel,Pro-628,"DVR de Intel, modelo Pro-628, diseñado para uso doméstico, empresarial o profesional.",14683.09,53,Proveedor 15,Disponible
4036,Cámara de seguridad Acer Plus-849,Seguridad,Acer,Plus-849,"Cámara de seguridad de Acer, modelo Plus-849, diseñado para uso doméstico, empresarial o profesional.",5760.3,75,Proveedor 10,Disponible
4037,Control de acceso Hikvision Plus-663,Seguridad,Hikvision,Plus-663,"Control de acceso de Hikvision, modelo Plus-663, diseñado para uso doméstico, empresarial o profesional.",18385.33,69,Proveedor 16,Disponible
4038,Videoportero TP-Link Ultra-867,Seguridad,TP-Link,Ultra-867,"Videoportero de TP-Link, modelo Ultra-867, diseñado para uso doméstico, empresarial o profesional.",28775.44,106,Proveedor 05,Disponible
4039,Sensor de movimiento Samsung Basic-105,Seguridad,Samsung,Basic-105,"Sensor de movimiento de Samsung, modelo Basic-105, diseñado para uso doméstico, empresarial o profesional.",20847.3,120,Proveedor 14,Disponible
4040,Cerradura electrónica Dell Enterprise-875,Seguridad,Dell,Enterprise-875,"Cerradura electrónica de Dell, modelo Enterprise-875, diseñado para uso doméstico, empresarial o profesional.",18366.53,120,Proveedor 21,Disponible
4041,Cámara de seguridad Tripp Lite Enterprise-899,Seguridad,Tripp Lite,Enterprise-899,"Cámara de seguridad de Tripp Lite, modelo Enterprise-899, diseñado para uso doméstico, empresarial o profesional.",29257.15,22,Proveedor 16,Disponible
4042,Sensor de movimiento ASUS Enterprise-651,Seguridad,ASUS,Enterprise-651,"Sensor de movimiento de ASUS, modelo Enterprise-651, diseñado para uso doméstico, empresarial o profesional.",17914.76,20,Proveedor 09,Disponible
4043,Cerradura electrónica Huawei Pro-361,Seguridad,Huawei,Pro-361,"Cerradura electrónica de Huawei, modelo Pro-361, diseñado para uso doméstico, empresarial o profesional.",1400.07,18,Proveedor 18,Disponible
4044,Cerradura electrónica APC Basic-452,Seguridad,APC,Basic-452,"Cerradura electrónica de APC, modelo Basic-452, diseñado para uso doméstico, empresarial o profesional.",10585.61,20,Proveedor 24,Disponible
4045,DVR Samsung Enterprise-562,Seguridad,Samsung,Enterprise-562,"DVR de Samsung, modelo Enterprise-562, diseñado para uso doméstico, empresarial o profesional.",8038.99,100,Proveedor 22,Disponible
4046,Cerradura electrónica Epson Max-782,Seguridad,Epson,Max-782,"Cerradura electrónica de Epson, modelo Max-782, diseñado para uso doméstico, empresarial o profesional.",3774.1,101,Proveedor 02,Disponible
4047,Sirena Brother Basic-151,Seguridad,Brother,Basic-151,"Sirena de Brother, modelo Basic-151, diseñado para uso doméstico, empresarial o profesional.",8766.18,150,Proveedor 08,Disponible
4048,Cámara de seguridad Kingston Plus-419,Seguridad,Kingston,Plus-419,"Cámara de seguridad de Kingston, modelo Plus-419, diseñado para uso doméstico, empresarial o profesional.",3781.72,70,Proveedor 01,Disponible
4049,Sensor de movimiento AMD Enterprise-828,Seguridad,AMD,Enterprise-828,"Sensor de movimiento de AMD, modelo Enterprise-828, diseñado para uso doméstico, empresarial o profesional.",16514.17,45,Proveedor 03,Disponible
4050,Sensor magnético TP-Link Business-314,Seguridad,TP-Link,Business-314,"Sensor magnético de TP-Link, modelo Business-314, diseñado para uso doméstico, empresarial o profesional.",17780.42,100,Proveedor 25,Disponible
4051,NVR Cisco Pro-626,Seguridad,Cisco,Pro-626,"NVR de Cisco, modelo Pro-626, diseñado para uso doméstico, empresarial o profesional.",11340.88,139,Proveedor 18,Disponible
4052,Videoportero Logitech Business-810,Seguridad,Logitech,Business-810,"Videoportero de Logitech, modelo Business-810, diseñado para uso doméstico, empresarial o profesional.",22389.17,113,Proveedor 18,Disponible
4053,Sensor magnético TP-Link Pro-501,Seguridad,TP-Link,Pro-501,"Sensor magnético de TP-Link, modelo Pro-501, diseñado para uso doméstico, empresarial o profesional.",9854.37,86,Proveedor 03,Disponible
4054,Videoportero Kingston Business-547,Seguridad,Kingston,Business-547,"Videoportero de Kingston, modelo Business-547, diseñado para uso doméstico, empresarial o profesional.",21366.03,52,Proveedor 07,Disponible
4055,Sensor de movimiento Samsung Business-527,Seguridad,Samsung,Business-527,"Sensor de movimiento de Samsung, modelo Business-527, diseñado para uso doméstico, empresarial o profesional.",4224.89,14,Proveedor 07,Disponible
4056,Kit CCTV Hikvision Plus-369,Seguridad,Hikvision,Plus-369,"Kit CCTV de Hikvision, modelo Plus-369, diseñado para uso doméstico, empresarial o profesional.",25545.12,128,Proveedor 17,Disponible
4057,Cámara de seguridad Ubiquiti Ultra-143,Seguridad,Ubiquiti,Ultra-143,"Cámara de seguridad de Ubiquiti, modelo Ultra-143, diseñado para uso doméstico, empresarial o profesional.",15316.0,142,Proveedor 16,Disponible
4058,Cámara de seguridad AMD Pro-142,Seguridad,AMD,Pro-142,"Cámara de seguridad de AMD, modelo Pro-142, diseñado para uso doméstico, empresarial o profesional.",29377.72,30,Proveedor 20,Disponible
4059,Kit CCTV Dell Max-959,Seguridad,Dell,Max-959,"Kit CCTV de Dell, modelo Max-959, diseñado para uso doméstico, empresarial o profesional.",21769.71,72,Proveedor 08,Disponible
4060,DVR Dell Pro-797,Seguridad,Dell,Pro-797,"DVR de Dell, modelo Pro-797, diseñado para uso doméstico, empresarial o profesional.",25727.92,37,Proveedor 13,Disponible
4061,Videoportero HP Basic-443,Seguridad,HP,Basic-443,"Videoportero de HP, modelo Basic-443, diseñado para uso doméstico, empresarial o profesional.",16252.28,141,Proveedor 11,Disponible
4062,Sensor magnético Cisco Plus-266,Seguridad,Cisco,Plus-266,"Sensor magnético de Cisco, modelo Plus-266, diseñado para uso doméstico, empresarial o profesional.",24070.17,61,Proveedor 06,Disponible
4063,DVR HP Max-771,Seguridad,HP,Max-771,"DVR de HP, modelo Max-771, diseñado para uso doméstico, empresarial o profesional.",12277.35,75,Proveedor 15,Disponible
4064,NVR Lenovo Basic-421,Seguridad,Lenovo,Basic-421,"NVR de Lenovo, modelo Basic-421, diseñado para uso doméstico, empresarial o profesional.",7008.94,120,Proveedor 22,Disponible
4065,Cámara de seguridad Brother Ultra-379,Seguridad,Brother,Ultra-379,"Cámara de seguridad de Brother, modelo Ultra-379, diseñado para uso doméstico, empresarial o profesional.",11091.75,71,Proveedor 10,Disponible
4066,Sirena Cisco Enterprise-644,Seguridad,Cisco,Enterprise-644,"Sirena de Cisco, modelo Enterprise-644, diseñado para uso doméstico, empresarial o profesional.",20463.21,35,Proveedor 21,Disponible
4067,Sensor de movimiento Dell Ultra-868,Seguridad,Dell,Ultra-868,"Sensor de movimiento de Dell, modelo Ultra-868, diseñado para uso doméstico, empresarial o profesional.",2186.65,99,Proveedor 24,Disponible
4068,DVR AMD Max-447,Seguridad,AMD,Max-447,"DVR de AMD, modelo Max-447, diseñado para uso doméstico, empresarial o profesional.",21957.08,147,Proveedor 09,Disponible
4069,Videoportero Brother Enterprise-496,Seguridad,Brother,Enterprise-496,"Videoportero de Brother, modelo Enterprise-496, diseñado para uso doméstico, empresarial o profesional.",29934.72,33,Proveedor 14,Disponible
4070,NVR Epson Plus-819,Seguridad,Epson,Plus-819,"NVR de Epson, modelo Plus-819, diseñado para uso doméstico, empresarial o profesional.",22840.64,96,Proveedor 01,Disponible
4071,Cerradura electrónica Epson Basic-241,Seguridad,Epson,Basic-241,"Cerradura electrónica de Epson, modelo Basic-241, diseñado para uso doméstico, empresarial o profesional.",22546.5,18,Proveedor 24,Disponible
4072,Sensor magnético Kingston Basic-232,Seguridad,Kingston,Basic-232,"Sensor magnético de Kingston, modelo Basic-232, diseñado para uso doméstico, empresarial o profesional.",11406.92,142,Proveedor 15,Disponible
4073,Cámara de seguridad Acer Ultra-629,Seguridad,Acer,Ultra-629,"Cámara de seguridad de Acer, modelo Ultra-629, diseñado para uso doméstico, empresarial o profesional.",12218.16,84,Proveedor 02,Disponible
4074,Videoportero Epson Basic-505,Seguridad,Epson,Basic-505,"Videoportero de Epson, modelo Basic-505, diseñado para uso doméstico, empresarial o profesional.",12055.55,111,Proveedor 01,Disponible
4075,Cerradura electrónica Cisco Pro-848,Seguridad,Cisco,Pro-848,"Cerradura electrónica de Cisco, modelo Pro-848, diseñado para uso doméstico, empresarial o profesional.",16067.78,22,Proveedor 21,Disponible
4076,Videoportero Logitech Enterprise-108,Seguridad,Logitech,Enterprise-108,"Videoportero de Logitech, modelo Enterprise-108, diseñado para uso doméstico, empresarial o profesional.",18828.18,150,Proveedor 04,Disponible
4077,Cámara de seguridad Acer Max-144,Seguridad,Acer,Max-144,"Cámara de seguridad de Acer, modelo Max-144, diseñado para uso doméstico, empresarial o profesional.",17893.25,42,Proveedor 02,Disponible
4078,Sensor de movimiento TP-Link Pro-473,Seguridad,TP-Link,Pro-473,"Sensor de movimiento de TP-Link, modelo Pro-473, diseñado para uso doméstico, empresarial o profesional.",4317.09,67,Proveedor 11,Disponible
4079,NVR Acer Enterprise-571,Seguridad,Acer,Enterprise-571,"NVR de Acer, modelo Enterprise-571, diseñado para uso doméstico, empresarial o profesional.",22782.19,145,Proveedor 15,Disponible
4080,Kit CCTV LG Pro-978,Seguridad,LG,Pro-978,"Kit CCTV de LG, modelo Pro-978, diseñado para uso doméstico, empresarial o profesional.",3629.78,47,Proveedor 13,Disponible
4081,Cámara de seguridad Cisco Max-833,Seguridad,Cisco,Max-833,"Cámara de seguridad de Cisco, modelo Max-833, diseñado para uso doméstico, empresarial o profesional.",16143.35,11,Proveedor 05,Disponible
4082,Sirena LG Enterprise-604,Seguridad,LG,Enterprise-604,"Sirena de LG, modelo Enterprise-604, diseñado para uso doméstico, empresarial o profesional.",28053.01,82,Proveedor 09,Disponible
4083,Control de acceso Intel Pro-144,Seguridad,Intel,Pro-144,"Control de acceso de Intel, modelo Pro-144, diseñado para uso doméstico, empresarial o profesional.",9774.98,142,Proveedor 20,Disponible
4084,Control de acceso Kingston Plus-330,Seguridad,Kingston,Plus-330,"Control de acceso de Kingston, modelo Plus-330, diseñado para uso doméstico, empresarial o profesional.",15559.7,31,Proveedor 18,Disponible
4085,Cámara de seguridad Tripp Lite Basic-835,Seguridad,Tripp Lite,Basic-835,"Cámara de seguridad de Tripp Lite, modelo Basic-835, diseñado para uso doméstico, empresarial o profesional.",16576.31,99,Proveedor 12,Disponible
4086,Cerradura electrónica APC Pro-390,Seguridad,APC,Pro-390,"Cerradura electrónica de APC, modelo Pro-390, diseñado para uso doméstico, empresarial o profesional.",26623.56,72,Proveedor 25,Disponible
4087,Cerradura electrónica Huawei Ultra-260,Seguridad,Huawei,Ultra-260,"Cerradura electrónica de Huawei, modelo Ultra-260, diseñado para uso doméstico, empresarial o profesional.",26048.59,94,Proveedor 05,Disponible
4088,DVR Brother Max-606,Seguridad,Brother,Max-606,"DVR de Brother, modelo Max-606, diseñado para uso doméstico, empresarial o profesional.",1854.29,104,Proveedor 13,Disponible
4089,Cámara de seguridad Epson Enterprise-518,Seguridad,Epson,Enterprise-518,"Cámara de seguridad de Epson, modelo Enterprise-518, diseñado para uso doméstico, empresarial o profesional.",3345.7,107,Proveedor 05,Disponible
4090,Control de acceso Tripp Lite Ultra-131,Seguridad,Tripp Lite,Ultra-131,"Control de acceso de Tripp Lite, modelo Ultra-131, diseñado para uso doméstico, empresarial o profesional.",13595.05,75,Proveedor 15,Disponible
4091,NVR Ubiquiti Ultra-116,Seguridad,Ubiquiti,Ultra-116,"NVR de Ubiquiti, modelo Ultra-116, diseñado para uso doméstico, empresarial o profesional.",4193.13,90,Proveedor 03,Disponible
4092,Cerradura electrónica APC Plus-127,Seguridad,APC,Plus-127,"Cerradura electrónica de APC, modelo Plus-127, diseñado para uso doméstico, empresarial o profesional.",2408.89,50,Proveedor 22,Disponible
4093,Cámara de seguridad Dell Ultra-335,Seguridad,Dell,Ultra-335,"Cámara de seguridad de Dell, modelo Ultra-335, diseñado para uso doméstico, empresarial o profesional.",20477.91,23,Proveedor 14,Disponible
4094,Sirena HP Plus-533,Seguridad,HP,Plus-533,"Sirena de HP, modelo Plus-533, diseñado para uso doméstico, empresarial o profesional.",1902.87,134,Proveedor 15,Disponible
4095,Kit CCTV Cisco Plus-232,Seguridad,Cisco,Plus-232,"Kit CCTV de Cisco, modelo Plus-232, diseñado para uso doméstico, empresarial o profesional.",5623.51,77,Proveedor 03,Disponible
4096,Sensor de movimiento Epson Max-434,Seguridad,Epson,Max-434,"Sensor de movimiento de Epson, modelo Max-434, diseñado para uso doméstico, empresarial o profesional.",9435.45,145,Proveedor 09,Disponible
4097,Cámara de seguridad Huawei Plus-849,Seguridad,Huawei,Plus-849,"Cámara de seguridad de Huawei, modelo Plus-849, diseñado para uso doméstico, empresarial o profesional.",22436.52,54,Proveedor 04,Disponible
4098,Cerradura electrónica Hikvision Max-155,Seguridad,Hikvision,Max-155,"Cerradura electrónica de Hikvision, modelo Max-155, diseñado para uso doméstico, empresarial o profesional.",9783.74,117,Proveedor 04,Disponible
4099,Kit CCTV Dell Enterprise-758,Seguridad,Dell,Enterprise-758,"Kit CCTV de Dell, modelo Enterprise-758, diseñado para uso doméstico, empresarial o profesional.",27992.45,147,Proveedor 18,Disponible
4100,Videoportero Ubiquiti Business-407,Seguridad,Ubiquiti,Business-407,"Videoportero de Ubiquiti, modelo Business-407, diseñado para uso doméstico, empresarial o profesional.",25474.09,103,Proveedor 19,Disponible
4101,Sensor de movimiento Ubiquiti Plus-497,Seguridad,Ubiquiti,Plus-497,"Sensor de movimiento de Ubiquiti, modelo Plus-497, diseñado para uso doméstico, empresarial o profesional.",26589.69,141,Proveedor 08,Disponible
4102,Sensor de movimiento Samsung Business-721,Seguridad,Samsung,Business-721,"Sensor de movimiento de Samsung, modelo Business-721, diseñado para uso doméstico, empresarial o profesional.",14998.42,143,Proveedor 15,Disponible
4103,Videoportero Tripp Lite Basic-483,Seguridad,Tripp Lite,Basic-483,"Videoportero de Tripp Lite, modelo Basic-483, diseñado para uso doméstico, empresarial o profesional.",20693.94,12,Proveedor 25,Disponible
4104,NVR Epson Business-810,Seguridad,Epson,Business-810,"NVR de Epson, modelo Business-810, diseñado para uso doméstico, empresarial o profesional.",14504.58,121,Proveedor 24,Disponible
4105,DVR Tripp Lite Plus-350,Seguridad,Tripp Lite,Plus-350,"DVR de Tripp Lite, modelo Plus-350, diseñado para uso doméstico, empresarial o profesional.",25709.5,25,Proveedor 19,Disponible
4106,NVR ASUS Basic-717,Seguridad,ASUS,Basic-717,"NVR de ASUS, modelo Basic-717, diseñado para uso doméstico, empresarial o profesional.",10988.46,125,Proveedor 08,Disponible
4107,Sensor de movimiento Acer Enterprise-936,Seguridad,Acer,Enterprise-936,"Sensor de movimiento de Acer, modelo Enterprise-936, diseñado para uso doméstico, empresarial o profesional.",4566.6,122,Proveedor 07,Disponible
4108,NVR Acer Max-981,Seguridad,Acer,Max-981,"NVR de Acer, modelo Max-981, diseñado para uso doméstico, empresarial o profesional.",12324.71,66,Proveedor 02,Disponible
4109,NVR Tripp Lite Pro-429,Seguridad,Tripp Lite,Pro-429,"NVR de Tripp Lite, modelo Pro-429, diseñado para uso doméstico, empresarial o profesional.",7430.17,41,Proveedor 13,Disponible
4110,Sirena Huawei Max-980,Seguridad,Huawei,Max-980,"Sirena de Huawei, modelo Max-980, diseñado para uso doméstico, empresarial o profesional.",17934.06,47,Proveedor 09,Disponible
4111,NVR Hikvision Ultra-342,Seguridad,Hikvision,Ultra-342,"NVR de Hikvision, modelo Ultra-342, diseñado para uso doméstico, empresarial o profesional.",18771.9,40,Proveedor 08,Disponible
4112,Sensor magnético Samsung Business-244,Seguridad,Samsung,Business-244,"Sensor magnético de Samsung, modelo Business-244, diseñado para uso doméstico, empresarial o profesional.",1688.0,61,Proveedor 22,Disponible
4113,NVR TP-Link Max-196,Seguridad,TP-Link,Max-196,"NVR de TP-Link, modelo Max-196, diseñado para uso doméstico, empresarial o profesional.",7765.46,0,Proveedor 03,Agotado
4114,Videoportero AMD Pro-333,Seguridad,AMD,Pro-333,"Videoportero de AMD, modelo Pro-333, diseñado para uso doméstico, empresarial o profesional.",22906.02,44,Proveedor 17,Disponible
4115,Control de acceso Kingston Pro-317,Seguridad,Kingston,Pro-317,"Control de acceso de Kingston, modelo Pro-317, diseñado para uso doméstico, empresarial o profesional.",28857.36,126,Proveedor 22,Disponible
4116,DVR AMD Max-637,Seguridad,AMD,Max-637,"DVR de AMD, modelo Max-637, diseñado para uso doméstico, empresarial o profesional.",4735.72,2,Proveedor 22,Disponible
4117,Sirena Samsung Enterprise-428,Seguridad,Samsung,Enterprise-428,"Sirena de Samsung, modelo Enterprise-428, diseñado para uso doméstico, empresarial o profesional.",25901.93,84,Proveedor 09,Disponible
4118,Cerradura electrónica Lenovo Ultra-158,Seguridad,Lenovo,Ultra-158,"Cerradura electrónica de Lenovo, modelo Ultra-158, diseñado para uso doméstico, empresarial o profesional.",27470.71,113,Proveedor 11,Disponible
4119,Videoportero Intel Business-723,Seguridad,Intel,Business-723,"Videoportero de Intel, modelo Business-723, diseñado para uso doméstico, empresarial o profesional.",18783.37,51,Proveedor 18,Disponible
4120,Sensor de movimiento HP Basic-103,Seguridad,HP,Basic-103,"Sensor de movimiento de HP, modelo Basic-103, diseñado para uso doméstico, empresarial o profesional.",21583.64,100,Proveedor 10,Disponible
4121,Sensor de movimiento Acer Business-258,Seguridad,Acer,Business-258,"Sensor de movimiento de Acer, modelo Business-258, diseñado para uso doméstico, empresarial o profesional.",5773.86,110,Proveedor 21,Disponible
4122,NVR Lenovo Ultra-560,Seguridad,Lenovo,Ultra-560,"NVR de Lenovo, modelo Ultra-560, diseñado para uso doméstico, empresarial o profesional.",14182.95,55,Proveedor 07,Disponible
4123,DVR Ubiquiti Business-618,Seguridad,Ubiquiti,Business-618,"DVR de Ubiquiti, modelo Business-618, diseñado para uso doméstico, empresarial o profesional.",21085.35,8,Proveedor 13,Disponible
4124,Videoportero Kingston Business-589,Seguridad,Kingston,Business-589,"Videoportero de Kingston, modelo Business-589, diseñado para uso doméstico, empresarial o profesional.",1139.83,113,Proveedor 01,Disponible
4125,Sensor de movimiento Tripp Lite Plus-153,Seguridad,Tripp Lite,Plus-153,"Sensor de movimiento de Tripp Lite, modelo Plus-153, diseñado para uso doméstico, empresarial o profesional.",7369.79,8,Proveedor 11,Disponible
4126,Kit CCTV Samsung Pro-738,Seguridad,Samsung,Pro-738,"Kit CCTV de Samsung, modelo Pro-738, diseñado para uso doméstico, empresarial o profesional.",15251.67,77,Proveedor 05,Disponible
4127,Control de acceso Dell Business-943,Seguridad,Dell,Business-943,"Control de acceso de Dell, modelo Business-943, diseñado para uso doméstico, empresarial o profesional.",1416.53,121,Proveedor 23,Disponible
4128,Control de acceso Cisco Pro-607,Seguridad,Cisco,Pro-607,"Control de acceso de Cisco, modelo Pro-607, diseñado para uso doméstico, empresarial o profesional.",8326.38,111,Proveedor 16,Disponible
4129,Cerradura electrónica APC Pro-538,Seguridad,APC,Pro-538,"Cerradura electrónica de APC, modelo Pro-538, diseñado para uso doméstico, empresarial o profesional.",13767.26,35,Proveedor 12,Disponible
4130,Kit CCTV TP-Link Enterprise-540,Seguridad,TP-Link,Enterprise-540,"Kit CCTV de TP-Link, modelo Enterprise-540, diseñado para uso doméstico, empresarial o profesional.",24963.07,3,Proveedor 02,Disponible
4131,Sensor de movimiento Huawei Pro-924,Seguridad,Huawei,Pro-924,"Sensor de movimiento de Huawei, modelo Pro-924, diseñado para uso doméstico, empresarial o profesional.",15398.19,91,Proveedor 21,Disponible
4132,Videoportero Logitech Ultra-846,Seguridad,Logitech,Ultra-846,"Videoportero de Logitech, modelo Ultra-846, diseñado para uso doméstico, empresarial o profesional.",2407.92,146,Proveedor 15,Disponible
4133,Control de acceso Samsung Max-597,Seguridad,Samsung,Max-597,"Control de acceso de Samsung, modelo Max-597, diseñado para uso doméstico, empresarial o profesional.",19476.96,53,Proveedor 04,Disponible
4134,Sensor magnético Acer Max-815,Seguridad,Acer,Max-815,"Sensor magnético de Acer, modelo Max-815, diseñado para uso doméstico, empresarial o profesional.",23171.22,124,Proveedor 24,Disponible
4135,Kit CCTV Tripp Lite Business-384,Seguridad,Tripp Lite,Business-384,"Kit CCTV de Tripp Lite, modelo Business-384, diseñado para uso doméstico, empresarial o profesional.",25310.77,19,Proveedor 09,Disponible
4136,Kit CCTV APC Ultra-135,Seguridad,APC,Ultra-135,"Kit CCTV de APC, modelo Ultra-135, diseñado para uso doméstico, empresarial o profesional.",17801.54,80,Proveedor 11,Disponible
4137,Cámara de seguridad Kingston Max-819,Seguridad,Kingston,Max-819,"Cámara de seguridad de Kingston, modelo Max-819, diseñado para uso doméstico, empresarial o profesional.",24072.94,53,Proveedor 05,Disponible
4138,Videoportero Ubiquiti Plus-321,Seguridad,Ubiquiti,Plus-321,"Videoportero de Ubiquiti, modelo Plus-321, diseñado para uso doméstico, empresarial o profesional.",4088.5,56,Proveedor 19,Disponible
4139,Control de acceso Huawei Basic-233,Seguridad,Huawei,Basic-233,"Control de acceso de Huawei, modelo Basic-233, diseñado para uso doméstico, empresarial o profesional.",3295.08,140,Proveedor 19,Disponible
4140,Sensor magnético Dell Business-987,Seguridad,Dell,Business-987,"Sensor magnético de Dell, modelo Business-987, diseñado para uso doméstico, empresarial o profesional.",27333.82,84,Proveedor 20,Disponible
4141,Control de acceso Tripp Lite Plus-333,Seguridad,Tripp Lite,Plus-333,"Control de acceso de Tripp Lite, modelo Plus-333, diseñado para uso doméstico, empresarial o profesional.",7768.89,1,Proveedor 23,Disponible
4142,DVR ASUS Business-561,Seguridad,ASUS,Business-561,"DVR de ASUS, modelo Business-561, diseñado para uso doméstico, empresarial o profesional.",13277.04,41,Proveedor 05,Disponible
4143,Sensor de movimiento Intel Max-820,Seguridad,Intel,Max-820,"Sensor de movimiento de Intel, modelo Max-820, diseñado para uso doméstico, empresarial o profesional.",27487.98,127,Proveedor 10,Disponible
4144,NVR ASUS Plus-507,Seguridad,ASUS,Plus-507,"NVR de ASUS, modelo Plus-507, diseñado para uso doméstico, empresarial o profesional.",21539.43,129,Proveedor 23,Disponible
4145,Sirena Dell Enterprise-625,Seguridad,Dell,Enterprise-625,"Sirena de Dell, modelo Enterprise-625, diseñado para uso doméstico, empresarial o profesional.",23298.23,134,Proveedor 05,Disponible
4146,NVR Acer Ultra-638,Seguridad,Acer,Ultra-638,"NVR de Acer, modelo Ultra-638, diseñado para uso doméstico, empresarial o profesional.",19395.91,123,Proveedor 02,Disponible
4147,Cerradura electrónica Tripp Lite Enterprise-397,Seguridad,Tripp Lite,Enterprise-397,"Cerradura electrónica de Tripp Lite, modelo Enterprise-397, diseñado para uso doméstico, empresarial o profesional.",2301.56,133,Proveedor 02,Disponible
4148,Videoportero Dell Business-304,Seguridad,Dell,Business-304,"Videoportero de Dell, modelo Business-304, diseñado para uso doméstico, empresarial o profesional.",21027.86,65,Proveedor 19,Disponible
4149,Cerradura electrónica Huawei Plus-578,Seguridad,Huawei,Plus-578,"Cerradura electrónica de Huawei, modelo Plus-578, diseñado para uso doméstico, empresarial o profesional.",22503.52,147,Proveedor 20,Disponible
4150,Sensor magnético Logitech Ultra-125,Seguridad,Logitech,Ultra-125,"Sensor magnético de Logitech, modelo Ultra-125, diseñado para uso doméstico, empresarial o profesional.",22665.24,83,Proveedor 17,Disponible
4151,Videoportero Hikvision Max-375,Seguridad,Hikvision,Max-375,"Videoportero de Hikvision, modelo Max-375, diseñado para uso doméstico, empresarial o profesional.",17150.86,99,Proveedor 07,Disponible
4152,Sensor magnético Epson Basic-976,Seguridad,Epson,Basic-976,"Sensor magnético de Epson, modelo Basic-976, diseñado para uso doméstico, empresarial o profesional.",18740.6,113,Proveedor 05,Disponible
4153,Sensor de movimiento Huawei Enterprise-222,Seguridad,Huawei,Enterprise-222,"Sensor de movimiento de Huawei, modelo Enterprise-222, diseñado para uso doméstico, empresarial o profesional.",1805.65,139,Proveedor 02,Disponible
4154,Kit CCTV Lenovo Ultra-185,Seguridad,Lenovo,Ultra-185,"Kit CCTV de Lenovo, modelo Ultra-185, diseñado para uso doméstico, empresarial o profesional.",11710.48,33,Proveedor 01,Disponible
4155,DVR Ubiquiti Plus-464,Seguridad,Ubiquiti,Plus-464,"DVR de Ubiquiti, modelo Plus-464, diseñado para uso doméstico, empresarial o profesional.",27055.79,115,Proveedor 22,Disponible
4156,Sensor magnético Ubiquiti Plus-438,Seguridad,Ubiquiti,Plus-438,"Sensor magnético de Ubiquiti, modelo Plus-438, diseñado para uso doméstico, empresarial o profesional.",15128.09,133,Proveedor 13,Disponible
4157,Cerradura electrónica Samsung Enterprise-876,Seguridad,Samsung,Enterprise-876,"Cerradura electrónica de Samsung, modelo Enterprise-876, diseñado para uso doméstico, empresarial o profesional.",10946.68,126,Proveedor 12,Disponible
4158,DVR ASUS Plus-581,Seguridad,ASUS,Plus-581,"DVR de ASUS, modelo Plus-581, diseñado para uso doméstico, empresarial o profesional.",13099.32,1,Proveedor 01,Disponible
4159,Cámara de seguridad Huawei Max-557,Seguridad,Huawei,Max-557,"Cámara de seguridad de Huawei, modelo Max-557, diseñado para uso doméstico, empresarial o profesional.",10326.08,106,Proveedor 17,Disponible
4160,NVR Kingston Business-158,Seguridad,Kingston,Business-158,"NVR de Kingston, modelo Business-158, diseñado para uso doméstico, empresarial o profesional.",10915.18,106,Proveedor 13,Disponible
4161,Cerradura electrónica Logitech Plus-209,Seguridad,Logitech,Plus-209,"Cerradura electrónica de Logitech, modelo Plus-209, diseñado para uso doméstico, empresarial o profesional.",4871.02,65,Proveedor 10,Disponible
4162,Control de acceso Dell Enterprise-624,Seguridad,Dell,Enterprise-624,"Control de acceso de Dell, modelo Enterprise-624, diseñado para uso doméstico, empresarial o profesional.",17785.23,120,Proveedor 10,Disponible
4163,Cámara de seguridad Lenovo Enterprise-968,Seguridad,Lenovo,Enterprise-968,"Cámara de seguridad de Lenovo, modelo Enterprise-968, diseñado para uso doméstico, empresarial o profesional.",25045.68,51,Proveedor 17,Disponible
4164,Videoportero Tripp Lite Ultra-117,Seguridad,Tripp Lite,Ultra-117,"Videoportero de Tripp Lite, modelo Ultra-117, diseñado para uso doméstico, empresarial o profesional.",15522.99,59,Proveedor 11,Disponible
4165,Sirena Cisco Business-165,Seguridad,Cisco,Business-165,"Sirena de Cisco, modelo Business-165, diseñado para uso doméstico, empresarial o profesional.",13743.27,62,Proveedor 14,Disponible
4166,Sensor de movimiento Cisco Max-405,Seguridad,Cisco,Max-405,"Sensor de movimiento de Cisco, modelo Max-405, diseñado para uso doméstico, empresarial o profesional.",24353.74,68,Proveedor 05,Disponible
4167,Sensor de movimiento APC Business-521,Seguridad,APC,Business-521,"Sensor de movimiento de APC, modelo Business-521, diseñado para uso doméstico, empresarial o profesional.",2104.67,11,Proveedor 23,Disponible
4168,Cerradura electrónica Cisco Max-726,Seguridad,Cisco,Max-726,"Cerradura electrónica de Cisco, modelo Max-726, diseñado para uso doméstico, empresarial o profesional.",22155.77,57,Proveedor 01,Disponible
4169,Kit CCTV Logitech Business-170,Seguridad,Logitech,Business-170,"Kit CCTV de Logitech, modelo Business-170, diseñado para uso doméstico, empresarial o profesional.",6613.96,148,Proveedor 01,Disponible
4170,Kit CCTV Ubiquiti Business-167,Seguridad,Ubiquiti,Business-167,"Kit CCTV de Ubiquiti, modelo Business-167, diseñado para uso doméstico, empresarial o profesional.",24763.07,121,Proveedor 20,Disponible
4171,Sirena Intel Ultra-238,Seguridad,Intel,Ultra-238,"Sirena de Intel, modelo Ultra-238, diseñado para uso doméstico, empresarial o profesional.",25268.78,86,Proveedor 05,Disponible
4172,Sensor magnético Logitech Basic-314,Seguridad,Logitech,Basic-314,"Sensor magnético de Logitech, modelo Basic-314, diseñado para uso doméstico, empresarial o profesional.",11068.58,69,Proveedor 17,Disponible
4173,Cámara de seguridad Kingston Plus-143,Seguridad,Kingston,Plus-143,"Cámara de seguridad de Kingston, modelo Plus-143, diseñado para uso doméstico, empresarial o profesional.",14081.95,90,Proveedor 25,Disponible
4174,Videoportero Brother Plus-621,Seguridad,Brother,Plus-621,"Videoportero de Brother, modelo Plus-621, diseñado para uso doméstico, empresarial o profesional.",29218.38,3,Proveedor 19,Disponible
4175,Cerradura electrónica Brother Business-754,Seguridad,Brother,Business-754,"Cerradura electrónica de Brother, modelo Business-754, diseñado para uso doméstico, empresarial o profesional.",28614.22,146,Proveedor 09,Disponible
4176,Cámara de seguridad Samsung Max-948,Seguridad,Samsung,Max-948,"Cámara de seguridad de Samsung, modelo Max-948, diseñado para uso doméstico, empresarial o profesional.",18949.74,140,Proveedor 02,Disponible
4177,NVR Ubiquiti Basic-272,Seguridad,Ubiquiti,Basic-272,"NVR de Ubiquiti, modelo Basic-272, diseñado para uso doméstico, empresarial o profesional.",21601.64,64,Proveedor 09,Disponible
4178,NVR Cisco Enterprise-338,Seguridad,Cisco,Enterprise-338,"NVR de Cisco, modelo Enterprise-338, diseñado para uso doméstico, empresarial o profesional.",29092.57,90,Proveedor 17,Disponible
4179,Kit CCTV Lenovo Plus-633,Seguridad,Lenovo,Plus-633,"Kit CCTV de Lenovo, modelo Plus-633, diseñado para uso doméstico, empresarial o profesional.",8626.89,4,Proveedor 15,Disponible
4180,Sensor de movimiento Kingston Pro-141,Seguridad,Kingston,Pro-141,"Sensor de movimiento de Kingston, modelo Pro-141, diseñado para uso doméstico, empresarial o profesional.",7052.52,144,Proveedor 24,Disponible
4181,Sirena Hikvision Ultra-392,Seguridad,Hikvision,Ultra-392,"Sirena de Hikvision, modelo Ultra-392, diseñado para uso doméstico, empresarial o profesional.",16117.93,117,Proveedor 12,Disponible
4182,Kit CCTV LG Basic-772,Seguridad,LG,Basic-772,"Kit CCTV de LG, modelo Basic-772, diseñado para uso doméstico, empresarial o profesional.",9470.25,131,Proveedor 14,Disponible
4183,Control de acceso APC Business-262,Seguridad,APC,Business-262,"Control de acceso de APC, modelo Business-262, diseñado para uso doméstico, empresarial o profesional.",6283.56,128,Proveedor 17,Disponible
4184,NVR AMD Plus-905,Seguridad,AMD,Plus-905,"NVR de AMD, modelo Plus-905, diseñado para uso doméstico, empresarial o profesional.",19349.22,101,Proveedor 23,Disponible
4185,Sensor magnético Logitech Basic-684,Seguridad,Logitech,Basic-684,"Sensor magnético de Logitech, modelo Basic-684, diseñado para uso doméstico, empresarial o profesional.",12782.45,62,Proveedor 21,Disponible
4186,Sensor de movimiento ASUS Ultra-131,Seguridad,ASUS,Ultra-131,"Sensor de movimiento de ASUS, modelo Ultra-131, diseñado para uso doméstico, empresarial o profesional.",22183.81,92,Proveedor 24,Disponible
4187,Sensor magnético Huawei Business-737,Seguridad,Huawei,Business-737,"Sensor magnético de Huawei, modelo Business-737, diseñado para uso doméstico, empresarial o profesional.",22775.3,42,Proveedor 15,Disponible
4188,Videoportero Brother Plus-628,Seguridad,Brother,Plus-628,"Videoportero de Brother, modelo Plus-628, diseñado para uso doméstico, empresarial o profesional.",6530.67,113,Proveedor 07,Disponible
4189,Cámara de seguridad Huawei Ultra-286,Seguridad,Huawei,Ultra-286,"Cámara de seguridad de Huawei, modelo Ultra-286, diseñado para uso doméstico, empresarial o profesional.",25349.7,54,Proveedor 22,Disponible
4190,DVR LG Basic-931,Seguridad,LG,Basic-931,"DVR de LG, modelo Basic-931, diseñado para uso doméstico, empresarial o profesional.",16030.04,23,Proveedor 15,Disponible
4191,Sensor magnético APC Pro-401,Seguridad,APC,Pro-401,"Sensor magnético de APC, modelo Pro-401, diseñado para uso doméstico, empresarial o profesional.",23434.5,97,Proveedor 12,Disponible
4192,Cerradura electrónica Intel Plus-524,Seguridad,Intel,Plus-524,"Cerradura electrónica de Intel, modelo Plus-524, diseñado para uso doméstico, empresarial o profesional.",18798.87,5,Proveedor 14,Disponible
4193,NVR Epson Pro-571,Seguridad,Epson,Pro-571,"NVR de Epson, modelo Pro-571, diseñado para uso doméstico, empresarial o profesional.",21830.5,56,Proveedor 21,Disponible
4194,Sirena HP Ultra-739,Seguridad,HP,Ultra-739,"Sirena de HP, modelo Ultra-739, diseñado para uso doméstico, empresarial o profesional.",15226.83,148,Proveedor 01,Disponible
4195,NVR ASUS Pro-582,Seguridad,ASUS,Pro-582,"NVR de ASUS, modelo Pro-582, diseñado para uso doméstico, empresarial o profesional.",20475.5,146,Proveedor 02,Disponible
4196,Cámara de seguridad Ubiquiti Plus-943,Seguridad,Ubiquiti,Plus-943,"Cámara de seguridad de Ubiquiti, modelo Plus-943, diseñado para uso doméstico, empresarial o profesional.",8400.16,138,Proveedor 21,Disponible
4197,Sirena Cisco Business-665,Seguridad,Cisco,Business-665,"Sirena de Cisco, modelo Business-665, diseñado para uso doméstico, empresarial o profesional.",8632.87,119,Proveedor 15,Disponible
4198,Kit CCTV Samsung Business-365,Seguridad,Samsung,Business-365,"Kit CCTV de Samsung, modelo Business-365, diseñado para uso doméstico, empresarial o profesional.",2396.86,113,Proveedor 14,Disponible
4199,Sirena Samsung Plus-307,Seguridad,Samsung,Plus-307,"Sirena de Samsung, modelo Plus-307, diseñado para uso doméstico, empresarial o profesional.",17922.45,19,Proveedor 18,Disponible
4200,Sensor magnético AMD Business-140,Seguridad,AMD,Business-140,"Sensor magnético de AMD, modelo Business-140, diseñado para uso doméstico, empresarial o profesional.",25336.89,53,Proveedor 15,Disponible
4201,Sensor magnético Dell Plus-697,Seguridad,Dell,Plus-697,"Sensor magnético de Dell, modelo Plus-697, diseñado para uso doméstico, empresarial o profesional.",2224.62,126,Proveedor 20,Disponible
4202,Cámara de seguridad Tripp Lite Max-409,Seguridad,Tripp Lite,Max-409,"Cámara de seguridad de Tripp Lite, modelo Max-409, diseñado para uso doméstico, empresarial o profesional.",11276.94,99,Proveedor 06,Disponible
4203,Videoportero Tripp Lite Pro-617,Seguridad,Tripp Lite,Pro-617,"Videoportero de Tripp Lite, modelo Pro-617, diseñado para uso doméstico, empresarial o profesional.",8128.16,131,Proveedor 15,Disponible
4204,Videoportero Acer Max-123,Seguridad,Acer,Max-123,"Videoportero de Acer, modelo Max-123, diseñado para uso doméstico, empresarial o profesional.",25878.96,4,Proveedor 22,Disponible
4205,Sirena Huawei Basic-254,Seguridad,Huawei,Basic-254,"Sirena de Huawei, modelo Basic-254, diseñado para uso doméstico, empresarial o profesional.",7362.52,102,Proveedor 22,Disponible
4206,DVR ASUS Basic-746,Seguridad,ASUS,Basic-746,"DVR de ASUS, modelo Basic-746, diseñado para uso doméstico, empresarial o profesional.",23654.63,7,Proveedor 21,Disponible
4207,Cerradura electrónica Dell Max-999,Seguridad,Dell,Max-999,"Cerradura electrónica de Dell, modelo Max-999, diseñado para uso doméstico, empresarial o profesional.",24276.22,25,Proveedor 05,Disponible
4208,Kit CCTV Tripp Lite Max-759,Seguridad,Tripp Lite,Max-759,"Kit CCTV de Tripp Lite, modelo Max-759, diseñado para uso doméstico, empresarial o profesional.",11792.91,25,Proveedor 17,Disponible
4209,NVR TP-Link Business-947,Seguridad,TP-Link,Business-947,"NVR de TP-Link, modelo Business-947, diseñado para uso doméstico, empresarial o profesional.",14807.09,102,Proveedor 13,Disponible
4210,Kit CCTV Cisco Enterprise-221,Seguridad,Cisco,Enterprise-221,"Kit CCTV de Cisco, modelo Enterprise-221, diseñado para uso doméstico, empresarial o profesional.",1698.14,150,Proveedor 05,Disponible
4211,Sensor de movimiento Brother Enterprise-250,Seguridad,Brother,Enterprise-250,"Sensor de movimiento de Brother, modelo Enterprise-250, diseñado para uso doméstico, empresarial o profesional.",17807.55,36,Proveedor 13,Disponible
4212,Sensor magnético AMD Pro-329,Seguridad,AMD,Pro-329,"Sensor magnético de AMD, modelo Pro-329, diseñado para uso doméstico, empresarial o profesional.",8464.56,130,Proveedor 22,Disponible
4213,Videoportero Kingston Max-565,Seguridad,Kingston,Max-565,"Videoportero de Kingston, modelo Max-565, diseñado para uso doméstico, empresarial o profesional.",27663.21,62,Proveedor 23,Disponible
4214,Cerradura electrónica Cisco Ultra-602,Seguridad,Cisco,Ultra-602,"Cerradura electrónica de Cisco, modelo Ultra-602, diseñado para uso doméstico, empresarial o profesional.",10038.74,130,Proveedor 20,Disponible
4215,Videoportero APC Enterprise-847,Seguridad,APC,Enterprise-847,"Videoportero de APC, modelo Enterprise-847, diseñado para uso doméstico, empresarial o profesional.",25991.43,48,Proveedor 11,Disponible
4216,Cerradura electrónica Hikvision Basic-919,Seguridad,Hikvision,Basic-919,"Cerradura electrónica de Hikvision, modelo Basic-919, diseñado para uso doméstico, empresarial o profesional.",14759.1,60,Proveedor 24,Disponible
4217,DVR ASUS Enterprise-924,Seguridad,ASUS,Enterprise-924,"DVR de ASUS, modelo Enterprise-924, diseñado para uso doméstico, empresarial o profesional.",19848.54,55,Proveedor 04,Disponible
4218,Cerradura electrónica Samsung Plus-747,Seguridad,Samsung,Plus-747,"Cerradura electrónica de Samsung, modelo Plus-747, diseñado para uso doméstico, empresarial o profesional.",1568.43,81,Proveedor 15,Disponible
4219,Cámara de seguridad LG Pro-759,Seguridad,LG,Pro-759,"Cámara de seguridad de LG, modelo Pro-759, diseñado para uso doméstico, empresarial o profesional.",3080.34,122,Proveedor 20,Disponible
4220,Kit CCTV Epson Max-380,Seguridad,Epson,Max-380,"Kit CCTV de Epson, modelo Max-380, diseñado para uso doméstico, empresarial o profesional.",21413.98,71,Proveedor 09,Disponible
4221,Cámara de seguridad Kingston Plus-621,Seguridad,Kingston,Plus-621,"Cámara de seguridad de Kingston, modelo Plus-621, diseñado para uso doméstico, empresarial o profesional.",16260.63,26,Proveedor 03,Disponible
4222,Control de acceso Dell Plus-594,Seguridad,Dell,Plus-594,"Control de acceso de Dell, modelo Plus-594, diseñado para uso doméstico, empresarial o profesional.",28543.92,26,Proveedor 25,Disponible
4223,NVR Epson Business-912,Seguridad,Epson,Business-912,"NVR de Epson, modelo Business-912, diseñado para uso doméstico, empresarial o profesional.",9884.31,12,Proveedor 07,Disponible
4224,Videoportero Tripp Lite Ultra-216,Seguridad,Tripp Lite,Ultra-216,"Videoportero de Tripp Lite, modelo Ultra-216, diseñado para uso doméstico, empresarial o profesional.",9931.69,100,Proveedor 25,Disponible
4225,Sensor magnético AMD Basic-861,Seguridad,AMD,Basic-861,"Sensor magnético de AMD, modelo Basic-861, diseñado para uso doméstico, empresarial o profesional.",1412.99,112,Proveedor 15,Disponible
4226,Kit CCTV Hikvision Max-154,Seguridad,Hikvision,Max-154,"Kit CCTV de Hikvision, modelo Max-154, diseñado para uso doméstico, empresarial o profesional.",26249.2,36,Proveedor 08,Disponible
4227,Control de acceso Logitech Plus-536,Seguridad,Logitech,Plus-536,"Control de acceso de Logitech, modelo Plus-536, diseñado para uso doméstico, empresarial o profesional.",15517.63,67,Proveedor 14,Disponible
4228,Sirena Intel Enterprise-400,Seguridad,Intel,Enterprise-400,"Sirena de Intel, modelo Enterprise-400, diseñado para uso doméstico, empresarial o profesional.",1034.77,59,Proveedor 25,Disponible
4229,Videoportero Ubiquiti Plus-933,Seguridad,Ubiquiti,Plus-933,"Videoportero de Ubiquiti, modelo Plus-933, diseñado para uso doméstico, empresarial o profesional.",942.97,110,Proveedor 07,Disponible
4230,NVR AMD Plus-591,Seguridad,AMD,Plus-591,"NVR de AMD, modelo Plus-591, diseñado para uso doméstico, empresarial o profesional.",6793.3,127,Proveedor 17,Disponible
4231,Sensor de movimiento HP Plus-696,Seguridad,HP,Plus-696,"Sensor de movimiento de HP, modelo Plus-696, diseñado para uso doméstico, empresarial o profesional.",28363.63,93,Proveedor 15,Disponible
4232,NVR AMD Business-785,Seguridad,AMD,Business-785,"NVR de AMD, modelo Business-785, diseñado para uso doméstico, empresarial o profesional.",4674.87,112,Proveedor 08,Disponible
4233,DVR APC Ultra-672,Seguridad,APC,Ultra-672,"DVR de APC, modelo Ultra-672, diseñado para uso doméstico, empresarial o profesional.",23288.49,53,Proveedor 23,Disponible
4234,Cámara de seguridad Lenovo Max-949,Seguridad,Lenovo,Max-949,"Cámara de seguridad de Lenovo, modelo Max-949, diseñado para uso doméstico, empresarial o profesional.",2935.23,143,Proveedor 12,Disponible
4235,Control de acceso ASUS Enterprise-332,Seguridad,ASUS,Enterprise-332,"Control de acceso de ASUS, modelo Enterprise-332, diseñado para uso doméstico, empresarial o profesional.",7031.18,76,Proveedor 03,Disponible
4236,Videoportero LG Basic-663,Seguridad,LG,Basic-663,"Videoportero de LG, modelo Basic-663, diseñado para uso doméstico, empresarial o profesional.",10604.7,65,Proveedor 18,Disponible
4237,Sensor de movimiento Intel Ultra-916,Seguridad,Intel,Ultra-916,"Sensor de movimiento de Intel, modelo Ultra-916, diseñado para uso doméstico, empresarial o profesional.",11855.12,119,Proveedor 07,Disponible
4238,Control de acceso Kingston Enterprise-493,Seguridad,Kingston,Enterprise-493,"Control de acceso de Kingston, modelo Enterprise-493, diseñado para uso doméstico, empresarial o profesional.",25442.8,65,Proveedor 13,Disponible
4239,NVR HP Plus-860,Seguridad,HP,Plus-860,"NVR de HP, modelo Plus-860, diseñado para uso doméstico, empresarial o profesional.",19076.03,91,Proveedor 18,Disponible
4240,Control de acceso Dell Business-598,Seguridad,Dell,Business-598,"Control de acceso de Dell, modelo Business-598, diseñado para uso doméstico, empresarial o profesional.",8251.72,29,Proveedor 14,Disponible
4241,DVR Hikvision Basic-444,Seguridad,Hikvision,Basic-444,"DVR de Hikvision, modelo Basic-444, diseñado para uso doméstico, empresarial o profesional.",689.9,41,Proveedor 06,Disponible
4242,DVR APC Business-196,Seguridad,APC,Business-196,"DVR de APC, modelo Business-196, diseñado para uso doméstico, empresarial o profesional.",12313.34,141,Proveedor 03,Disponible
4243,Control de acceso HP Pro-906,Seguridad,HP,Pro-906,"Control de acceso de HP, modelo Pro-906, diseñado para uso doméstico, empresarial o profesional.",22967.28,70,Proveedor 22,Disponible
4244,Sirena Huawei Business-159,Seguridad,Huawei,Business-159,"Sirena de Huawei, modelo Business-159, diseñado para uso doméstico, empresarial o profesional.",21245.43,65,Proveedor 18,Disponible
4245,Sensor de movimiento Brother Enterprise-560,Seguridad,Brother,Enterprise-560,"Sensor de movimiento de Brother, modelo Enterprise-560, diseñado para uso doméstico, empresarial o profesional.",8847.71,32,Proveedor 19,Disponible
4246,NVR Tripp Lite Ultra-395,Seguridad,Tripp Lite,Ultra-395,"NVR de Tripp Lite, modelo Ultra-395, diseñado para uso doméstico, empresarial o profesional.",20033.81,61,Proveedor 07,Disponible
4247,Cámara de seguridad Lenovo Ultra-973,Seguridad,Lenovo,Ultra-973,"Cámara de seguridad de Lenovo, modelo Ultra-973, diseñado para uso doméstico, empresarial o profesional.",19142.12,7,Proveedor 19,Disponible
4248,Kit CCTV Huawei Business-938,Seguridad,Huawei,Business-938,"Kit CCTV de Huawei, modelo Business-938, diseñado para uso doméstico, empresarial o profesional.",5858.79,142,Proveedor 07,Disponible
4249,Videoportero Huawei Ultra-570,Seguridad,Huawei,Ultra-570,"Videoportero de Huawei, modelo Ultra-570, diseñado para uso doméstico, empresarial o profesional.",3956.49,96,Proveedor 14,Disponible
4250,Videoportero Ubiquiti Basic-101,Seguridad,Ubiquiti,Basic-101,"Videoportero de Ubiquiti, modelo Basic-101, diseñado para uso doméstico, empresarial o profesional.",4444.63,80,Proveedor 24,Disponible
4251,Videoportero Epson Plus-278,Seguridad,Epson,Plus-278,"Videoportero de Epson, modelo Plus-278, diseñado para uso doméstico, empresarial o profesional.",24395.84,8,Proveedor 05,Disponible
4252,NVR Lenovo Business-815,Seguridad,Lenovo,Business-815,"NVR de Lenovo, modelo Business-815, diseñado para uso doméstico, empresarial o profesional.",29371.8,68,Proveedor 20,Disponible
4253,Kit CCTV Tripp Lite Basic-174,Seguridad,Tripp Lite,Basic-174,"Kit CCTV de Tripp Lite, modelo Basic-174, diseñado para uso doméstico, empresarial o profesional.",27019.44,53,Proveedor 24,Disponible
4254,Sirena Ubiquiti Max-326,Seguridad,Ubiquiti,Max-326,"Sirena de Ubiquiti, modelo Max-326, diseñado para uso doméstico, empresarial o profesional.",26765.77,124,Proveedor 12,Disponible
4255,Kit CCTV TP-Link Basic-585,Seguridad,TP-Link,Basic-585,"Kit CCTV de TP-Link, modelo Basic-585, diseñado para uso doméstico, empresarial o profesional.",25968.06,18,Proveedor 11,Disponible
4256,NVR Kingston Plus-933,Seguridad,Kingston,Plus-933,"NVR de Kingston, modelo Plus-933, diseñado para uso doméstico, empresarial o profesional.",12287.08,70,Proveedor 10,Disponible
4257,Cámara de seguridad AMD Pro-316,Seguridad,AMD,Pro-316,"Cámara de seguridad de AMD, modelo Pro-316, diseñado para uso doméstico, empresarial o profesional.",7585.8,89,Proveedor 03,Disponible
4258,Sirena Kingston Enterprise-504,Seguridad,Kingston,Enterprise-504,"Sirena de Kingston, modelo Enterprise-504, diseñado para uso doméstico, empresarial o profesional.",27266.58,111,Proveedor 10,Disponible
4259,NVR Huawei Enterprise-153,Seguridad,Huawei,Enterprise-153,"NVR de Huawei, modelo Enterprise-153, diseñado para uso doméstico, empresarial o profesional.",3568.3,98,Proveedor 08,Disponible
4260,Sirena Lenovo Ultra-323,Seguridad,Lenovo,Ultra-323,"Sirena de Lenovo, modelo Ultra-323, diseñado para uso doméstico, empresarial o profesional.",2274.59,149,Proveedor 25,Disponible
4261,Cerradura electrónica Huawei Max-748,Seguridad,Huawei,Max-748,"Cerradura electrónica de Huawei, modelo Max-748, diseñado para uso doméstico, empresarial o profesional.",10245.2,149,Proveedor 25,Disponible
4262,NVR ASUS Ultra-801,Seguridad,ASUS,Ultra-801,"NVR de ASUS, modelo Ultra-801, diseñado para uso doméstico, empresarial o profesional.",13328.55,67,Proveedor 03,Disponible
4263,Control de acceso AMD Basic-126,Seguridad,AMD,Basic-126,"Control de acceso de AMD, modelo Basic-126, diseñado para uso doméstico, empresarial o profesional.",6725.06,140,Proveedor 11,Disponible
4264,Cámara de seguridad ASUS Business-920,Seguridad,ASUS,Business-920,"Cámara de seguridad de ASUS, modelo Business-920, diseñado para uso doméstico, empresarial o profesional.",10235.32,16,Proveedor 24,Disponible
4265,Sensor de movimiento Logitech Enterprise-395,Seguridad,Logitech,Enterprise-395,"Sensor de movimiento de Logitech, modelo Enterprise-395, diseñado para uso doméstico, empresarial o profesional.",27783.18,65,Proveedor 18,Disponible
4266,Videoportero Brother Pro-284,Seguridad,Brother,Pro-284,"Videoportero de Brother, modelo Pro-284, diseñado para uso doméstico, empresarial o profesional.",16143.32,137,Proveedor 08,Disponible
4267,Kit CCTV TP-Link Plus-580,Seguridad,TP-Link,Plus-580,"Kit CCTV de TP-Link, modelo Plus-580, diseñado para uso doméstico, empresarial o profesional.",22724.34,59,Proveedor 03,Disponible
4268,Control de acceso LG Plus-487,Seguridad,LG,Plus-487,"Control de acceso de LG, modelo Plus-487, diseñado para uso doméstico, empresarial o profesional.",22017.09,21,Proveedor 12,Disponible
4269,Sirena Kingston Max-949,Seguridad,Kingston,Max-949,"Sirena de Kingston, modelo Max-949, diseñado para uso doméstico, empresarial o profesional.",6179.8,91,Proveedor 03,Disponible
4270,DVR Logitech Business-900,Seguridad,Logitech,Business-900,"DVR de Logitech, modelo Business-900, diseñado para uso doméstico, empresarial o profesional.",17774.3,134,Proveedor 17,Disponible
4271,Sirena Intel Enterprise-424,Seguridad,Intel,Enterprise-424,"Sirena de Intel, modelo Enterprise-424, diseñado para uso doméstico, empresarial o profesional.",6645.59,34,Proveedor 23,Disponible
4272,Cámara de seguridad Kingston Basic-697,Seguridad,Kingston,Basic-697,"Cámara de seguridad de Kingston, modelo Basic-697, diseñado para uso doméstico, empresarial o profesional.",9870.25,62,Proveedor 15,Disponible
4273,Sirena Ubiquiti Ultra-197,Seguridad,Ubiquiti,Ultra-197,"Sirena de Ubiquiti, modelo Ultra-197, diseñado para uso doméstico, empresarial o profesional.",15560.83,13,Proveedor 23,Disponible
4274,Sensor magnético LG Max-152,Seguridad,LG,Max-152,"Sensor magnético de LG, modelo Max-152, diseñado para uso doméstico, empresarial o profesional.",2075.3,137,Proveedor 16,Disponible
4275,Sensor de movimiento Dell Plus-311,Seguridad,Dell,Plus-311,"Sensor de movimiento de Dell, modelo Plus-311, diseñado para uso doméstico, empresarial o profesional.",17594.22,83,Proveedor 03,Disponible
4276,DVR Logitech Pro-543,Seguridad,Logitech,Pro-543,"DVR de Logitech, modelo Pro-543, diseñado para uso doméstico, empresarial o profesional.",14597.02,105,Proveedor 06,Disponible
4277,DVR TP-Link Ultra-917,Seguridad,TP-Link,Ultra-917,"DVR de TP-Link, modelo Ultra-917, diseñado para uso doméstico, empresarial o profesional.",16590.55,140,Proveedor 15,Disponible
4278,DVR Cisco Max-787,Seguridad,Cisco,Max-787,"DVR de Cisco, modelo Max-787, diseñado para uso doméstico, empresarial o profesional.",12340.06,134,Proveedor 11,Disponible
4279,Videoportero Kingston Pro-438,Seguridad,Kingston,Pro-438,"Videoportero de Kingston, modelo Pro-438, diseñado para uso doméstico, empresarial o profesional.",22901.29,13,Proveedor 14,Disponible
4280,Sensor magnético TP-Link Pro-984,Seguridad,TP-Link,Pro-984,"Sensor magnético de TP-Link, modelo Pro-984, diseñado para uso doméstico, empresarial o profesional.",13006.07,148,Proveedor 22,Disponible
4281,Sensor de movimiento Epson Enterprise-838,Seguridad,Epson,Enterprise-838,"Sensor de movimiento de Epson, modelo Enterprise-838, diseñado para uso doméstico, empresarial o profesional.",2441.43,67,Proveedor 06,Disponible
4282,Sensor de movimiento TP-Link Ultra-134,Seguridad,TP-Link,Ultra-134,"Sensor de movimiento de TP-Link, modelo Ultra-134, diseñado para uso doméstico, empresarial o profesional.",1867.98,49,Proveedor 02,Disponible
4283,NVR APC Ultra-995,Seguridad,APC,Ultra-995,"NVR de APC, modelo Ultra-995, diseñado para uso doméstico, empresarial o profesional.",10256.65,85,Proveedor 23,Disponible
4284,Cámara de seguridad Samsung Enterprise-241,Seguridad,Samsung,Enterprise-241,"Cámara de seguridad de Samsung, modelo Enterprise-241, diseñado para uso doméstico, empresarial o profesional.",5295.53,24,Proveedor 04,Disponible
4285,Control de acceso Lenovo Basic-513,Seguridad,Lenovo,Basic-513,"Control de acceso de Lenovo, modelo Basic-513, diseñado para uso doméstico, empresarial o profesional.",12443.07,9,Proveedor 04,Disponible
4286,Cerradura electrónica Dell Plus-427,Seguridad,Dell,Plus-427,"Cerradura electrónica de Dell, modelo Plus-427, diseñado para uso doméstico, empresarial o profesional.",22234.5,144,Proveedor 05,Disponible
4287,Cámara de seguridad HP Enterprise-511,Seguridad,HP,Enterprise-511,"Cámara de seguridad de HP, modelo Enterprise-511, diseñado para uso doméstico, empresarial o profesional.",12905.12,63,Proveedor 07,Disponible
4288,Sensor magnético Lenovo Pro-238,Seguridad,Lenovo,Pro-238,"Sensor magnético de Lenovo, modelo Pro-238, diseñado para uso doméstico, empresarial o profesional.",25630.55,71,Proveedor 02,Disponible
4289,Cámara de seguridad Samsung Pro-989,Seguridad,Samsung,Pro-989,"Cámara de seguridad de Samsung, modelo Pro-989, diseñado para uso doméstico, empresarial o profesional.",29326.26,33,Proveedor 06,Disponible
4290,NVR Cisco Plus-486,Seguridad,Cisco,Plus-486,"NVR de Cisco, modelo Plus-486, diseñado para uso doméstico, empresarial o profesional.",4453.19,7,Proveedor 04,Disponible
4291,Kit CCTV Cisco Enterprise-177,Seguridad,Cisco,Enterprise-177,"Kit CCTV de Cisco, modelo Enterprise-177, diseñado para uso doméstico, empresarial o profesional.",3681.99,53,Proveedor 09,Disponible
4292,Sensor magnético Kingston Pro-328,Seguridad,Kingston,Pro-328,"Sensor magnético de Kingston, modelo Pro-328, diseñado para uso doméstico, empresarial o profesional.",17403.52,49,Proveedor 08,Disponible
4293,NVR LG Pro-629,Seguridad,LG,Pro-629,"NVR de LG, modelo Pro-629, diseñado para uso doméstico, empresarial o profesional.",11551.32,29,Proveedor 07,Disponible
4294,NVR Epson Business-712,Seguridad,Epson,Business-712,"NVR de Epson, modelo Business-712, diseñado para uso doméstico, empresarial o profesional.",7848.64,105,Proveedor 22,Disponible
4295,Control de acceso Samsung Pro-321,Seguridad,Samsung,Pro-321,"Control de acceso de Samsung, modelo Pro-321, diseñado para uso doméstico, empresarial o profesional.",9337.09,128,Proveedor 13,Disponible
4296,Control de acceso Kingston Max-553,Seguridad,Kingston,Max-553,"Control de acceso de Kingston, modelo Max-553, diseñado para uso doméstico, empresarial o profesional.",13017.44,1,Proveedor 06,Disponible
4297,Control de acceso Intel Max-540,Seguridad,Intel,Max-540,"Control de acceso de Intel, modelo Max-540, diseñado para uso doméstico, empresarial o profesional.",13053.14,68,Proveedor 06,Disponible
4298,Cámara de seguridad Intel Plus-353,Seguridad,Intel,Plus-353,"Cámara de seguridad de Intel, modelo Plus-353, diseñado para uso doméstico, empresarial o profesional.",13286.78,116,Proveedor 21,Disponible
4299,Sirena Epson Plus-777,Seguridad,Epson,Plus-777,"Sirena de Epson, modelo Plus-777, diseñado para uso doméstico, empresarial o profesional.",17313.6,92,Proveedor 06,Disponible
4300,Kit CCTV Brother Enterprise-337,Seguridad,Brother,Enterprise-337,"Kit CCTV de Brother, modelo Enterprise-337, diseñado para uso doméstico, empresarial o profesional.",10879.48,23,Proveedor 11,Disponible
4301,NVR Huawei Ultra-479,Seguridad,Huawei,Ultra-479,"NVR de Huawei, modelo Ultra-479, diseñado para uso doméstico, empresarial o profesional.",24478.0,144,Proveedor 03,Disponible
4302,Control de acceso Brother Enterprise-499,Seguridad,Brother,Enterprise-499,"Control de acceso de Brother, modelo Enterprise-499, diseñado para uso doméstico, empresarial o profesional.",28825.1,94,Proveedor 08,Disponible
4303,Sensor magnético Cisco Max-526,Seguridad,Cisco,Max-526,"Sensor magnético de Cisco, modelo Max-526, diseñado para uso doméstico, empresarial o profesional.",12669.73,26,Proveedor 09,Disponible
4304,Sirena LG Pro-355,Seguridad,LG,Pro-355,"Sirena de LG, modelo Pro-355, diseñado para uso doméstico, empresarial o profesional.",12308.3,148,Proveedor 23,Disponible
4305,Cerradura electrónica ASUS Plus-999,Seguridad,ASUS,Plus-999,"Cerradura electrónica de ASUS, modelo Plus-999, diseñado para uso doméstico, empresarial o profesional.",13413.48,69,Proveedor 25,Disponible
4306,Videoportero Ubiquiti Business-425,Seguridad,Ubiquiti,Business-425,"Videoportero de Ubiquiti, modelo Business-425, diseñado para uso doméstico, empresarial o profesional.",20107.62,86,Proveedor 07,Disponible
4307,Sensor magnético Intel Business-805,Seguridad,Intel,Business-805,"Sensor magnético de Intel, modelo Business-805, diseñado para uso doméstico, empresarial o profesional.",21081.38,104,Proveedor 05,Disponible
4308,Kit CCTV Tripp Lite Plus-865,Seguridad,Tripp Lite,Plus-865,"Kit CCTV de Tripp Lite, modelo Plus-865, diseñado para uso doméstico, empresarial o profesional.",7720.3,74,Proveedor 07,Disponible
4309,Videoportero Brother Max-254,Seguridad,Brother,Max-254,"Videoportero de Brother, modelo Max-254, diseñado para uso doméstico, empresarial o profesional.",9144.96,86,Proveedor 16,Disponible
4310,DVR ASUS Business-568,Seguridad,ASUS,Business-568,"DVR de ASUS, modelo Business-568, diseñado para uso doméstico, empresarial o profesional.",25943.32,107,Proveedor 07,Disponible
4311,Sensor magnético Epson Plus-377,Seguridad,Epson,Plus-377,"Sensor magnético de Epson, modelo Plus-377, diseñado para uso doméstico, empresarial o profesional.",6611.32,73,Proveedor 14,Disponible
4312,Sensor magnético Samsung Max-867,Seguridad,Samsung,Max-867,"Sensor magnético de Samsung, modelo Max-867, diseñado para uso doméstico, empresarial o profesional.",13046.23,147,Proveedor 01,Disponible
4313,Videoportero HP Ultra-848,Seguridad,HP,Ultra-848,"Videoportero de HP, modelo Ultra-848, diseñado para uso doméstico, empresarial o profesional.",16290.48,75,Proveedor 19,Disponible
4314,Sirena Intel Business-342,Seguridad,Intel,Business-342,"Sirena de Intel, modelo Business-342, diseñado para uso doméstico, empresarial o profesional.",18592.56,139,Proveedor 22,Disponible
4315,DVR Ubiquiti Basic-462,Seguridad,Ubiquiti,Basic-462,"DVR de Ubiquiti, modelo Basic-462, diseñado para uso doméstico, empresarial o profesional.",25855.19,128,Proveedor 03,Disponible
4316,DVR Huawei Enterprise-627,Seguridad,Huawei,Enterprise-627,"DVR de Huawei, modelo Enterprise-627, diseñado para uso doméstico, empresarial o profesional.",19776.63,118,Proveedor 03,Disponible
4317,Cámara de seguridad Epson Basic-609,Seguridad,Epson,Basic-609,"Cámara de seguridad de Epson, modelo Basic-609, diseñado para uso doméstico, empresarial o profesional.",24250.17,121,Proveedor 05,Disponible
4318,Videoportero Cisco Ultra-807,Seguridad,Cisco,Ultra-807,"Videoportero de Cisco, modelo Ultra-807, diseñado para uso doméstico, empresarial o profesional.",5231.57,1,Proveedor 04,Disponible
4319,Control de acceso Tripp Lite Max-533,Seguridad,Tripp Lite,Max-533,"Control de acceso de Tripp Lite, modelo Max-533, diseñado para uso doméstico, empresarial o profesional.",24491.19,141,Proveedor 23,Disponible
4320,Cámara de seguridad Tripp Lite Pro-495,Seguridad,Tripp Lite,Pro-495,"Cámara de seguridad de Tripp Lite, modelo Pro-495, diseñado para uso doméstico, empresarial o profesional.",22037.89,146,Proveedor 07,Disponible
4321,DVR Lenovo Basic-392,Seguridad,Lenovo,Basic-392,"DVR de Lenovo, modelo Basic-392, diseñado para uso doméstico, empresarial o profesional.",12127.49,50,Proveedor 19,Disponible
4322,Control de acceso Hikvision Ultra-288,Seguridad,Hikvision,Ultra-288,"Control de acceso de Hikvision, modelo Ultra-288, diseñado para uso doméstico, empresarial o profesional.",9902.45,71,Proveedor 05,Disponible
4323,Kit CCTV ASUS Ultra-962,Seguridad,ASUS,Ultra-962,"Kit CCTV de ASUS, modelo Ultra-962, diseñado para uso doméstico, empresarial o profesional.",21165.18,88,Proveedor 25,Disponible
4324,Videoportero Acer Enterprise-295,Seguridad,Acer,Enterprise-295,"Videoportero de Acer, modelo Enterprise-295, diseñado para uso doméstico, empresarial o profesional.",18056.08,117,Proveedor 05,Disponible
4325,Kit CCTV Intel Business-407,Seguridad,Intel,Business-407,"Kit CCTV de Intel, modelo Business-407, diseñado para uso doméstico, empresarial o profesional.",637.04,101,Proveedor 19,Disponible
4326,Control de acceso APC Enterprise-780,Seguridad,APC,Enterprise-780,"Control de acceso de APC, modelo Enterprise-780, diseñado para uso doméstico, empresarial o profesional.",2673.74,28,Proveedor 06,Disponible
4327,Videoportero Huawei Business-399,Seguridad,Huawei,Business-399,"Videoportero de Huawei, modelo Business-399, diseñado para uso doméstico, empresarial o profesional.",17144.56,22,Proveedor 20,Disponible
4328,Videoportero Hikvision Business-126,Seguridad,Hikvision,Business-126,"Videoportero de Hikvision, modelo Business-126, diseñado para uso doméstico, empresarial o profesional.",12527.31,140,Proveedor 08,Disponible
4329,Sensor de movimiento Samsung Pro-714,Seguridad,Samsung,Pro-714,"Sensor de movimiento de Samsung, modelo Pro-714, diseñado para uso doméstico, empresarial o profesional.",3594.85,26,Proveedor 13,Disponible
4330,DVR ASUS Plus-904,Seguridad,ASUS,Plus-904,"DVR de ASUS, modelo Plus-904, diseñado para uso doméstico, empresarial o profesional.",23268.71,7,Proveedor 04,Disponible
4331,Videoportero Epson Max-716,Seguridad,Epson,Max-716,"Videoportero de Epson, modelo Max-716, diseñado para uso doméstico, empresarial o profesional.",8381.63,149,Proveedor 02,Disponible
4332,DVR Acer Pro-337,Seguridad,Acer,Pro-337,"DVR de Acer, modelo Pro-337, diseñado para uso doméstico, empresarial o profesional.",8383.61,69,Proveedor 07,Disponible
4333,Sirena Ubiquiti Enterprise-593,Seguridad,Ubiquiti,Enterprise-593,"Sirena de Ubiquiti, modelo Enterprise-593, diseñado para uso doméstico, empresarial o profesional.",19806.71,52,Proveedor 22,Disponible
4334,Control de acceso Tripp Lite Enterprise-202,Seguridad,Tripp Lite,Enterprise-202,"Control de acceso de Tripp Lite, modelo Enterprise-202, diseñado para uso doméstico, empresarial o profesional.",8658.97,144,Proveedor 18,Disponible
4335,Control de acceso Dell Business-163,Seguridad,Dell,Business-163,"Control de acceso de Dell, modelo Business-163, diseñado para uso doméstico, empresarial o profesional.",28663.9,111,Proveedor 16,Disponible
4336,Kit CCTV Acer Basic-175,Seguridad,Acer,Basic-175,"Kit CCTV de Acer, modelo Basic-175, diseñado para uso doméstico, empresarial o profesional.",29821.07,139,Proveedor 03,Disponible
4337,DVR Huawei Basic-389,Seguridad,Huawei,Basic-389,"DVR de Huawei, modelo Basic-389, diseñado para uso doméstico, empresarial o profesional.",17476.75,21,Proveedor 25,Disponible
4338,Cámara de seguridad Cisco Enterprise-419,Seguridad,Cisco,Enterprise-419,"Cámara de seguridad de Cisco, modelo Enterprise-419, diseñado para uso doméstico, empresarial o profesional.",19787.87,41,Proveedor 02,Disponible
4339,NVR APC Max-950,Seguridad,APC,Max-950,"NVR de APC, modelo Max-950, diseñado para uso doméstico, empresarial o profesional.",26486.5,106,Proveedor 04,Disponible
4340,Videoportero Tripp Lite Basic-865,Seguridad,Tripp Lite,Basic-865,"Videoportero de Tripp Lite, modelo Basic-865, diseñado para uso doméstico, empresarial o profesional.",28955.05,10,Proveedor 08,Disponible
4341,Control de acceso Lenovo Basic-965,Seguridad,Lenovo,Basic-965,"Control de acceso de Lenovo, modelo Basic-965, diseñado para uso doméstico, empresarial o profesional.",23160.34,66,Proveedor 17,Disponible
4342,Cerradura electrónica Kingston Max-367,Seguridad,Kingston,Max-367,"Cerradura electrónica de Kingston, modelo Max-367, diseñado para uso doméstico, empresarial o profesional.",26678.21,15,Proveedor 07,Disponible
4343,Cerradura electrónica Acer Basic-535,Seguridad,Acer,Basic-535,"Cerradura electrónica de Acer, modelo Basic-535, diseñado para uso doméstico, empresarial o profesional.",2123.09,122,Proveedor 19,Disponible
4344,DVR Brother Enterprise-705,Seguridad,Brother,Enterprise-705,"DVR de Brother, modelo Enterprise-705, diseñado para uso doméstico, empresarial o profesional.",3260.77,139,Proveedor 13,Disponible
4345,Cámara de seguridad Dell Plus-906,Seguridad,Dell,Plus-906,"Cámara de seguridad de Dell, modelo Plus-906, diseñado para uso doméstico, empresarial o profesional.",14572.41,22,Proveedor 16,Disponible
4346,DVR Acer Pro-901,Seguridad,Acer,Pro-901,"DVR de Acer, modelo Pro-901, diseñado para uso doméstico, empresarial o profesional.",21251.13,149,Proveedor 22,Disponible
4347,Control de acceso TP-Link Pro-410,Seguridad,TP-Link,Pro-410,"Control de acceso de TP-Link, modelo Pro-410, diseñado para uso doméstico, empresarial o profesional.",27214.5,1,Proveedor 06,Disponible
4348,Sensor magnético Tripp Lite Enterprise-770,Seguridad,Tripp Lite,Enterprise-770,"Sensor magnético de Tripp Lite, modelo Enterprise-770, diseñado para uso doméstico, empresarial o profesional.",2921.47,23,Proveedor 04,Disponible
4349,NVR Tripp Lite Ultra-971,Seguridad,Tripp Lite,Ultra-971,"NVR de Tripp Lite, modelo Ultra-971, diseñado para uso doméstico, empresarial o profesional.",19070.43,81,Proveedor 05,Disponible
4350,Sirena Dell Enterprise-722,Seguridad,Dell,Enterprise-722,"Sirena de Dell, modelo Enterprise-722, diseñado para uso doméstico, empresarial o profesional.",6629.86,111,Proveedor 16,Disponible
4351,Sensor magnético LG Ultra-489,Seguridad,LG,Ultra-489,"Sensor magnético de LG, modelo Ultra-489, diseñado para uso doméstico, empresarial o profesional.",9048.55,109,Proveedor 07,Disponible
4352,Kit CCTV Dell Pro-667,Seguridad,Dell,Pro-667,"Kit CCTV de Dell, modelo Pro-667, diseñado para uso doméstico, empresarial o profesional.",23721.96,20,Proveedor 02,Disponible
4353,Sirena Kingston Max-213,Seguridad,Kingston,Max-213,"Sirena de Kingston, modelo Max-213, diseñado para uso doméstico, empresarial o profesional.",19831.35,97,Proveedor 04,Disponible
4354,Kit CCTV Kingston Pro-355,Seguridad,Kingston,Pro-355,"Kit CCTV de Kingston, modelo Pro-355, diseñado para uso doméstico, empresarial o profesional.",19350.04,30,Proveedor 12,Disponible
4355,Control de acceso Cisco Basic-827,Seguridad,Cisco,Basic-827,"Control de acceso de Cisco, modelo Basic-827, diseñado para uso doméstico, empresarial o profesional.",7352.82,85,Proveedor 07,Disponible
4356,Cerradura electrónica Cisco Ultra-711,Seguridad,Cisco,Ultra-711,"Cerradura electrónica de Cisco, modelo Ultra-711, diseñado para uso doméstico, empresarial o profesional.",20004.75,47,Proveedor 13,Disponible
4357,DVR Ubiquiti Max-359,Seguridad,Ubiquiti,Max-359,"DVR de Ubiquiti, modelo Max-359, diseñado para uso doméstico, empresarial o profesional.",24480.22,86,Proveedor 06,Disponible
4358,Cerradura electrónica ASUS Enterprise-771,Seguridad,ASUS,Enterprise-771,"Cerradura electrónica de ASUS, modelo Enterprise-771, diseñado para uso doméstico, empresarial o profesional.",15056.39,79,Proveedor 03,Disponible
4359,Cámara de seguridad Lenovo Business-472,Seguridad,Lenovo,Business-472,"Cámara de seguridad de Lenovo, modelo Business-472, diseñado para uso doméstico, empresarial o profesional.",8704.97,16,Proveedor 23,Disponible
4360,Sirena Intel Max-711,Seguridad,Intel,Max-711,"Sirena de Intel, modelo Max-711, diseñado para uso doméstico, empresarial o profesional.",21232.16,70,Proveedor 17,Disponible
4361,Sensor magnético LG Ultra-499,Seguridad,LG,Ultra-499,"Sensor magnético de LG, modelo Ultra-499, diseñado para uso doméstico, empresarial o profesional.",18253.92,129,Proveedor 19,Disponible
4362,Kit CCTV Epson Basic-131,Seguridad,Epson,Basic-131,"Kit CCTV de Epson, modelo Basic-131, diseñado para uso doméstico, empresarial o profesional.",11266.55,87,Proveedor 14,Disponible
4363,Sirena LG Business-511,Seguridad,LG,Business-511,"Sirena de LG, modelo Business-511, diseñado para uso doméstico, empresarial o profesional.",6483.75,93,Proveedor 25,Disponible
4364,Sensor magnético Kingston Pro-972,Seguridad,Kingston,Pro-972,"Sensor magnético de Kingston, modelo Pro-972, diseñado para uso doméstico, empresarial o profesional.",29718.53,114,Proveedor 21,Disponible
4365,DVR Hikvision Pro-499,Seguridad,Hikvision,Pro-499,"DVR de Hikvision, modelo Pro-499, diseñado para uso doméstico, empresarial o profesional.",12304.96,92,Proveedor 13,Disponible
4366,Cerradura electrónica TP-Link Plus-491,Seguridad,TP-Link,Plus-491,"Cerradura electrónica de TP-Link, modelo Plus-491, diseñado para uso doméstico, empresarial o profesional.",26256.75,121,Proveedor 01,Disponible
4367,Cámara de seguridad Dell Plus-979,Seguridad,Dell,Plus-979,"Cámara de seguridad de Dell, modelo Plus-979, diseñado para uso doméstico, empresarial o profesional.",29968.37,70,Proveedor 04,Disponible
4368,Sensor de movimiento TP-Link Enterprise-487,Seguridad,TP-Link,Enterprise-487,"Sensor de movimiento de TP-Link, modelo Enterprise-487, diseñado para uso doméstico, empresarial o profesional.",15424.55,107,Proveedor 06,Disponible
4369,Control de acceso Cisco Enterprise-817,Seguridad,Cisco,Enterprise-817,"Control de acceso de Cisco, modelo Enterprise-817, diseñado para uso doméstico, empresarial o profesional.",15504.95,26,Proveedor 01,Disponible
4370,Cámara de seguridad Ubiquiti Ultra-654,Seguridad,Ubiquiti,Ultra-654,"Cámara de seguridad de Ubiquiti, modelo Ultra-654, diseñado para uso doméstico, empresarial o profesional.",18105.3,69,Proveedor 25,Disponible
4371,DVR Brother Pro-649,Seguridad,Brother,Pro-649,"DVR de Brother, modelo Pro-649, diseñado para uso doméstico, empresarial o profesional.",4479.34,120,Proveedor 14,Disponible
4372,NVR Acer Max-837,Seguridad,Acer,Max-837,"NVR de Acer, modelo Max-837, diseñado para uso doméstico, empresarial o profesional.",3606.22,89,Proveedor 22,Disponible
4373,NVR Lenovo Pro-246,Seguridad,Lenovo,Pro-246,"NVR de Lenovo, modelo Pro-246, diseñado para uso doméstico, empresarial o profesional.",16700.76,46,Proveedor 06,Disponible
4374,Sensor magnético Lenovo Plus-113,Seguridad,Lenovo,Plus-113,"Sensor magnético de Lenovo, modelo Plus-113, diseñado para uso doméstico, empresarial o profesional.",16220.69,120,Proveedor 11,Disponible
4375,NVR APC Pro-466,Seguridad,APC,Pro-466,"NVR de APC, modelo Pro-466, diseñado para uso doméstico, empresarial o profesional.",29997.73,76,Proveedor 02,Disponible
4376,No break Logitech Basic-139,Energía,Logitech,Basic-139,"No break de Logitech, modelo Basic-139, diseñado para uso doméstico, empresarial o profesional.",14594.23,141,Proveedor 09,Disponible
4377,PDU AMD Enterprise-218,Energía,AMD,Enterprise-218,"PDU de AMD, modelo Enterprise-218, diseñado para uso doméstico, empresarial o profesional.",4756.42,26,Proveedor 23,Disponible
4378,UPS Epson Plus-783,Energía,Epson,Plus-783,"UPS de Epson, modelo Plus-783, diseñado para uso doméstico, empresarial o profesional.",836.6,80,Proveedor 07,Disponible
4379,Inversor Hikvision Pro-268,Energía,Hikvision,Pro-268,"Inversor de Hikvision, modelo Pro-268, diseñado para uso doméstico, empresarial o profesional.",15381.33,135,Proveedor 19,Disponible
4380,Regulador TP-Link Enterprise-547,Energía,TP-Link,Enterprise-547,"Regulador de TP-Link, modelo Enterprise-547, diseñado para uso doméstico, empresarial o profesional.",5963.05,92,Proveedor 16,Disponible
4381,Cargador universal Cisco Max-877,Energía,Cisco,Max-877,"Cargador universal de Cisco, modelo Max-877, diseñado para uso doméstico, empresarial o profesional.",9421.13,61,Proveedor 01,Disponible
4382,Regulador Tripp Lite Basic-971,Energía,Tripp Lite,Basic-971,"Regulador de Tripp Lite, modelo Basic-971, diseñado para uso doméstico, empresarial o profesional.",1687.56,76,Proveedor 04,Disponible
4383,Protector de voltaje Kingston Enterprise-829,Energía,Kingston,Enterprise-829,"Protector de voltaje de Kingston, modelo Enterprise-829, diseñado para uso doméstico, empresarial o profesional.",18878.64,62,Proveedor 10,Disponible
4384,UPS AMD Plus-992,Energía,AMD,Plus-992,"UPS de AMD, modelo Plus-992, diseñado para uso doméstico, empresarial o profesional.",15241.32,130,Proveedor 25,Disponible
4385,UPS Logitech Plus-580,Energía,Logitech,Plus-580,"UPS de Logitech, modelo Plus-580, diseñado para uso doméstico, empresarial o profesional.",11224.49,116,Proveedor 10,Disponible
4386,Regulador Tripp Lite Basic-279,Energía,Tripp Lite,Basic-279,"Regulador de Tripp Lite, modelo Basic-279, diseñado para uso doméstico, empresarial o profesional.",1928.8,130,Proveedor 22,Disponible
4387,Cargador universal AMD Pro-123,Energía,AMD,Pro-123,"Cargador universal de AMD, modelo Pro-123, diseñado para uso doméstico, empresarial o profesional.",7864.14,88,Proveedor 16,Disponible
4388,Cargador universal TP-Link Business-332,Energía,TP-Link,Business-332,"Cargador universal de TP-Link, modelo Business-332, diseñado para uso doméstico, empresarial o profesional.",9427.02,149,Proveedor 25,Disponible
4389,UPS Lenovo Basic-327,Energía,Lenovo,Basic-327,"UPS de Lenovo, modelo Basic-327, diseñado para uso doméstico, empresarial o profesional.",16522.17,113,Proveedor 09,Disponible
4390,Batería Huawei Max-689,Energía,Huawei,Max-689,"Batería de Huawei, modelo Max-689, diseñado para uso doméstico, empresarial o profesional.",521.38,84,Proveedor 18,Disponible
4391,Inversor LG Ultra-903,Energía,LG,Ultra-903,"Inversor de LG, modelo Ultra-903, diseñado para uso doméstico, empresarial o profesional.",7598.61,146,Proveedor 10,Disponible
4392,No break Tripp Lite Enterprise-384,Energía,Tripp Lite,Enterprise-384,"No break de Tripp Lite, modelo Enterprise-384, diseñado para uso doméstico, empresarial o profesional.",3934.81,0,Proveedor 14,Agotado
4393,Protector de voltaje Ubiquiti Max-752,Energía,Ubiquiti,Max-752,"Protector de voltaje de Ubiquiti, modelo Max-752, diseñado para uso doméstico, empresarial o profesional.",1214.57,76,Proveedor 12,Disponible
4394,Regulador APC Max-920,Energía,APC,Max-920,"Regulador de APC, modelo Max-920, diseñado para uso doméstico, empresarial o profesional.",10978.63,3,Proveedor 13,Disponible
4395,UPS Cisco Ultra-439,Energía,Cisco,Ultra-439,"UPS de Cisco, modelo Ultra-439, diseñado para uso doméstico, empresarial o profesional.",8552.48,61,Proveedor 08,Disponible
4396,PDU Logitech Plus-554,Energía,Logitech,Plus-554,"PDU de Logitech, modelo Plus-554, diseñado para uso doméstico, empresarial o profesional.",17900.18,21,Proveedor 13,Disponible
4397,Inversor Lenovo Ultra-524,Energía,Lenovo,Ultra-524,"Inversor de Lenovo, modelo Ultra-524, diseñado para uso doméstico, empresarial o profesional.",2091.36,57,Proveedor 14,Disponible
4398,Cargador universal Dell Plus-701,Energía,Dell,Plus-701,"Cargador universal de Dell, modelo Plus-701, diseñado para uso doméstico, empresarial o profesional.",18003.64,14,Proveedor 05,Disponible
4399,Inversor Epson Business-120,Energía,Epson,Business-120,"Inversor de Epson, modelo Business-120, diseñado para uso doméstico, empresarial o profesional.",10362.56,49,Proveedor 16,Disponible
4400,Multicontacto AMD Max-264,Energía,AMD,Max-264,"Multicontacto de AMD, modelo Max-264, diseñado para uso doméstico, empresarial o profesional.",12892.92,101,Proveedor 10,Disponible
4401,Fuente de alimentación Kingston Ultra-892,Energía,Kingston,Ultra-892,"Fuente de alimentación de Kingston, modelo Ultra-892, diseñado para uso doméstico, empresarial o profesional.",16787.93,46,Proveedor 11,Disponible
4402,No break Tripp Lite Plus-791,Energía,Tripp Lite,Plus-791,"No break de Tripp Lite, modelo Plus-791, diseñado para uso doméstico, empresarial o profesional.",3887.67,36,Proveedor 09,Disponible
4403,Regulador Acer Plus-624,Energía,Acer,Plus-624,"Regulador de Acer, modelo Plus-624, diseñado para uso doméstico, empresarial o profesional.",344.16,8,Proveedor 09,Disponible
4404,UPS Hikvision Business-229,Energía,Hikvision,Business-229,"UPS de Hikvision, modelo Business-229, diseñado para uso doméstico, empresarial o profesional.",6329.33,84,Proveedor 11,Disponible
4405,Batería Huawei Max-210,Energía,Huawei,Max-210,"Batería de Huawei, modelo Max-210, diseñado para uso doméstico, empresarial o profesional.",6720.66,86,Proveedor 11,Disponible
4406,PDU Kingston Enterprise-698,Energía,Kingston,Enterprise-698,"PDU de Kingston, modelo Enterprise-698, diseñado para uso doméstico, empresarial o profesional.",18581.29,98,Proveedor 06,Disponible
4407,PDU Intel Enterprise-487,Energía,Intel,Enterprise-487,"PDU de Intel, modelo Enterprise-487, diseñado para uso doméstico, empresarial o profesional.",545.19,71,Proveedor 06,Disponible
4408,Inversor Hikvision Basic-344,Energía,Hikvision,Basic-344,"Inversor de Hikvision, modelo Basic-344, diseñado para uso doméstico, empresarial o profesional.",19935.8,54,Proveedor 08,Disponible
4409,Regulador AMD Enterprise-446,Energía,AMD,Enterprise-446,"Regulador de AMD, modelo Enterprise-446, diseñado para uso doméstico, empresarial o profesional.",13594.22,74,Proveedor 12,Disponible
4410,Regulador Epson Enterprise-184,Energía,Epson,Enterprise-184,"Regulador de Epson, modelo Enterprise-184, diseñado para uso doméstico, empresarial o profesional.",6612.63,137,Proveedor 05,Disponible
4411,Cargador universal Huawei Pro-147,Energía,Huawei,Pro-147,"Cargador universal de Huawei, modelo Pro-147, diseñado para uso doméstico, empresarial o profesional.",5770.8,35,Proveedor 20,Disponible
4412,Multicontacto Huawei Pro-806,Energía,Huawei,Pro-806,"Multicontacto de Huawei, modelo Pro-806, diseñado para uso doméstico, empresarial o profesional.",12440.42,23,Proveedor 15,Disponible
4413,Regulador HP Ultra-402,Energía,HP,Ultra-402,"Regulador de HP, modelo Ultra-402, diseñado para uso doméstico, empresarial o profesional.",19037.75,35,Proveedor 05,Disponible
4414,No break Kingston Basic-517,Energía,Kingston,Basic-517,"No break de Kingston, modelo Basic-517, diseñado para uso doméstico, empresarial o profesional.",9414.21,45,Proveedor 04,Disponible
4415,Inversor Epson Max-280,Energía,Epson,Max-280,"Inversor de Epson, modelo Max-280, diseñado para uso doméstico, empresarial o profesional.",18021.98,97,Proveedor 20,Disponible
4416,Batería Brother Enterprise-954,Energía,Brother,Enterprise-954,"Batería de Brother, modelo Enterprise-954, diseñado para uso doméstico, empresarial o profesional.",347.85,56,Proveedor 05,Disponible
4417,Inversor Cisco Pro-224,Energía,Cisco,Pro-224,"Inversor de Cisco, modelo Pro-224, diseñado para uso doméstico, empresarial o profesional.",16820.28,150,Proveedor 06,Disponible
4418,Cargador universal Cisco Plus-644,Energía,Cisco,Plus-644,"Cargador universal de Cisco, modelo Plus-644, diseñado para uso doméstico, empresarial o profesional.",15659.64,91,Proveedor 01,Disponible
4419,Regulador Lenovo Basic-528,Energía,Lenovo,Basic-528,"Regulador de Lenovo, modelo Basic-528, diseñado para uso doméstico, empresarial o profesional.",2130.59,149,Proveedor 02,Disponible
4420,UPS Intel Pro-758,Energía,Intel,Pro-758,"UPS de Intel, modelo Pro-758, diseñado para uso doméstico, empresarial o profesional.",5059.49,95,Proveedor 20,Disponible
4421,Batería Brother Max-598,Energía,Brother,Max-598,"Batería de Brother, modelo Max-598, diseñado para uso doméstico, empresarial o profesional.",1923.86,15,Proveedor 01,Disponible
4422,No break TP-Link Pro-825,Energía,TP-Link,Pro-825,"No break de TP-Link, modelo Pro-825, diseñado para uso doméstico, empresarial o profesional.",11739.9,87,Proveedor 14,Disponible
4423,UPS Huawei Pro-288,Energía,Huawei,Pro-288,"UPS de Huawei, modelo Pro-288, diseñado para uso doméstico, empresarial o profesional.",16873.31,96,Proveedor 23,Disponible
4424,Fuente de alimentación Brother Basic-626,Energía,Brother,Basic-626,"Fuente de alimentación de Brother, modelo Basic-626, diseñado para uso doméstico, empresarial o profesional.",14864.25,90,Proveedor 20,Disponible
4425,Fuente de alimentación TP-Link Business-560,Energía,TP-Link,Business-560,"Fuente de alimentación de TP-Link, modelo Business-560, diseñado para uso doméstico, empresarial o profesional.",11692.5,36,Proveedor 08,Disponible
4426,No break Kingston Enterprise-898,Energía,Kingston,Enterprise-898,"No break de Kingston, modelo Enterprise-898, diseñado para uso doméstico, empresarial o profesional.",7046.54,55,Proveedor 05,Disponible
4427,Batería Dell Ultra-766,Energía,Dell,Ultra-766,"Batería de Dell, modelo Ultra-766, diseñado para uso doméstico, empresarial o profesional.",12643.61,119,Proveedor 18,Disponible
4428,UPS Kingston Plus-485,Energía,Kingston,Plus-485,"UPS de Kingston, modelo Plus-485, diseñado para uso doméstico, empresarial o profesional.",5970.1,73,Proveedor 08,Disponible
4429,PDU TP-Link Enterprise-857,Energía,TP-Link,Enterprise-857,"PDU de TP-Link, modelo Enterprise-857, diseñado para uso doméstico, empresarial o profesional.",2585.83,75,Proveedor 25,Disponible
4430,Inversor Acer Business-729,Energía,Acer,Business-729,"Inversor de Acer, modelo Business-729, diseñado para uso doméstico, empresarial o profesional.",14061.17,26,Proveedor 03,Disponible
4431,PDU Brother Ultra-530,Energía,Brother,Ultra-530,"PDU de Brother, modelo Ultra-530, diseñado para uso doméstico, empresarial o profesional.",14302.09,87,Proveedor 02,Disponible
4432,Inversor ASUS Business-582,Energía,ASUS,Business-582,"Inversor de ASUS, modelo Business-582, diseñado para uso doméstico, empresarial o profesional.",13050.03,107,Proveedor 03,Disponible
4433,Regulador TP-Link Enterprise-689,Energía,TP-Link,Enterprise-689,"Regulador de TP-Link, modelo Enterprise-689, diseñado para uso doméstico, empresarial o profesional.",3412.39,22,Proveedor 23,Disponible
4434,Inversor Brother Max-156,Energía,Brother,Max-156,"Inversor de Brother, modelo Max-156, diseñado para uso doméstico, empresarial o profesional.",8283.89,18,Proveedor 24,Disponible
4435,Protector de voltaje Cisco Pro-235,Energía,Cisco,Pro-235,"Protector de voltaje de Cisco, modelo Pro-235, diseñado para uso doméstico, empresarial o profesional.",5106.65,29,Proveedor 13,Disponible
4436,PDU Tripp Lite Business-552,Energía,Tripp Lite,Business-552,"PDU de Tripp Lite, modelo Business-552, diseñado para uso doméstico, empresarial o profesional.",724.8,122,Proveedor 21,Disponible
4437,Multicontacto Acer Plus-351,Energía,Acer,Plus-351,"Multicontacto de Acer, modelo Plus-351, diseñado para uso doméstico, empresarial o profesional.",2925.79,50,Proveedor 22,Disponible
4438,PDU HP Max-464,Energía,HP,Max-464,"PDU de HP, modelo Max-464, diseñado para uso doméstico, empresarial o profesional.",11819.03,18,Proveedor 05,Disponible
4439,Multicontacto APC Business-391,Energía,APC,Business-391,"Multicontacto de APC, modelo Business-391, diseñado para uso doméstico, empresarial o profesional.",13030.65,94,Proveedor 14,Disponible
4440,Batería Brother Basic-185,Energía,Brother,Basic-185,"Batería de Brother, modelo Basic-185, diseñado para uso doméstico, empresarial o profesional.",5899.82,38,Proveedor 20,Disponible
4441,Fuente de alimentación Acer Basic-141,Energía,Acer,Basic-141,"Fuente de alimentación de Acer, modelo Basic-141, diseñado para uso doméstico, empresarial o profesional.",821.13,62,Proveedor 15,Disponible
4442,Inversor Epson Max-870,Energía,Epson,Max-870,"Inversor de Epson, modelo Max-870, diseñado para uso doméstico, empresarial o profesional.",10873.01,38,Proveedor 08,Disponible
4443,UPS Acer Pro-365,Energía,Acer,Pro-365,"UPS de Acer, modelo Pro-365, diseñado para uso doméstico, empresarial o profesional.",8887.74,128,Proveedor 13,Disponible
4444,Multicontacto AMD Pro-229,Energía,AMD,Pro-229,"Multicontacto de AMD, modelo Pro-229, diseñado para uso doméstico, empresarial o profesional.",19425.25,137,Proveedor 23,Disponible
4445,Fuente de alimentación HP Ultra-774,Energía,HP,Ultra-774,"Fuente de alimentación de HP, modelo Ultra-774, diseñado para uso doméstico, empresarial o profesional.",11186.45,127,Proveedor 14,Disponible
4446,Inversor Intel Basic-449,Energía,Intel,Basic-449,"Inversor de Intel, modelo Basic-449, diseñado para uso doméstico, empresarial o profesional.",17936.46,134,Proveedor 05,Disponible
4447,No break HP Basic-897,Energía,HP,Basic-897,"No break de HP, modelo Basic-897, diseñado para uso doméstico, empresarial o profesional.",5677.12,7,Proveedor 13,Disponible
4448,Inversor ASUS Business-538,Energía,ASUS,Business-538,"Inversor de ASUS, modelo Business-538, diseñado para uso doméstico, empresarial o profesional.",8010.16,47,Proveedor 14,Disponible
4449,PDU Epson Enterprise-477,Energía,Epson,Enterprise-477,"PDU de Epson, modelo Enterprise-477, diseñado para uso doméstico, empresarial o profesional.",1506.37,36,Proveedor 16,Disponible
4450,Regulador Logitech Plus-453,Energía,Logitech,Plus-453,"Regulador de Logitech, modelo Plus-453, diseñado para uso doméstico, empresarial o profesional.",4607.0,63,Proveedor 16,Disponible
4451,Inversor Huawei Plus-869,Energía,Huawei,Plus-869,"Inversor de Huawei, modelo Plus-869, diseñado para uso doméstico, empresarial o profesional.",7871.58,120,Proveedor 14,Disponible
4452,Fuente de alimentación APC Ultra-623,Energía,APC,Ultra-623,"Fuente de alimentación de APC, modelo Ultra-623, diseñado para uso doméstico, empresarial o profesional.",6046.73,109,Proveedor 06,Disponible
4453,Regulador Logitech Enterprise-921,Energía,Logitech,Enterprise-921,"Regulador de Logitech, modelo Enterprise-921, diseñado para uso doméstico, empresarial o profesional.",11660.69,94,Proveedor 04,Disponible
4454,No break Kingston Ultra-740,Energía,Kingston,Ultra-740,"No break de Kingston, modelo Ultra-740, diseñado para uso doméstico, empresarial o profesional.",2977.27,1,Proveedor 14,Disponible
4455,Protector de voltaje Lenovo Max-528,Energía,Lenovo,Max-528,"Protector de voltaje de Lenovo, modelo Max-528, diseñado para uso doméstico, empresarial o profesional.",6708.07,136,Proveedor 11,Disponible
4456,UPS Lenovo Enterprise-788,Energía,Lenovo,Enterprise-788,"UPS de Lenovo, modelo Enterprise-788, diseñado para uso doméstico, empresarial o profesional.",1321.17,107,Proveedor 25,Disponible
4457,Regulador Hikvision Ultra-828,Energía,Hikvision,Ultra-828,"Regulador de Hikvision, modelo Ultra-828, diseñado para uso doméstico, empresarial o profesional.",9970.75,59,Proveedor 24,Disponible
4458,Inversor TP-Link Max-551,Energía,TP-Link,Max-551,"Inversor de TP-Link, modelo Max-551, diseñado para uso doméstico, empresarial o profesional.",11790.06,55,Proveedor 09,Disponible
4459,Fuente de alimentación Lenovo Basic-234,Energía,Lenovo,Basic-234,"Fuente de alimentación de Lenovo, modelo Basic-234, diseñado para uso doméstico, empresarial o profesional.",11616.68,77,Proveedor 14,Disponible
4460,Inversor TP-Link Pro-250,Energía,TP-Link,Pro-250,"Inversor de TP-Link, modelo Pro-250, diseñado para uso doméstico, empresarial o profesional.",15801.59,74,Proveedor 16,Disponible
4461,PDU Tripp Lite Enterprise-806,Energía,Tripp Lite,Enterprise-806,"PDU de Tripp Lite, modelo Enterprise-806, diseñado para uso doméstico, empresarial o profesional.",18714.63,1,Proveedor 10,Disponible
4462,Inversor Brother Business-680,Energía,Brother,Business-680,"Inversor de Brother, modelo Business-680, diseñado para uso doméstico, empresarial o profesional.",9406.91,35,Proveedor 12,Disponible
4463,UPS APC Plus-814,Energía,APC,Plus-814,"UPS de APC, modelo Plus-814, diseñado para uso doméstico, empresarial o profesional.",13194.93,117,Proveedor 01,Disponible
4464,Batería Epson Business-725,Energía,Epson,Business-725,"Batería de Epson, modelo Business-725, diseñado para uso doméstico, empresarial o profesional.",10711.57,23,Proveedor 10,Disponible
4465,PDU Tripp Lite Business-961,Energía,Tripp Lite,Business-961,"PDU de Tripp Lite, modelo Business-961, diseñado para uso doméstico, empresarial o profesional.",18949.98,36,Proveedor 25,Disponible
4466,Batería Acer Ultra-760,Energía,Acer,Ultra-760,"Batería de Acer, modelo Ultra-760, diseñado para uso doméstico, empresarial o profesional.",14689.95,39,Proveedor 23,Disponible
4467,No break Intel Business-820,Energía,Intel,Business-820,"No break de Intel, modelo Business-820, diseñado para uso doméstico, empresarial o profesional.",5577.09,16,Proveedor 23,Disponible
4468,Multicontacto Brother Ultra-884,Energía,Brother,Ultra-884,"Multicontacto de Brother, modelo Ultra-884, diseñado para uso doméstico, empresarial o profesional.",14664.42,3,Proveedor 13,Disponible
4469,Batería Ubiquiti Business-324,Energía,Ubiquiti,Business-324,"Batería de Ubiquiti, modelo Business-324, diseñado para uso doméstico, empresarial o profesional.",13500.32,133,Proveedor 14,Disponible
4470,Batería TP-Link Basic-168,Energía,TP-Link,Basic-168,"Batería de TP-Link, modelo Basic-168, diseñado para uso doméstico, empresarial o profesional.",19771.68,38,Proveedor 01,Disponible
4471,No break APC Plus-615,Energía,APC,Plus-615,"No break de APC, modelo Plus-615, diseñado para uso doméstico, empresarial o profesional.",18382.59,32,Proveedor 13,Disponible
4472,Fuente de alimentación Tripp Lite Pro-309,Energía,Tripp Lite,Pro-309,"Fuente de alimentación de Tripp Lite, modelo Pro-309, diseñado para uso doméstico, empresarial o profesional.",19858.81,54,Proveedor 14,Disponible
4473,PDU Intel Ultra-123,Energía,Intel,Ultra-123,"PDU de Intel, modelo Ultra-123, diseñado para uso doméstico, empresarial o profesional.",18953.18,130,Proveedor 06,Disponible
4474,Cargador universal AMD Ultra-610,Energía,AMD,Ultra-610,"Cargador universal de AMD, modelo Ultra-610, diseñado para uso doméstico, empresarial o profesional.",14544.69,21,Proveedor 23,Disponible
4475,Batería Huawei Basic-972,Energía,Huawei,Basic-972,"Batería de Huawei, modelo Basic-972, diseñado para uso doméstico, empresarial o profesional.",6877.47,64,Proveedor 20,Disponible
4476,Fuente de alimentación Ubiquiti Max-236,Energía,Ubiquiti,Max-236,"Fuente de alimentación de Ubiquiti, modelo Max-236, diseñado para uso doméstico, empresarial o profesional.",724.53,94,Proveedor 14,Disponible
4477,Fuente de alimentación Intel Business-953,Energía,Intel,Business-953,"Fuente de alimentación de Intel, modelo Business-953, diseñado para uso doméstico, empresarial o profesional.",1276.97,48,Proveedor 05,Disponible
4478,Fuente de alimentación AMD Plus-881,Energía,AMD,Plus-881,"Fuente de alimentación de AMD, modelo Plus-881, diseñado para uso doméstico, empresarial o profesional.",17376.52,144,Proveedor 07,Disponible
4479,Inversor Cisco Enterprise-768,Energía,Cisco,Enterprise-768,"Inversor de Cisco, modelo Enterprise-768, diseñado para uso doméstico, empresarial o profesional.",19390.19,0,Proveedor 03,Agotado
4480,UPS Samsung Plus-500,Energía,Samsung,Plus-500,"UPS de Samsung, modelo Plus-500, diseñado para uso doméstico, empresarial o profesional.",2417.06,88,Proveedor 17,Disponible
4481,No break Tripp Lite Basic-321,Energía,Tripp Lite,Basic-321,"No break de Tripp Lite, modelo Basic-321, diseñado para uso doméstico, empresarial o profesional.",19045.26,130,Proveedor 19,Disponible
4482,No break Kingston Plus-753,Energía,Kingston,Plus-753,"No break de Kingston, modelo Plus-753, diseñado para uso doméstico, empresarial o profesional.",1595.72,72,Proveedor 02,Disponible
4483,Fuente de alimentación Epson Basic-456,Energía,Epson,Basic-456,"Fuente de alimentación de Epson, modelo Basic-456, diseñado para uso doméstico, empresarial o profesional.",8261.92,130,Proveedor 11,Disponible
4484,UPS Acer Enterprise-438,Energía,Acer,Enterprise-438,"UPS de Acer, modelo Enterprise-438, diseñado para uso doméstico, empresarial o profesional.",4020.91,26,Proveedor 09,Disponible
4485,Cargador universal Acer Ultra-417,Energía,Acer,Ultra-417,"Cargador universal de Acer, modelo Ultra-417, diseñado para uso doméstico, empresarial o profesional.",9297.11,90,Proveedor 17,Disponible
4486,No break Acer Basic-739,Energía,Acer,Basic-739,"No break de Acer, modelo Basic-739, diseñado para uso doméstico, empresarial o profesional.",12873.44,26,Proveedor 13,Disponible
4487,Cargador universal Samsung Ultra-388,Energía,Samsung,Ultra-388,"Cargador universal de Samsung, modelo Ultra-388, diseñado para uso doméstico, empresarial o profesional.",9085.73,124,Proveedor 15,Disponible
4488,Cargador universal Logitech Basic-193,Energía,Logitech,Basic-193,"Cargador universal de Logitech, modelo Basic-193, diseñado para uso doméstico, empresarial o profesional.",19250.82,9,Proveedor 05,Disponible
4489,PDU HP Ultra-720,Energía,HP,Ultra-720,"PDU de HP, modelo Ultra-720, diseñado para uso doméstico, empresarial o profesional.",10660.53,143,Proveedor 21,Disponible
4490,Batería Brother Business-205,Energía,Brother,Business-205,"Batería de Brother, modelo Business-205, diseñado para uso doméstico, empresarial o profesional.",8859.65,27,Proveedor 12,Disponible
4491,Cargador universal Huawei Ultra-918,Energía,Huawei,Ultra-918,"Cargador universal de Huawei, modelo Ultra-918, diseñado para uso doméstico, empresarial o profesional.",10467.84,108,Proveedor 04,Disponible
4492,UPS Intel Max-581,Energía,Intel,Max-581,"UPS de Intel, modelo Max-581, diseñado para uso doméstico, empresarial o profesional.",16575.38,98,Proveedor 15,Disponible
4493,Inversor Intel Business-829,Energía,Intel,Business-829,"Inversor de Intel, modelo Business-829, diseñado para uso doméstico, empresarial o profesional.",10546.0,50,Proveedor 06,Disponible
4494,Multicontacto Dell Ultra-990,Energía,Dell,Ultra-990,"Multicontacto de Dell, modelo Ultra-990, diseñado para uso doméstico, empresarial o profesional.",1073.27,82,Proveedor 01,Disponible
4495,Inversor Tripp Lite Pro-483,Energía,Tripp Lite,Pro-483,"Inversor de Tripp Lite, modelo Pro-483, diseñado para uso doméstico, empresarial o profesional.",3994.43,91,Proveedor 21,Disponible
4496,Cargador universal Dell Max-456,Energía,Dell,Max-456,"Cargador universal de Dell, modelo Max-456, diseñado para uso doméstico, empresarial o profesional.",8584.14,112,Proveedor 23,Disponible
4497,Regulador Tripp Lite Plus-352,Energía,Tripp Lite,Plus-352,"Regulador de Tripp Lite, modelo Plus-352, diseñado para uso doméstico, empresarial o profesional.",7453.73,61,Proveedor 08,Disponible
4498,Protector de voltaje Intel Enterprise-879,Energía,Intel,Enterprise-879,"Protector de voltaje de Intel, modelo Enterprise-879, diseñado para uso doméstico, empresarial o profesional.",10306.3,72,Proveedor 06,Disponible
4499,Multicontacto Huawei Business-245,Energía,Huawei,Business-245,"Multicontacto de Huawei, modelo Business-245, diseñado para uso doméstico, empresarial o profesional.",2111.72,123,Proveedor 11,Disponible
4500,Cargador universal Cisco Basic-797,Energía,Cisco,Basic-797,"Cargador universal de Cisco, modelo Basic-797, diseñado para uso doméstico, empresarial o profesional.",6772.45,68,Proveedor 14,Disponible
4501,Multicontacto Tripp Lite Ultra-719,Energía,Tripp Lite,Ultra-719,"Multicontacto de Tripp Lite, modelo Ultra-719, diseñado para uso doméstico, empresarial o profesional.",17412.89,1,Proveedor 25,Disponible
4502,Batería TP-Link Pro-907,Energía,TP-Link,Pro-907,"Batería de TP-Link, modelo Pro-907, diseñado para uso doméstico, empresarial o profesional.",10429.91,52,Proveedor 06,Disponible
4503,PDU ASUS Ultra-872,Energía,ASUS,Ultra-872,"PDU de ASUS, modelo Ultra-872, diseñado para uso doméstico, empresarial o profesional.",7838.91,143,Proveedor 21,Disponible
4504,Batería Logitech Plus-171,Energía,Logitech,Plus-171,"Batería de Logitech, modelo Plus-171, diseñado para uso doméstico, empresarial o profesional.",12849.93,15,Proveedor 06,Disponible
4505,Inversor Lenovo Enterprise-630,Energía,Lenovo,Enterprise-630,"Inversor de Lenovo, modelo Enterprise-630, diseñado para uso doméstico, empresarial o profesional.",7569.68,76,Proveedor 14,Disponible
4506,UPS Epson Basic-923,Energía,Epson,Basic-923,"UPS de Epson, modelo Basic-923, diseñado para uso doméstico, empresarial o profesional.",11001.28,48,Proveedor 01,Disponible
4507,Cargador universal Intel Ultra-228,Energía,Intel,Ultra-228,"Cargador universal de Intel, modelo Ultra-228, diseñado para uso doméstico, empresarial o profesional.",17748.52,2,Proveedor 21,Disponible
4508,PDU Epson Max-985,Energía,Epson,Max-985,"PDU de Epson, modelo Max-985, diseñado para uso doméstico, empresarial o profesional.",14371.74,42,Proveedor 16,Disponible
4509,PDU Brother Ultra-864,Energía,Brother,Ultra-864,"PDU de Brother, modelo Ultra-864, diseñado para uso doméstico, empresarial o profesional.",19015.0,29,Proveedor 04,Disponible
4510,Cargador universal Kingston Pro-426,Energía,Kingston,Pro-426,"Cargador universal de Kingston, modelo Pro-426, diseñado para uso doméstico, empresarial o profesional.",2783.37,123,Proveedor 21,Disponible
4511,Cargador universal Huawei Pro-101,Energía,Huawei,Pro-101,"Cargador universal de Huawei, modelo Pro-101, diseñado para uso doméstico, empresarial o profesional.",15659.6,15,Proveedor 01,Disponible
4512,PDU Dell Pro-174,Energía,Dell,Pro-174,"PDU de Dell, modelo Pro-174, diseñado para uso doméstico, empresarial o profesional.",1198.99,36,Proveedor 23,Disponible
4513,Fuente de alimentación Lenovo Pro-402,Energía,Lenovo,Pro-402,"Fuente de alimentación de Lenovo, modelo Pro-402, diseñado para uso doméstico, empresarial o profesional.",13583.93,125,Proveedor 07,Disponible
4514,No break LG Business-774,Energía,LG,Business-774,"No break de LG, modelo Business-774, diseñado para uso doméstico, empresarial o profesional.",9797.71,114,Proveedor 16,Disponible
4515,UPS AMD Enterprise-902,Energía,AMD,Enterprise-902,"UPS de AMD, modelo Enterprise-902, diseñado para uso doméstico, empresarial o profesional.",14308.33,109,Proveedor 04,Disponible
4516,Protector de voltaje Intel Business-586,Energía,Intel,Business-586,"Protector de voltaje de Intel, modelo Business-586, diseñado para uso doméstico, empresarial o profesional.",2389.64,93,Proveedor 23,Disponible
4517,Protector de voltaje Ubiquiti Plus-890,Energía,Ubiquiti,Plus-890,"Protector de voltaje de Ubiquiti, modelo Plus-890, diseñado para uso doméstico, empresarial o profesional.",8125.53,116,Proveedor 14,Disponible
4518,Fuente de alimentación Cisco Max-724,Energía,Cisco,Max-724,"Fuente de alimentación de Cisco, modelo Max-724, diseñado para uso doméstico, empresarial o profesional.",14537.73,96,Proveedor 17,Disponible
4519,Batería Acer Plus-897,Energía,Acer,Plus-897,"Batería de Acer, modelo Plus-897, diseñado para uso doméstico, empresarial o profesional.",5503.78,4,Proveedor 20,Disponible
4520,Inversor Lenovo Pro-943,Energía,Lenovo,Pro-943,"Inversor de Lenovo, modelo Pro-943, diseñado para uso doméstico, empresarial o profesional.",16832.61,35,Proveedor 22,Disponible
4521,Multicontacto LG Pro-899,Energía,LG,Pro-899,"Multicontacto de LG, modelo Pro-899, diseñado para uso doméstico, empresarial o profesional.",9313.14,51,Proveedor 23,Disponible
4522,Regulador Lenovo Enterprise-190,Energía,Lenovo,Enterprise-190,"Regulador de Lenovo, modelo Enterprise-190, diseñado para uso doméstico, empresarial o profesional.",11694.24,66,Proveedor 08,Disponible
4523,Protector de voltaje TP-Link Ultra-121,Energía,TP-Link,Ultra-121,"Protector de voltaje de TP-Link, modelo Ultra-121, diseñado para uso doméstico, empresarial o profesional.",7396.45,72,Proveedor 16,Disponible
4524,Batería Ubiquiti Basic-880,Energía,Ubiquiti,Basic-880,"Batería de Ubiquiti, modelo Basic-880, diseñado para uso doméstico, empresarial o profesional.",2501.85,126,Proveedor 21,Disponible
4525,Protector de voltaje HP Basic-436,Energía,HP,Basic-436,"Protector de voltaje de HP, modelo Basic-436, diseñado para uso doméstico, empresarial o profesional.",983.55,24,Proveedor 02,Disponible
4526,UPS Huawei Business-948,Energía,Huawei,Business-948,"UPS de Huawei, modelo Business-948, diseñado para uso doméstico, empresarial o profesional.",18213.23,107,Proveedor 01,Disponible
4527,No break APC Basic-237,Energía,APC,Basic-237,"No break de APC, modelo Basic-237, diseñado para uso doméstico, empresarial o profesional.",8176.18,143,Proveedor 19,Disponible
4528,Batería Logitech Enterprise-579,Energía,Logitech,Enterprise-579,"Batería de Logitech, modelo Enterprise-579, diseñado para uso doméstico, empresarial o profesional.",18217.27,116,Proveedor 18,Disponible
4529,Batería Epson Plus-395,Energía,Epson,Plus-395,"Batería de Epson, modelo Plus-395, diseñado para uso doméstico, empresarial o profesional.",10275.1,52,Proveedor 12,Disponible
4530,PDU Dell Max-291,Energía,Dell,Max-291,"PDU de Dell, modelo Max-291, diseñado para uso doméstico, empresarial o profesional.",2378.99,146,Proveedor 13,Disponible
4531,PDU Intel Basic-937,Energía,Intel,Basic-937,"PDU de Intel, modelo Basic-937, diseñado para uso doméstico, empresarial o profesional.",5229.94,62,Proveedor 23,Disponible
4532,Cargador universal Ubiquiti Business-496,Energía,Ubiquiti,Business-496,"Cargador universal de Ubiquiti, modelo Business-496, diseñado para uso doméstico, empresarial o profesional.",17098.01,61,Proveedor 05,Disponible
4533,No break Acer Basic-606,Energía,Acer,Basic-606,"No break de Acer, modelo Basic-606, diseñado para uso doméstico, empresarial o profesional.",13930.3,104,Proveedor 14,Disponible
4534,Inversor Lenovo Enterprise-630,Energía,Lenovo,Enterprise-630,"Inversor de Lenovo, modelo Enterprise-630, diseñado para uso doméstico, empresarial o profesional.",3054.24,100,Proveedor 18,Disponible
4535,Inversor Logitech Enterprise-706,Energía,Logitech,Enterprise-706,"Inversor de Logitech, modelo Enterprise-706, diseñado para uso doméstico, empresarial o profesional.",18057.42,127,Proveedor 22,Disponible
4536,Regulador Kingston Basic-140,Energía,Kingston,Basic-140,"Regulador de Kingston, modelo Basic-140, diseñado para uso doméstico, empresarial o profesional.",16264.17,36,Proveedor 01,Disponible
4537,Cargador universal Huawei Business-150,Energía,Huawei,Business-150,"Cargador universal de Huawei, modelo Business-150, diseñado para uso doméstico, empresarial o profesional.",1955.62,96,Proveedor 01,Disponible
4538,Inversor Dell Max-124,Energía,Dell,Max-124,"Inversor de Dell, modelo Max-124, diseñado para uso doméstico, empresarial o profesional.",11299.7,86,Proveedor 09,Disponible
4539,Batería Lenovo Ultra-998,Energía,Lenovo,Ultra-998,"Batería de Lenovo, modelo Ultra-998, diseñado para uso doméstico, empresarial o profesional.",2512.2,51,Proveedor 24,Disponible
4540,No break Acer Pro-427,Energía,Acer,Pro-427,"No break de Acer, modelo Pro-427, diseñado para uso doméstico, empresarial o profesional.",17997.36,55,Proveedor 13,Disponible
4541,Protector de voltaje Acer Enterprise-113,Energía,Acer,Enterprise-113,"Protector de voltaje de Acer, modelo Enterprise-113, diseñado para uso doméstico, empresarial o profesional.",2015.83,14,Proveedor 02,Disponible
4542,No break Intel Basic-638,Energía,Intel,Basic-638,"No break de Intel, modelo Basic-638, diseñado para uso doméstico, empresarial o profesional.",16459.92,150,Proveedor 08,Disponible
4543,UPS Tripp Lite Ultra-633,Energía,Tripp Lite,Ultra-633,"UPS de Tripp Lite, modelo Ultra-633, diseñado para uso doméstico, empresarial o profesional.",2500.67,0,Proveedor 10,Agotado
4544,Cargador universal Cisco Pro-639,Energía,Cisco,Pro-639,"Cargador universal de Cisco, modelo Pro-639, diseñado para uso doméstico, empresarial o profesional.",12963.02,59,Proveedor 11,Disponible
4545,Fuente de alimentación Dell Plus-656,Energía,Dell,Plus-656,"Fuente de alimentación de Dell, modelo Plus-656, diseñado para uso doméstico, empresarial o profesional.",17645.43,46,Proveedor 20,Disponible
4546,No break AMD Business-335,Energía,AMD,Business-335,"No break de AMD, modelo Business-335, diseñado para uso doméstico, empresarial o profesional.",1225.04,67,Proveedor 23,Disponible
4547,Batería Hikvision Ultra-534,Energía,Hikvision,Ultra-534,"Batería de Hikvision, modelo Ultra-534, diseñado para uso doméstico, empresarial o profesional.",1998.28,106,Proveedor 13,Disponible
4548,Regulador Tripp Lite Business-125,Energía,Tripp Lite,Business-125,"Regulador de Tripp Lite, modelo Business-125, diseñado para uso doméstico, empresarial o profesional.",10358.94,21,Proveedor 05,Disponible
4549,Regulador Ubiquiti Max-168,Energía,Ubiquiti,Max-168,"Regulador de Ubiquiti, modelo Max-168, diseñado para uso doméstico, empresarial o profesional.",7138.6,146,Proveedor 10,Disponible
4550,PDU Logitech Enterprise-568,Energía,Logitech,Enterprise-568,"PDU de Logitech, modelo Enterprise-568, diseñado para uso doméstico, empresarial o profesional.",16974.38,88,Proveedor 23,Disponible
4551,Batería Dell Enterprise-983,Energía,Dell,Enterprise-983,"Batería de Dell, modelo Enterprise-983, diseñado para uso doméstico, empresarial o profesional.",19957.84,9,Proveedor 12,Disponible
4552,Cargador universal Acer Business-898,Energía,Acer,Business-898,"Cargador universal de Acer, modelo Business-898, diseñado para uso doméstico, empresarial o profesional.",14898.22,2,Proveedor 20,Disponible
4553,Multicontacto Brother Pro-719,Energía,Brother,Pro-719,"Multicontacto de Brother, modelo Pro-719, diseñado para uso doméstico, empresarial o profesional.",9095.33,128,Proveedor 10,Disponible
4554,Regulador HP Max-698,Energía,HP,Max-698,"Regulador de HP, modelo Max-698, diseñado para uso doméstico, empresarial o profesional.",19751.85,78,Proveedor 05,Disponible
4555,Multicontacto AMD Pro-585,Energía,AMD,Pro-585,"Multicontacto de AMD, modelo Pro-585, diseñado para uso doméstico, empresarial o profesional.",19974.29,91,Proveedor 21,Disponible
4556,No break HP Ultra-931,Energía,HP,Ultra-931,"No break de HP, modelo Ultra-931, diseñado para uso doméstico, empresarial o profesional.",9844.98,122,Proveedor 23,Disponible
4557,UPS APC Ultra-590,Energía,APC,Ultra-590,"UPS de APC, modelo Ultra-590, diseñado para uso doméstico, empresarial o profesional.",8113.04,32,Proveedor 22,Disponible
4558,Cargador universal Tripp Lite Enterprise-321,Energía,Tripp Lite,Enterprise-321,"Cargador universal de Tripp Lite, modelo Enterprise-321, diseñado para uso doméstico, empresarial o profesional.",8331.05,60,Proveedor 14,Disponible
4559,Cargador universal APC Business-782,Energía,APC,Business-782,"Cargador universal de APC, modelo Business-782, diseñado para uso doméstico, empresarial o profesional.",7311.32,22,Proveedor 24,Disponible
4560,Multicontacto ASUS Ultra-511,Energía,ASUS,Ultra-511,"Multicontacto de ASUS, modelo Ultra-511, diseñado para uso doméstico, empresarial o profesional.",3644.98,40,Proveedor 06,Disponible
4561,Multicontacto Ubiquiti Ultra-554,Energía,Ubiquiti,Ultra-554,"Multicontacto de Ubiquiti, modelo Ultra-554, diseñado para uso doméstico, empresarial o profesional.",10415.78,131,Proveedor 01,Disponible
4562,Protector de voltaje Acer Ultra-759,Energía,Acer,Ultra-759,"Protector de voltaje de Acer, modelo Ultra-759, diseñado para uso doméstico, empresarial o profesional.",8092.37,101,Proveedor 11,Disponible
4563,Regulador ASUS Max-756,Energía,ASUS,Max-756,"Regulador de ASUS, modelo Max-756, diseñado para uso doméstico, empresarial o profesional.",12143.97,137,Proveedor 20,Disponible
4564,No break Hikvision Plus-694,Energía,Hikvision,Plus-694,"No break de Hikvision, modelo Plus-694, diseñado para uso doméstico, empresarial o profesional.",11778.71,81,Proveedor 19,Disponible
4565,Cargador universal HP Pro-431,Energía,HP,Pro-431,"Cargador universal de HP, modelo Pro-431, diseñado para uso doméstico, empresarial o profesional.",6992.62,122,Proveedor 16,Disponible
4566,PDU Lenovo Ultra-430,Energía,Lenovo,Ultra-430,"PDU de Lenovo, modelo Ultra-430, diseñado para uso doméstico, empresarial o profesional.",19497.0,126,Proveedor 13,Disponible
4567,Fuente de alimentación TP-Link Max-958,Energía,TP-Link,Max-958,"Fuente de alimentación de TP-Link, modelo Max-958, diseñado para uso doméstico, empresarial o profesional.",3962.23,142,Proveedor 12,Disponible
4568,Cargador universal TP-Link Plus-130,Energía,TP-Link,Plus-130,"Cargador universal de TP-Link, modelo Plus-130, diseñado para uso doméstico, empresarial o profesional.",18504.48,74,Proveedor 04,Disponible
4569,PDU HP Enterprise-496,Energía,HP,Enterprise-496,"PDU de HP, modelo Enterprise-496, diseñado para uso doméstico, empresarial o profesional.",6760.81,141,Proveedor 19,Disponible
4570,Batería Intel Basic-942,Energía,Intel,Basic-942,"Batería de Intel, modelo Basic-942, diseñado para uso doméstico, empresarial o profesional.",2996.73,90,Proveedor 13,Disponible
4571,Inversor Dell Max-645,Energía,Dell,Max-645,"Inversor de Dell, modelo Max-645, diseñado para uso doméstico, empresarial o profesional.",8967.67,29,Proveedor 10,Disponible
4572,Cargador universal Ubiquiti Basic-157,Energía,Ubiquiti,Basic-157,"Cargador universal de Ubiquiti, modelo Basic-157, diseñado para uso doméstico, empresarial o profesional.",17492.49,92,Proveedor 25,Disponible
4573,No break TP-Link Business-717,Energía,TP-Link,Business-717,"No break de TP-Link, modelo Business-717, diseñado para uso doméstico, empresarial o profesional.",3876.8,69,Proveedor 20,Disponible
4574,Regulador APC Ultra-674,Energía,APC,Ultra-674,"Regulador de APC, modelo Ultra-674, diseñado para uso doméstico, empresarial o profesional.",16746.6,125,Proveedor 12,Disponible
4575,PDU Cisco Business-338,Energía,Cisco,Business-338,"PDU de Cisco, modelo Business-338, diseñado para uso doméstico, empresarial o profesional.",12940.57,36,Proveedor 19,Disponible
4576,Batería TP-Link Basic-204,Energía,TP-Link,Basic-204,"Batería de TP-Link, modelo Basic-204, diseñado para uso doméstico, empresarial o profesional.",14688.96,38,Proveedor 11,Disponible
4577,No break Dell Business-619,Energía,Dell,Business-619,"No break de Dell, modelo Business-619, diseñado para uso doméstico, empresarial o profesional.",7980.64,9,Proveedor 16,Disponible
4578,Fuente de alimentación ASUS Max-872,Energía,ASUS,Max-872,"Fuente de alimentación de ASUS, modelo Max-872, diseñado para uso doméstico, empresarial o profesional.",19388.52,102,Proveedor 22,Disponible
4579,Protector de voltaje LG Pro-285,Energía,LG,Pro-285,"Protector de voltaje de LG, modelo Pro-285, diseñado para uso doméstico, empresarial o profesional.",3450.51,48,Proveedor 14,Disponible
4580,Protector de voltaje Acer Enterprise-221,Energía,Acer,Enterprise-221,"Protector de voltaje de Acer, modelo Enterprise-221, diseñado para uso doméstico, empresarial o profesional.",12771.26,4,Proveedor 13,Disponible
4581,Regulador Cisco Basic-901,Energía,Cisco,Basic-901,"Regulador de Cisco, modelo Basic-901, diseñado para uso doméstico, empresarial o profesional.",19056.46,50,Proveedor 01,Disponible
4582,Regulador Logitech Enterprise-276,Energía,Logitech,Enterprise-276,"Regulador de Logitech, modelo Enterprise-276, diseñado para uso doméstico, empresarial o profesional.",18117.8,108,Proveedor 05,Disponible
4583,Fuente de alimentación Intel Ultra-472,Energía,Intel,Ultra-472,"Fuente de alimentación de Intel, modelo Ultra-472, diseñado para uso doméstico, empresarial o profesional.",4974.56,73,Proveedor 01,Disponible
4584,Inversor Brother Enterprise-806,Energía,Brother,Enterprise-806,"Inversor de Brother, modelo Enterprise-806, diseñado para uso doméstico, empresarial o profesional.",2067.43,70,Proveedor 10,Disponible
4585,Multicontacto AMD Plus-517,Energía,AMD,Plus-517,"Multicontacto de AMD, modelo Plus-517, diseñado para uso doméstico, empresarial o profesional.",13646.21,126,Proveedor 09,Disponible
4586,No break Huawei Max-604,Energía,Huawei,Max-604,"No break de Huawei, modelo Max-604, diseñado para uso doméstico, empresarial o profesional.",15832.47,92,Proveedor 21,Disponible
4587,Fuente de alimentación Logitech Plus-324,Energía,Logitech,Plus-324,"Fuente de alimentación de Logitech, modelo Plus-324, diseñado para uso doméstico, empresarial o profesional.",5274.12,16,Proveedor 09,Disponible
4588,Multicontacto Ubiquiti Max-649,Energía,Ubiquiti,Max-649,"Multicontacto de Ubiquiti, modelo Max-649, diseñado para uso doméstico, empresarial o profesional.",13337.54,107,Proveedor 12,Disponible
4589,Cargador universal Acer Business-865,Energía,Acer,Business-865,"Cargador universal de Acer, modelo Business-865, diseñado para uso doméstico, empresarial o profesional.",17483.47,129,Proveedor 07,Disponible
4590,Fuente de alimentación Tripp Lite Business-976,Energía,Tripp Lite,Business-976,"Fuente de alimentación de Tripp Lite, modelo Business-976, diseñado para uso doméstico, empresarial o profesional.",4765.66,90,Proveedor 21,Disponible
4591,Cargador universal Ubiquiti Business-263,Energía,Ubiquiti,Business-263,"Cargador universal de Ubiquiti, modelo Business-263, diseñado para uso doméstico, empresarial o profesional.",17129.85,126,Proveedor 07,Disponible
4592,Multicontacto Huawei Enterprise-406,Energía,Huawei,Enterprise-406,"Multicontacto de Huawei, modelo Enterprise-406, diseñado para uso doméstico, empresarial o profesional.",10472.31,61,Proveedor 05,Disponible
4593,No break Hikvision Ultra-473,Energía,Hikvision,Ultra-473,"No break de Hikvision, modelo Ultra-473, diseñado para uso doméstico, empresarial o profesional.",10609.37,1,Proveedor 17,Disponible
4594,Protector de voltaje Kingston Pro-262,Energía,Kingston,Pro-262,"Protector de voltaje de Kingston, modelo Pro-262, diseñado para uso doméstico, empresarial o profesional.",15519.51,104,Proveedor 25,Disponible
4595,Protector de voltaje Tripp Lite Pro-772,Energía,Tripp Lite,Pro-772,"Protector de voltaje de Tripp Lite, modelo Pro-772, diseñado para uso doméstico, empresarial o profesional.",16625.13,64,Proveedor 10,Disponible
4596,Batería Ubiquiti Max-807,Energía,Ubiquiti,Max-807,"Batería de Ubiquiti, modelo Max-807, diseñado para uso doméstico, empresarial o profesional.",6910.03,137,Proveedor 02,Disponible
4597,Inversor TP-Link Enterprise-841,Energía,TP-Link,Enterprise-841,"Inversor de TP-Link, modelo Enterprise-841, diseñado para uso doméstico, empresarial o profesional.",15861.3,81,Proveedor 02,Disponible
4598,Inversor Cisco Max-279,Energía,Cisco,Max-279,"Inversor de Cisco, modelo Max-279, diseñado para uso doméstico, empresarial o profesional.",10757.23,102,Proveedor 15,Disponible
4599,Regulador TP-Link Basic-568,Energía,TP-Link,Basic-568,"Regulador de TP-Link, modelo Basic-568, diseñado para uso doméstico, empresarial o profesional.",4142.21,44,Proveedor 25,Disponible
4600,Protector de voltaje Acer Max-146,Energía,Acer,Max-146,"Protector de voltaje de Acer, modelo Max-146, diseñado para uso doméstico, empresarial o profesional.",14014.62,114,Proveedor 08,Disponible
4601,PDU Lenovo Enterprise-704,Energía,Lenovo,Enterprise-704,"PDU de Lenovo, modelo Enterprise-704, diseñado para uso doméstico, empresarial o profesional.",6465.96,88,Proveedor 22,Disponible
4602,No break Epson Max-129,Energía,Epson,Max-129,"No break de Epson, modelo Max-129, diseñado para uso doméstico, empresarial o profesional.",1502.85,35,Proveedor 11,Disponible
4603,Cargador universal LG Basic-462,Energía,LG,Basic-462,"Cargador universal de LG, modelo Basic-462, diseñado para uso doméstico, empresarial o profesional.",1009.42,33,Proveedor 23,Disponible
4604,No break Kingston Plus-123,Energía,Kingston,Plus-123,"No break de Kingston, modelo Plus-123, diseñado para uso doméstico, empresarial o profesional.",13244.19,143,Proveedor 04,Disponible
4605,Fuente de alimentación Acer Plus-332,Energía,Acer,Plus-332,"Fuente de alimentación de Acer, modelo Plus-332, diseñado para uso doméstico, empresarial o profesional.",17723.19,35,Proveedor 15,Disponible
4606,Protector de voltaje Logitech Enterprise-800,Energía,Logitech,Enterprise-800,"Protector de voltaje de Logitech, modelo Enterprise-800, diseñado para uso doméstico, empresarial o profesional.",13811.63,59,Proveedor 08,Disponible
4607,PDU AMD Enterprise-952,Energía,AMD,Enterprise-952,"PDU de AMD, modelo Enterprise-952, diseñado para uso doméstico, empresarial o profesional.",15229.04,48,Proveedor 03,Disponible
4608,UPS HP Pro-344,Energía,HP,Pro-344,"UPS de HP, modelo Pro-344, diseñado para uso doméstico, empresarial o profesional.",13222.2,147,Proveedor 01,Disponible
4609,Fuente de alimentación ASUS Ultra-466,Energía,ASUS,Ultra-466,"Fuente de alimentación de ASUS, modelo Ultra-466, diseñado para uso doméstico, empresarial o profesional.",3896.85,117,Proveedor 09,Disponible
4610,Regulador Tripp Lite Ultra-960,Energía,Tripp Lite,Ultra-960,"Regulador de Tripp Lite, modelo Ultra-960, diseñado para uso doméstico, empresarial o profesional.",13593.97,46,Proveedor 22,Disponible
4611,Inversor HP Business-152,Energía,HP,Business-152,"Inversor de HP, modelo Business-152, diseñado para uso doméstico, empresarial o profesional.",10590.56,126,Proveedor 08,Disponible
4612,Cargador universal Acer Max-832,Energía,Acer,Max-832,"Cargador universal de Acer, modelo Max-832, diseñado para uso doméstico, empresarial o profesional.",13618.72,89,Proveedor 10,Disponible
4613,Inversor Dell Plus-747,Energía,Dell,Plus-747,"Inversor de Dell, modelo Plus-747, diseñado para uso doméstico, empresarial o profesional.",15192.83,10,Proveedor 20,Disponible
4614,UPS Intel Pro-431,Energía,Intel,Pro-431,"UPS de Intel, modelo Pro-431, diseñado para uso doméstico, empresarial o profesional.",2101.9,122,Proveedor 22,Disponible
4615,Fuente de alimentación LG Enterprise-466,Energía,LG,Enterprise-466,"Fuente de alimentación de LG, modelo Enterprise-466, diseñado para uso doméstico, empresarial o profesional.",6425.12,56,Proveedor 23,Disponible
4616,PDU Cisco Enterprise-527,Energía,Cisco,Enterprise-527,"PDU de Cisco, modelo Enterprise-527, diseñado para uso doméstico, empresarial o profesional.",2930.32,47,Proveedor 18,Disponible
4617,UPS Ubiquiti Ultra-304,Energía,Ubiquiti,Ultra-304,"UPS de Ubiquiti, modelo Ultra-304, diseñado para uso doméstico, empresarial o profesional.",5137.15,64,Proveedor 13,Disponible
4618,UPS Lenovo Enterprise-188,Energía,Lenovo,Enterprise-188,"UPS de Lenovo, modelo Enterprise-188, diseñado para uso doméstico, empresarial o profesional.",13439.06,121,Proveedor 12,Disponible
4619,Multicontacto ASUS Enterprise-535,Energía,ASUS,Enterprise-535,"Multicontacto de ASUS, modelo Enterprise-535, diseñado para uso doméstico, empresarial o profesional.",5332.23,25,Proveedor 06,Disponible
4620,Multicontacto TP-Link Max-363,Energía,TP-Link,Max-363,"Multicontacto de TP-Link, modelo Max-363, diseñado para uso doméstico, empresarial o profesional.",10632.95,130,Proveedor 21,Disponible
4621,PDU Huawei Pro-114,Energía,Huawei,Pro-114,"PDU de Huawei, modelo Pro-114, diseñado para uso doméstico, empresarial o profesional.",11885.82,15,Proveedor 14,Disponible
4622,Protector de voltaje Epson Basic-717,Energía,Epson,Basic-717,"Protector de voltaje de Epson, modelo Basic-717, diseñado para uso doméstico, empresarial o profesional.",16687.1,61,Proveedor 01,Disponible
4623,Batería AMD Max-444,Energía,AMD,Max-444,"Batería de AMD, modelo Max-444, diseñado para uso doméstico, empresarial o profesional.",19008.95,111,Proveedor 24,Disponible
4624,PDU Cisco Plus-443,Energía,Cisco,Plus-443,"PDU de Cisco, modelo Plus-443, diseñado para uso doméstico, empresarial o profesional.",891.6,84,Proveedor 24,Disponible
4625,Protector de voltaje Intel Max-246,Energía,Intel,Max-246,"Protector de voltaje de Intel, modelo Max-246, diseñado para uso doméstico, empresarial o profesional.",18374.28,32,Proveedor 22,Disponible
4626,Multicontacto Hikvision Pro-792,Energía,Hikvision,Pro-792,"Multicontacto de Hikvision, modelo Pro-792, diseñado para uso doméstico, empresarial o profesional.",16125.62,44,Proveedor 25,Disponible
4627,Batería Logitech Enterprise-334,Energía,Logitech,Enterprise-334,"Batería de Logitech, modelo Enterprise-334, diseñado para uso doméstico, empresarial o profesional.",16598.75,135,Proveedor 18,Disponible
4628,Cargador universal Cisco Plus-614,Energía,Cisco,Plus-614,"Cargador universal de Cisco, modelo Plus-614, diseñado para uso doméstico, empresarial o profesional.",7047.09,23,Proveedor 22,Disponible
4629,Fuente de alimentación Lenovo Basic-248,Energía,Lenovo,Basic-248,"Fuente de alimentación de Lenovo, modelo Basic-248, diseñado para uso doméstico, empresarial o profesional.",7543.62,62,Proveedor 13,Disponible
4630,Fuente de alimentación LG Basic-979,Energía,LG,Basic-979,"Fuente de alimentación de LG, modelo Basic-979, diseñado para uso doméstico, empresarial o profesional.",13670.56,141,Proveedor 06,Disponible
4631,Batería HP Pro-361,Energía,HP,Pro-361,"Batería de HP, modelo Pro-361, diseñado para uso doméstico, empresarial o profesional.",2867.16,92,Proveedor 25,Disponible
4632,Inversor Hikvision Ultra-577,Energía,Hikvision,Ultra-577,"Inversor de Hikvision, modelo Ultra-577, diseñado para uso doméstico, empresarial o profesional.",3899.91,16,Proveedor 04,Disponible
4633,Inversor Kingston Max-124,Energía,Kingston,Max-124,"Inversor de Kingston, modelo Max-124, diseñado para uso doméstico, empresarial o profesional.",15032.62,66,Proveedor 07,Disponible
4634,UPS APC Enterprise-824,Energía,APC,Enterprise-824,"UPS de APC, modelo Enterprise-824, diseñado para uso doméstico, empresarial o profesional.",4261.68,76,Proveedor 08,Disponible
4635,Multicontacto AMD Plus-330,Energía,AMD,Plus-330,"Multicontacto de AMD, modelo Plus-330, diseñado para uso doméstico, empresarial o profesional.",18328.19,21,Proveedor 02,Disponible
4636,Regulador Intel Ultra-595,Energía,Intel,Ultra-595,"Regulador de Intel, modelo Ultra-595, diseñado para uso doméstico, empresarial o profesional.",2594.37,27,Proveedor 11,Disponible
4637,No break Ubiquiti Pro-799,Energía,Ubiquiti,Pro-799,"No break de Ubiquiti, modelo Pro-799, diseñado para uso doméstico, empresarial o profesional.",11794.79,119,Proveedor 20,Disponible
4638,Regulador Huawei Enterprise-447,Energía,Huawei,Enterprise-447,"Regulador de Huawei, modelo Enterprise-447, diseñado para uso doméstico, empresarial o profesional.",16225.73,115,Proveedor 07,Disponible
4639,Regulador APC Basic-962,Energía,APC,Basic-962,"Regulador de APC, modelo Basic-962, diseñado para uso doméstico, empresarial o profesional.",8690.37,21,Proveedor 24,Disponible
4640,No break APC Ultra-334,Energía,APC,Ultra-334,"No break de APC, modelo Ultra-334, diseñado para uso doméstico, empresarial o profesional.",16446.91,39,Proveedor 06,Disponible
4641,UPS Intel Max-352,Energía,Intel,Max-352,"UPS de Intel, modelo Max-352, diseñado para uso doméstico, empresarial o profesional.",8092.14,19,Proveedor 11,Disponible
4642,PDU Acer Business-571,Energía,Acer,Business-571,"PDU de Acer, modelo Business-571, diseñado para uso doméstico, empresarial o profesional.",8844.2,123,Proveedor 04,Disponible
4643,No break LG Pro-678,Energía,LG,Pro-678,"No break de LG, modelo Pro-678, diseñado para uso doméstico, empresarial o profesional.",10398.43,115,Proveedor 16,Disponible
4644,No break Hikvision Business-399,Energía,Hikvision,Business-399,"No break de Hikvision, modelo Business-399, diseñado para uso doméstico, empresarial o profesional.",7088.58,20,Proveedor 12,Disponible
4645,Batería Cisco Plus-380,Energía,Cisco,Plus-380,"Batería de Cisco, modelo Plus-380, diseñado para uso doméstico, empresarial o profesional.",6526.47,2,Proveedor 06,Disponible
4646,No break Lenovo Enterprise-761,Energía,Lenovo,Enterprise-761,"No break de Lenovo, modelo Enterprise-761, diseñado para uso doméstico, empresarial o profesional.",7701.35,133,Proveedor 08,Disponible
4647,Cargador universal Brother Max-727,Energía,Brother,Max-727,"Cargador universal de Brother, modelo Max-727, diseñado para uso doméstico, empresarial o profesional.",925.75,54,Proveedor 24,Disponible
4648,Fuente de alimentación LG Basic-274,Energía,LG,Basic-274,"Fuente de alimentación de LG, modelo Basic-274, diseñado para uso doméstico, empresarial o profesional.",11990.3,128,Proveedor 13,Disponible
4649,PDU Huawei Basic-343,Energía,Huawei,Basic-343,"PDU de Huawei, modelo Basic-343, diseñado para uso doméstico, empresarial o profesional.",13059.34,12,Proveedor 09,Disponible
4650,No break AMD Enterprise-836,Energía,AMD,Enterprise-836,"No break de AMD, modelo Enterprise-836, diseñado para uso doméstico, empresarial o profesional.",15826.41,69,Proveedor 14,Disponible
4651,PDU LG Plus-740,Energía,LG,Plus-740,"PDU de LG, modelo Plus-740, diseñado para uso doméstico, empresarial o profesional.",1608.95,37,Proveedor 08,Disponible
4652,Multicontacto Tripp Lite Max-198,Energía,Tripp Lite,Max-198,"Multicontacto de Tripp Lite, modelo Max-198, diseñado para uso doméstico, empresarial o profesional.",1131.91,62,Proveedor 18,Disponible
4653,Regulador Hikvision Pro-173,Energía,Hikvision,Pro-173,"Regulador de Hikvision, modelo Pro-173, diseñado para uso doméstico, empresarial o profesional.",1207.25,80,Proveedor 04,Disponible
4654,Batería Epson Plus-484,Energía,Epson,Plus-484,"Batería de Epson, modelo Plus-484, diseñado para uso doméstico, empresarial o profesional.",1437.1,139,Proveedor 10,Disponible
4655,Regulador Lenovo Basic-200,Energía,Lenovo,Basic-200,"Regulador de Lenovo, modelo Basic-200, diseñado para uso doméstico, empresarial o profesional.",4891.67,140,Proveedor 06,Disponible
4656,Inversor Epson Pro-132,Energía,Epson,Pro-132,"Inversor de Epson, modelo Pro-132, diseñado para uso doméstico, empresarial o profesional.",15476.23,50,Proveedor 22,Disponible
4657,UPS Huawei Max-224,Energía,Huawei,Max-224,"UPS de Huawei, modelo Max-224, diseñado para uso doméstico, empresarial o profesional.",14542.38,105,Proveedor 08,Disponible
4658,Multicontacto TP-Link Pro-650,Energía,TP-Link,Pro-650,"Multicontacto de TP-Link, modelo Pro-650, diseñado para uso doméstico, empresarial o profesional.",11415.47,22,Proveedor 21,Disponible
4659,PDU Epson Business-489,Energía,Epson,Business-489,"PDU de Epson, modelo Business-489, diseñado para uso doméstico, empresarial o profesional.",12104.6,119,Proveedor 24,Disponible
4660,Cargador universal Intel Business-413,Energía,Intel,Business-413,"Cargador universal de Intel, modelo Business-413, diseñado para uso doméstico, empresarial o profesional.",13048.32,109,Proveedor 16,Disponible
4661,Regulador Cisco Basic-123,Energía,Cisco,Basic-123,"Regulador de Cisco, modelo Basic-123, diseñado para uso doméstico, empresarial o profesional.",7233.37,20,Proveedor 09,Disponible
4662,UPS Cisco Ultra-109,Energía,Cisco,Ultra-109,"UPS de Cisco, modelo Ultra-109, diseñado para uso doméstico, empresarial o profesional.",9270.85,111,Proveedor 08,Disponible
4663,Fuente de alimentación Tripp Lite Plus-992,Energía,Tripp Lite,Plus-992,"Fuente de alimentación de Tripp Lite, modelo Plus-992, diseñado para uso doméstico, empresarial o profesional.",15936.97,136,Proveedor 20,Disponible
4664,Inversor HP Pro-321,Energía,HP,Pro-321,"Inversor de HP, modelo Pro-321, diseñado para uso doméstico, empresarial o profesional.",9310.86,135,Proveedor 12,Disponible
4665,UPS HP Enterprise-698,Energía,HP,Enterprise-698,"UPS de HP, modelo Enterprise-698, diseñado para uso doméstico, empresarial o profesional.",15131.13,67,Proveedor 21,Disponible
4666,Fuente de alimentación LG Plus-472,Energía,LG,Plus-472,"Fuente de alimentación de LG, modelo Plus-472, diseñado para uso doméstico, empresarial o profesional.",8551.24,120,Proveedor 05,Disponible
4667,Protector de voltaje Huawei Plus-446,Energía,Huawei,Plus-446,"Protector de voltaje de Huawei, modelo Plus-446, diseñado para uso doméstico, empresarial o profesional.",7942.33,29,Proveedor 20,Disponible
4668,Regulador Hikvision Ultra-610,Energía,Hikvision,Ultra-610,"Regulador de Hikvision, modelo Ultra-610, diseñado para uso doméstico, empresarial o profesional.",1795.38,112,Proveedor 15,Disponible
4669,UPS APC Max-525,Energía,APC,Max-525,"UPS de APC, modelo Max-525, diseñado para uso doméstico, empresarial o profesional.",15064.15,108,Proveedor 08,Disponible
4670,Protector de voltaje LG Ultra-209,Energía,LG,Ultra-209,"Protector de voltaje de LG, modelo Ultra-209, diseñado para uso doméstico, empresarial o profesional.",2905.82,102,Proveedor 25,Disponible
4671,Multicontacto Hikvision Max-324,Energía,Hikvision,Max-324,"Multicontacto de Hikvision, modelo Max-324, diseñado para uso doméstico, empresarial o profesional.",18814.12,95,Proveedor 12,Disponible
4672,PDU Acer Ultra-200,Energía,Acer,Ultra-200,"PDU de Acer, modelo Ultra-200, diseñado para uso doméstico, empresarial o profesional.",4113.04,134,Proveedor 16,Disponible
4673,Fuente de alimentación Cisco Pro-846,Energía,Cisco,Pro-846,"Fuente de alimentación de Cisco, modelo Pro-846, diseñado para uso doméstico, empresarial o profesional.",3010.85,73,Proveedor 22,Disponible
4674,Multicontacto Dell Plus-404,Energía,Dell,Plus-404,"Multicontacto de Dell, modelo Plus-404, diseñado para uso doméstico, empresarial o profesional.",15802.31,97,Proveedor 06,Disponible
4675,PDU Ubiquiti Pro-844,Energía,Ubiquiti,Pro-844,"PDU de Ubiquiti, modelo Pro-844, diseñado para uso doméstico, empresarial o profesional.",4563.64,75,Proveedor 22,Disponible
4676,UPS Dell Enterprise-568,Energía,Dell,Enterprise-568,"UPS de Dell, modelo Enterprise-568, diseñado para uso doméstico, empresarial o profesional.",8467.9,24,Proveedor 22,Disponible
4677,Fuente de alimentación ASUS Business-787,Energía,ASUS,Business-787,"Fuente de alimentación de ASUS, modelo Business-787, diseñado para uso doméstico, empresarial o profesional.",2269.76,47,Proveedor 10,Disponible
4678,Cargador universal Epson Basic-715,Energía,Epson,Basic-715,"Cargador universal de Epson, modelo Basic-715, diseñado para uso doméstico, empresarial o profesional.",8086.45,136,Proveedor 24,Disponible
4679,Multicontacto Acer Ultra-368,Energía,Acer,Ultra-368,"Multicontacto de Acer, modelo Ultra-368, diseñado para uso doméstico, empresarial o profesional.",9714.16,64,Proveedor 13,Disponible
4680,Inversor Huawei Max-678,Energía,Huawei,Max-678,"Inversor de Huawei, modelo Max-678, diseñado para uso doméstico, empresarial o profesional.",7903.11,130,Proveedor 16,Disponible
4681,No break Acer Ultra-664,Energía,Acer,Ultra-664,"No break de Acer, modelo Ultra-664, diseñado para uso doméstico, empresarial o profesional.",11284.97,59,Proveedor 01,Disponible
4682,No break Logitech Max-325,Energía,Logitech,Max-325,"No break de Logitech, modelo Max-325, diseñado para uso doméstico, empresarial o profesional.",9856.82,58,Proveedor 13,Disponible
4683,Batería Dell Enterprise-452,Energía,Dell,Enterprise-452,"Batería de Dell, modelo Enterprise-452, diseñado para uso doméstico, empresarial o profesional.",11638.9,46,Proveedor 24,Disponible
4684,Regulador AMD Basic-777,Energía,AMD,Basic-777,"Regulador de AMD, modelo Basic-777, diseñado para uso doméstico, empresarial o profesional.",12966.02,123,Proveedor 02,Disponible
4685,Multicontacto Samsung Max-328,Energía,Samsung,Max-328,"Multicontacto de Samsung, modelo Max-328, diseñado para uso doméstico, empresarial o profesional.",5783.15,11,Proveedor 09,Disponible
4686,No break Huawei Business-802,Energía,Huawei,Business-802,"No break de Huawei, modelo Business-802, diseñado para uso doméstico, empresarial o profesional.",3116.79,24,Proveedor 03,Disponible
4687,Cargador universal Hikvision Pro-231,Energía,Hikvision,Pro-231,"Cargador universal de Hikvision, modelo Pro-231, diseñado para uso doméstico, empresarial o profesional.",10392.87,71,Proveedor 16,Disponible
4688,UPS APC Pro-120,Energía,APC,Pro-120,"UPS de APC, modelo Pro-120, diseñado para uso doméstico, empresarial o profesional.",1978.23,29,Proveedor 15,Disponible
4689,Protector de voltaje Huawei Business-154,Energía,Huawei,Business-154,"Protector de voltaje de Huawei, modelo Business-154, diseñado para uso doméstico, empresarial o profesional.",16997.65,122,Proveedor 11,Disponible
4690,PDU APC Max-846,Energía,APC,Max-846,"PDU de APC, modelo Max-846, diseñado para uso doméstico, empresarial o profesional.",15853.66,133,Proveedor 21,Disponible
4691,Fuente de alimentación Intel Ultra-391,Energía,Intel,Ultra-391,"Fuente de alimentación de Intel, modelo Ultra-391, diseñado para uso doméstico, empresarial o profesional.",11737.3,114,Proveedor 20,Disponible
4692,Protector de voltaje Cisco Plus-265,Energía,Cisco,Plus-265,"Protector de voltaje de Cisco, modelo Plus-265, diseñado para uso doméstico, empresarial o profesional.",18614.71,34,Proveedor 04,Disponible
4693,PDU HP Basic-385,Energía,HP,Basic-385,"PDU de HP, modelo Basic-385, diseñado para uso doméstico, empresarial o profesional.",11039.13,104,Proveedor 11,Disponible
4694,Multicontacto LG Max-855,Energía,LG,Max-855,"Multicontacto de LG, modelo Max-855, diseñado para uso doméstico, empresarial o profesional.",2124.69,136,Proveedor 22,Disponible
4695,UPS TP-Link Ultra-178,Energía,TP-Link,Ultra-178,"UPS de TP-Link, modelo Ultra-178, diseñado para uso doméstico, empresarial o profesional.",9977.19,80,Proveedor 14,Disponible
4696,Batería HP Ultra-304,Energía,HP,Ultra-304,"Batería de HP, modelo Ultra-304, diseñado para uso doméstico, empresarial o profesional.",16624.54,43,Proveedor 20,Disponible
4697,PDU LG Enterprise-460,Energía,LG,Enterprise-460,"PDU de LG, modelo Enterprise-460, diseñado para uso doméstico, empresarial o profesional.",9110.47,45,Proveedor 24,Disponible
4698,Multicontacto HP Ultra-711,Energía,HP,Ultra-711,"Multicontacto de HP, modelo Ultra-711, diseñado para uso doméstico, empresarial o profesional.",6275.49,105,Proveedor 07,Disponible
4699,PDU Tripp Lite Max-172,Energía,Tripp Lite,Max-172,"PDU de Tripp Lite, modelo Max-172, diseñado para uso doméstico, empresarial o profesional.",2001.43,54,Proveedor 17,Disponible
4700,Protector de voltaje Intel Max-154,Energía,Intel,Max-154,"Protector de voltaje de Intel, modelo Max-154, diseñado para uso doméstico, empresarial o profesional.",7991.29,42,Proveedor 23,Disponible
4701,No break HP Enterprise-312,Energía,HP,Enterprise-312,"No break de HP, modelo Enterprise-312, diseñado para uso doméstico, empresarial o profesional.",12949.29,3,Proveedor 16,Disponible
4702,UPS Ubiquiti Ultra-456,Energía,Ubiquiti,Ultra-456,"UPS de Ubiquiti, modelo Ultra-456, diseñado para uso doméstico, empresarial o profesional.",3973.37,43,Proveedor 04,Disponible
4703,Multicontacto Epson Enterprise-807,Energía,Epson,Enterprise-807,"Multicontacto de Epson, modelo Enterprise-807, diseñado para uso doméstico, empresarial o profesional.",4090.78,30,Proveedor 08,Disponible
4704,UPS Brother Max-981,Energía,Brother,Max-981,"UPS de Brother, modelo Max-981, diseñado para uso doméstico, empresarial o profesional.",10655.95,68,Proveedor 19,Disponible
4705,No break Cisco Plus-805,Energía,Cisco,Plus-805,"No break de Cisco, modelo Plus-805, diseñado para uso doméstico, empresarial o profesional.",12140.51,14,Proveedor 08,Disponible
4706,PDU ASUS Max-465,Energía,ASUS,Max-465,"PDU de ASUS, modelo Max-465, diseñado para uso doméstico, empresarial o profesional.",15057.27,95,Proveedor 17,Disponible
4707,Inversor APC Pro-449,Energía,APC,Pro-449,"Inversor de APC, modelo Pro-449, diseñado para uso doméstico, empresarial o profesional.",13973.18,60,Proveedor 22,Disponible
4708,Protector de voltaje Intel Max-876,Energía,Intel,Max-876,"Protector de voltaje de Intel, modelo Max-876, diseñado para uso doméstico, empresarial o profesional.",16659.58,39,Proveedor 16,Disponible
4709,Fuente de alimentación Acer Max-747,Energía,Acer,Max-747,"Fuente de alimentación de Acer, modelo Max-747, diseñado para uso doméstico, empresarial o profesional.",3294.01,82,Proveedor 25,Disponible
4710,Inversor HP Ultra-928,Energía,HP,Ultra-928,"Inversor de HP, modelo Ultra-928, diseñado para uso doméstico, empresarial o profesional.",5628.5,47,Proveedor 11,Disponible
4711,Cargador universal Dell Business-856,Energía,Dell,Business-856,"Cargador universal de Dell, modelo Business-856, diseñado para uso doméstico, empresarial o profesional.",16900.09,65,Proveedor 16,Disponible
4712,Multicontacto ASUS Basic-938,Energía,ASUS,Basic-938,"Multicontacto de ASUS, modelo Basic-938, diseñado para uso doméstico, empresarial o profesional.",14138.5,46,Proveedor 23,Disponible
4713,Batería Huawei Enterprise-138,Energía,Huawei,Enterprise-138,"Batería de Huawei, modelo Enterprise-138, diseñado para uso doméstico, empresarial o profesional.",2649.91,138,Proveedor 13,Disponible
4714,Batería Intel Max-367,Energía,Intel,Max-367,"Batería de Intel, modelo Max-367, diseñado para uso doméstico, empresarial o profesional.",7320.65,25,Proveedor 07,Disponible
4715,Cargador universal Logitech Plus-339,Energía,Logitech,Plus-339,"Cargador universal de Logitech, modelo Plus-339, diseñado para uso doméstico, empresarial o profesional.",2102.87,99,Proveedor 07,Disponible
4716,No break AMD Pro-108,Energía,AMD,Pro-108,"No break de AMD, modelo Pro-108, diseñado para uso doméstico, empresarial o profesional.",17921.44,120,Proveedor 20,Disponible
4717,Multicontacto APC Business-854,Energía,APC,Business-854,"Multicontacto de APC, modelo Business-854, diseñado para uso doméstico, empresarial o profesional.",6919.08,11,Proveedor 21,Disponible
4718,Protector de voltaje Ubiquiti Business-777,Energía,Ubiquiti,Business-777,"Protector de voltaje de Ubiquiti, modelo Business-777, diseñado para uso doméstico, empresarial o profesional.",6290.61,148,Proveedor 18,Disponible
4719,PDU Lenovo Business-384,Energía,Lenovo,Business-384,"PDU de Lenovo, modelo Business-384, diseñado para uso doméstico, empresarial o profesional.",18314.66,8,Proveedor 18,Disponible
4720,Protector de voltaje AMD Enterprise-280,Energía,AMD,Enterprise-280,"Protector de voltaje de AMD, modelo Enterprise-280, diseñado para uso doméstico, empresarial o profesional.",14126.71,117,Proveedor 16,Disponible
4721,Batería Samsung Business-878,Energía,Samsung,Business-878,"Batería de Samsung, modelo Business-878, diseñado para uso doméstico, empresarial o profesional.",18533.15,107,Proveedor 13,Disponible
4722,Cargador universal Dell Basic-998,Energía,Dell,Basic-998,"Cargador universal de Dell, modelo Basic-998, diseñado para uso doméstico, empresarial o profesional.",4322.37,120,Proveedor 07,Disponible
4723,Multicontacto Hikvision Basic-589,Energía,Hikvision,Basic-589,"Multicontacto de Hikvision, modelo Basic-589, diseñado para uso doméstico, empresarial o profesional.",13925.11,30,Proveedor 16,Disponible
4724,Batería Kingston Basic-823,Energía,Kingston,Basic-823,"Batería de Kingston, modelo Basic-823, diseñado para uso doméstico, empresarial o profesional.",18417.66,78,Proveedor 05,Disponible
4725,Regulador ASUS Business-971,Energía,ASUS,Business-971,"Regulador de ASUS, modelo Business-971, diseñado para uso doméstico, empresarial o profesional.",18915.65,24,Proveedor 23,Disponible
4726,Protector de voltaje APC Enterprise-959,Energía,APC,Enterprise-959,"Protector de voltaje de APC, modelo Enterprise-959, diseñado para uso doméstico, empresarial o profesional.",14506.42,15,Proveedor 14,Disponible
4727,Batería ASUS Business-340,Energía,ASUS,Business-340,"Batería de ASUS, modelo Business-340, diseñado para uso doméstico, empresarial o profesional.",8819.12,78,Proveedor 01,Disponible
4728,UPS Tripp Lite Basic-764,Energía,Tripp Lite,Basic-764,"UPS de Tripp Lite, modelo Basic-764, diseñado para uso doméstico, empresarial o profesional.",15870.33,74,Proveedor 09,Disponible
4729,Regulador Kingston Enterprise-666,Energía,Kingston,Enterprise-666,"Regulador de Kingston, modelo Enterprise-666, diseñado para uso doméstico, empresarial o profesional.",17484.15,69,Proveedor 05,Disponible
4730,No break ASUS Business-386,Energía,ASUS,Business-386,"No break de ASUS, modelo Business-386, diseñado para uso doméstico, empresarial o profesional.",5081.85,94,Proveedor 01,Disponible
4731,Protector de voltaje Kingston Ultra-521,Energía,Kingston,Ultra-521,"Protector de voltaje de Kingston, modelo Ultra-521, diseñado para uso doméstico, empresarial o profesional.",7182.99,23,Proveedor 04,Disponible
4732,Cargador universal Ubiquiti Business-166,Energía,Ubiquiti,Business-166,"Cargador universal de Ubiquiti, modelo Business-166, diseñado para uso doméstico, empresarial o profesional.",19602.53,106,Proveedor 09,Disponible
4733,No break AMD Enterprise-689,Energía,AMD,Enterprise-689,"No break de AMD, modelo Enterprise-689, diseñado para uso doméstico, empresarial o profesional.",5878.89,79,Proveedor 16,Disponible
4734,Inversor Acer Max-652,Energía,Acer,Max-652,"Inversor de Acer, modelo Max-652, diseñado para uso doméstico, empresarial o profesional.",12495.81,16,Proveedor 07,Disponible
4735,PDU Cisco Plus-418,Energía,Cisco,Plus-418,"PDU de Cisco, modelo Plus-418, diseñado para uso doméstico, empresarial o profesional.",16658.66,34,Proveedor 10,Disponible
4736,Inversor Dell Business-748,Energía,Dell,Business-748,"Inversor de Dell, modelo Business-748, diseñado para uso doméstico, empresarial o profesional.",12565.89,130,Proveedor 06,Disponible
4737,Multicontacto Dell Business-941,Energía,Dell,Business-941,"Multicontacto de Dell, modelo Business-941, diseñado para uso doméstico, empresarial o profesional.",15653.06,6,Proveedor 21,Disponible
4738,Batería Samsung Ultra-427,Energía,Samsung,Ultra-427,"Batería de Samsung, modelo Ultra-427, diseñado para uso doméstico, empresarial o profesional.",12425.93,46,Proveedor 24,Disponible
4739,Protector de voltaje Intel Pro-136,Energía,Intel,Pro-136,"Protector de voltaje de Intel, modelo Pro-136, diseñado para uso doméstico, empresarial o profesional.",12774.92,44,Proveedor 08,Disponible
4740,PDU Huawei Business-490,Energía,Huawei,Business-490,"PDU de Huawei, modelo Business-490, diseñado para uso doméstico, empresarial o profesional.",8797.45,108,Proveedor 20,Disponible
4741,Regulador ASUS Max-455,Energía,ASUS,Max-455,"Regulador de ASUS, modelo Max-455, diseñado para uso doméstico, empresarial o profesional.",4866.12,137,Proveedor 13,Disponible
4742,UPS Intel Plus-195,Energía,Intel,Plus-195,"UPS de Intel, modelo Plus-195, diseñado para uso doméstico, empresarial o profesional.",16736.6,138,Proveedor 25,Disponible
4743,Batería AMD Business-116,Energía,AMD,Business-116,"Batería de AMD, modelo Business-116, diseñado para uso doméstico, empresarial o profesional.",16756.55,59,Proveedor 10,Disponible
4744,Regulador Logitech Business-746,Energía,Logitech,Business-746,"Regulador de Logitech, modelo Business-746, diseñado para uso doméstico, empresarial o profesional.",17208.57,75,Proveedor 01,Disponible
4745,Multicontacto Ubiquiti Business-281,Energía,Ubiquiti,Business-281,"Multicontacto de Ubiquiti, modelo Business-281, diseñado para uso doméstico, empresarial o profesional.",10369.65,48,Proveedor 09,Disponible
4746,Multicontacto Acer Pro-925,Energía,Acer,Pro-925,"Multicontacto de Acer, modelo Pro-925, diseñado para uso doméstico, empresarial o profesional.",6173.18,132,Proveedor 18,Disponible
4747,Protector de voltaje Epson Pro-363,Energía,Epson,Pro-363,"Protector de voltaje de Epson, modelo Pro-363, diseñado para uso doméstico, empresarial o profesional.",4371.57,94,Proveedor 04,Disponible
4748,Cargador universal Huawei Ultra-726,Energía,Huawei,Ultra-726,"Cargador universal de Huawei, modelo Ultra-726, diseñado para uso doméstico, empresarial o profesional.",5274.44,9,Proveedor 17,Disponible
4749,Multicontacto LG Enterprise-394,Energía,LG,Enterprise-394,"Multicontacto de LG, modelo Enterprise-394, diseñado para uso doméstico, empresarial o profesional.",3720.63,63,Proveedor 24,Disponible
4750,Cargador universal ASUS Ultra-735,Energía,ASUS,Ultra-735,"Cargador universal de ASUS, modelo Ultra-735, diseñado para uso doméstico, empresarial o profesional.",18908.11,141,Proveedor 11,Disponible
4751,Inversor TP-Link Ultra-375,Energía,TP-Link,Ultra-375,"Inversor de TP-Link, modelo Ultra-375, diseñado para uso doméstico, empresarial o profesional.",4283.0,5,Proveedor 19,Disponible
4752,Inversor ASUS Enterprise-973,Energía,ASUS,Enterprise-973,"Inversor de ASUS, modelo Enterprise-973, diseñado para uso doméstico, empresarial o profesional.",11298.99,133,Proveedor 20,Disponible
4753,Inversor AMD Plus-591,Energía,AMD,Plus-591,"Inversor de AMD, modelo Plus-591, diseñado para uso doméstico, empresarial o profesional.",16909.68,2,Proveedor 08,Disponible
4754,Protector de voltaje Ubiquiti Enterprise-719,Energía,Ubiquiti,Enterprise-719,"Protector de voltaje de Ubiquiti, modelo Enterprise-719, diseñado para uso doméstico, empresarial o profesional.",17504.08,108,Proveedor 10,Disponible
4755,Inversor Acer Plus-715,Energía,Acer,Plus-715,"Inversor de Acer, modelo Plus-715, diseñado para uso doméstico, empresarial o profesional.",2148.49,120,Proveedor 13,Disponible
4756,Inversor Cisco Plus-568,Energía,Cisco,Plus-568,"Inversor de Cisco, modelo Plus-568, diseñado para uso doméstico, empresarial o profesional.",2710.87,140,Proveedor 17,Disponible
4757,Batería TP-Link Basic-880,Energía,TP-Link,Basic-880,"Batería de TP-Link, modelo Basic-880, diseñado para uso doméstico, empresarial o profesional.",11940.38,150,Proveedor 11,Disponible
4758,Fuente de alimentación Lenovo Max-620,Energía,Lenovo,Max-620,"Fuente de alimentación de Lenovo, modelo Max-620, diseñado para uso doméstico, empresarial o profesional.",19003.41,54,Proveedor 09,Disponible
4759,Fuente de alimentación AMD Business-511,Energía,AMD,Business-511,"Fuente de alimentación de AMD, modelo Business-511, diseñado para uso doméstico, empresarial o profesional.",13422.5,132,Proveedor 14,Disponible
4760,Multicontacto Hikvision Max-651,Energía,Hikvision,Max-651,"Multicontacto de Hikvision, modelo Max-651, diseñado para uso doméstico, empresarial o profesional.",12322.99,66,Proveedor 15,Disponible
4761,No break Ubiquiti Business-209,Energía,Ubiquiti,Business-209,"No break de Ubiquiti, modelo Business-209, diseñado para uso doméstico, empresarial o profesional.",9287.13,5,Proveedor 14,Disponible
4762,Protector de voltaje Cisco Basic-966,Energía,Cisco,Basic-966,"Protector de voltaje de Cisco, modelo Basic-966, diseñado para uso doméstico, empresarial o profesional.",5402.03,112,Proveedor 03,Disponible
4763,UPS TP-Link Enterprise-320,Energía,TP-Link,Enterprise-320,"UPS de TP-Link, modelo Enterprise-320, diseñado para uso doméstico, empresarial o profesional.",16018.81,66,Proveedor 23,Disponible
4764,PDU HP Plus-501,Energía,HP,Plus-501,"PDU de HP, modelo Plus-501, diseñado para uso doméstico, empresarial o profesional.",9738.58,91,Proveedor 14,Disponible
4765,Multicontacto Samsung Basic-768,Energía,Samsung,Basic-768,"Multicontacto de Samsung, modelo Basic-768, diseñado para uso doméstico, empresarial o profesional.",6939.45,138,Proveedor 24,Disponible
4766,Cargador universal Ubiquiti Basic-802,Energía,Ubiquiti,Basic-802,"Cargador universal de Ubiquiti, modelo Basic-802, diseñado para uso doméstico, empresarial o profesional.",2144.46,125,Proveedor 22,Disponible
4767,Fuente de alimentación Logitech Max-840,Energía,Logitech,Max-840,"Fuente de alimentación de Logitech, modelo Max-840, diseñado para uso doméstico, empresarial o profesional.",13741.04,52,Proveedor 10,Disponible
4768,Batería LG Max-755,Energía,LG,Max-755,"Batería de LG, modelo Max-755, diseñado para uso doméstico, empresarial o profesional.",19671.81,147,Proveedor 17,Disponible
4769,Inversor TP-Link Plus-431,Energía,TP-Link,Plus-431,"Inversor de TP-Link, modelo Plus-431, diseñado para uso doméstico, empresarial o profesional.",15249.51,4,Proveedor 21,Disponible
4770,Inversor Ubiquiti Ultra-977,Energía,Ubiquiti,Ultra-977,"Inversor de Ubiquiti, modelo Ultra-977, diseñado para uso doméstico, empresarial o profesional.",14221.34,58,Proveedor 16,Disponible
4771,Inversor Kingston Basic-238,Energía,Kingston,Basic-238,"Inversor de Kingston, modelo Basic-238, diseñado para uso doméstico, empresarial o profesional.",16540.27,67,Proveedor 06,Disponible
4772,Cargador universal Ubiquiti Basic-582,Energía,Ubiquiti,Basic-582,"Cargador universal de Ubiquiti, modelo Basic-582, diseñado para uso doméstico, empresarial o profesional.",16670.92,137,Proveedor 19,Disponible
4773,Regulador Samsung Enterprise-556,Energía,Samsung,Enterprise-556,"Regulador de Samsung, modelo Enterprise-556, diseñado para uso doméstico, empresarial o profesional.",2706.34,8,Proveedor 05,Disponible
4774,Inversor Cisco Enterprise-798,Energía,Cisco,Enterprise-798,"Inversor de Cisco, modelo Enterprise-798, diseñado para uso doméstico, empresarial o profesional.",17220.49,137,Proveedor 11,Disponible
4775,PDU Ubiquiti Business-276,Energía,Ubiquiti,Business-276,"PDU de Ubiquiti, modelo Business-276, diseñado para uso doméstico, empresarial o profesional.",15172.51,77,Proveedor 17,Disponible
4776,UPS Ubiquiti Enterprise-874,Energía,Ubiquiti,Enterprise-874,"UPS de Ubiquiti, modelo Enterprise-874, diseñado para uso doméstico, empresarial o profesional.",5175.02,73,Proveedor 19,Disponible
4777,Batería Ubiquiti Enterprise-672,Energía,Ubiquiti,Enterprise-672,"Batería de Ubiquiti, modelo Enterprise-672, diseñado para uso doméstico, empresarial o profesional.",17396.4,98,Proveedor 07,Disponible
4778,Inversor APC Plus-326,Energía,APC,Plus-326,"Inversor de APC, modelo Plus-326, diseñado para uso doméstico, empresarial o profesional.",624.17,21,Proveedor 01,Disponible
4779,UPS Lenovo Ultra-662,Energía,Lenovo,Ultra-662,"UPS de Lenovo, modelo Ultra-662, diseñado para uso doméstico, empresarial o profesional.",11667.59,85,Proveedor 03,Disponible
4780,Protector de voltaje Acer Basic-877,Energía,Acer,Basic-877,"Protector de voltaje de Acer, modelo Basic-877, diseñado para uso doméstico, empresarial o profesional.",6055.43,128,Proveedor 12,Disponible
4781,Regulador Brother Ultra-458,Energía,Brother,Ultra-458,"Regulador de Brother, modelo Ultra-458, diseñado para uso doméstico, empresarial o profesional.",10602.57,121,Proveedor 02,Disponible
4782,Batería Huawei Plus-524,Energía,Huawei,Plus-524,"Batería de Huawei, modelo Plus-524, diseñado para uso doméstico, empresarial o profesional.",3146.95,49,Proveedor 24,Disponible
4783,Multicontacto Acer Plus-411,Energía,Acer,Plus-411,"Multicontacto de Acer, modelo Plus-411, diseñado para uso doméstico, empresarial o profesional.",13680.06,54,Proveedor 21,Disponible
4784,Protector de voltaje Logitech Ultra-620,Energía,Logitech,Ultra-620,"Protector de voltaje de Logitech, modelo Ultra-620, diseñado para uso doméstico, empresarial o profesional.",15672.44,96,Proveedor 24,Disponible
4785,Batería Epson Basic-650,Energía,Epson,Basic-650,"Batería de Epson, modelo Basic-650, diseñado para uso doméstico, empresarial o profesional.",1670.8,38,Proveedor 07,Disponible
4786,Batería LG Ultra-795,Energía,LG,Ultra-795,"Batería de LG, modelo Ultra-795, diseñado para uso doméstico, empresarial o profesional.",8578.16,122,Proveedor 23,Disponible
4787,No break Hikvision Pro-958,Energía,Hikvision,Pro-958,"No break de Hikvision, modelo Pro-958, diseñado para uso doméstico, empresarial o profesional.",2699.63,114,Proveedor 10,Disponible
4788,Fuente de alimentación LG Ultra-572,Energía,LG,Ultra-572,"Fuente de alimentación de LG, modelo Ultra-572, diseñado para uso doméstico, empresarial o profesional.",17751.3,44,Proveedor 22,Disponible
4789,Multicontacto Lenovo Ultra-350,Energía,Lenovo,Ultra-350,"Multicontacto de Lenovo, modelo Ultra-350, diseñado para uso doméstico, empresarial o profesional.",18878.22,113,Proveedor 18,Disponible
4790,Inversor Cisco Max-728,Energía,Cisco,Max-728,"Inversor de Cisco, modelo Max-728, diseñado para uso doméstico, empresarial o profesional.",18059.14,141,Proveedor 20,Disponible
4791,PDU Brother Plus-902,Energía,Brother,Plus-902,"PDU de Brother, modelo Plus-902, diseñado para uso doméstico, empresarial o profesional.",10041.96,95,Proveedor 20,Disponible
4792,Fuente de alimentación Kingston Business-345,Energía,Kingston,Business-345,"Fuente de alimentación de Kingston, modelo Business-345, diseñado para uso doméstico, empresarial o profesional.",18833.74,128,Proveedor 23,Disponible
4793,Inversor Lenovo Max-462,Energía,Lenovo,Max-462,"Inversor de Lenovo, modelo Max-462, diseñado para uso doméstico, empresarial o profesional.",17006.72,114,Proveedor 24,Disponible
4794,PDU Logitech Enterprise-990,Energía,Logitech,Enterprise-990,"PDU de Logitech, modelo Enterprise-990, diseñado para uso doméstico, empresarial o profesional.",793.05,61,Proveedor 16,Disponible
4795,Multicontacto Hikvision Ultra-670,Energía,Hikvision,Ultra-670,"Multicontacto de Hikvision, modelo Ultra-670, diseñado para uso doméstico, empresarial o profesional.",9637.57,6,Proveedor 09,Disponible
4796,Regulador TP-Link Enterprise-591,Energía,TP-Link,Enterprise-591,"Regulador de TP-Link, modelo Enterprise-591, diseñado para uso doméstico, empresarial o profesional.",8569.7,90,Proveedor 03,Disponible
4797,Fuente de alimentación AMD Ultra-459,Energía,AMD,Ultra-459,"Fuente de alimentación de AMD, modelo Ultra-459, diseñado para uso doméstico, empresarial o profesional.",4194.49,22,Proveedor 03,Disponible
4798,Inversor Brother Enterprise-312,Energía,Brother,Enterprise-312,"Inversor de Brother, modelo Enterprise-312, diseñado para uso doméstico, empresarial o profesional.",13121.88,53,Proveedor 02,Disponible
4799,Protector de voltaje Intel Basic-907,Energía,Intel,Basic-907,"Protector de voltaje de Intel, modelo Basic-907, diseñado para uso doméstico, empresarial o profesional.",888.28,11,Proveedor 19,Disponible
4800,Fuente de alimentación Cisco Enterprise-518,Energía,Cisco,Enterprise-518,"Fuente de alimentación de Cisco, modelo Enterprise-518, diseñado para uso doméstico, empresarial o profesional.",7608.86,91,Proveedor 24,Disponible
4801,Cargador universal Lenovo Pro-862,Energía,Lenovo,Pro-862,"Cargador universal de Lenovo, modelo Pro-862, diseñado para uso doméstico, empresarial o profesional.",5987.47,67,Proveedor 11,Disponible
4802,Batería APC Enterprise-441,Energía,APC,Enterprise-441,"Batería de APC, modelo Enterprise-441, diseñado para uso doméstico, empresarial o profesional.",13180.21,108,Proveedor 12,Disponible
4803,Batería Samsung Pro-305,Energía,Samsung,Pro-305,"Batería de Samsung, modelo Pro-305, diseñado para uso doméstico, empresarial o profesional.",17332.15,33,Proveedor 14,Disponible
4804,Multicontacto Cisco Business-799,Energía,Cisco,Business-799,"Multicontacto de Cisco, modelo Business-799, diseñado para uso doméstico, empresarial o profesional.",18329.58,3,Proveedor 02,Disponible
4805,Fuente de alimentación Hikvision Basic-975,Energía,Hikvision,Basic-975,"Fuente de alimentación de Hikvision, modelo Basic-975, diseñado para uso doméstico, empresarial o profesional.",19990.91,20,Proveedor 03,Disponible
4806,No break Epson Enterprise-415,Energía,Epson,Enterprise-415,"No break de Epson, modelo Enterprise-415, diseñado para uso doméstico, empresarial o profesional.",11802.06,92,Proveedor 14,Disponible
4807,UPS Dell Max-805,Energía,Dell,Max-805,"UPS de Dell, modelo Max-805, diseñado para uso doméstico, empresarial o profesional.",15366.32,128,Proveedor 19,Disponible
4808,Protector de voltaje Huawei Enterprise-421,Energía,Huawei,Enterprise-421,"Protector de voltaje de Huawei, modelo Enterprise-421, diseñado para uso doméstico, empresarial o profesional.",19873.96,22,Proveedor 18,Disponible
4809,UPS Samsung Max-320,Energía,Samsung,Max-320,"UPS de Samsung, modelo Max-320, diseñado para uso doméstico, empresarial o profesional.",15040.3,114,Proveedor 09,Disponible
4810,Multicontacto Ubiquiti Basic-419,Energía,Ubiquiti,Basic-419,"Multicontacto de Ubiquiti, modelo Basic-419, diseñado para uso doméstico, empresarial o profesional.",14670.78,120,Proveedor 15,Disponible
4811,Multicontacto Dell Max-758,Energía,Dell,Max-758,"Multicontacto de Dell, modelo Max-758, diseñado para uso doméstico, empresarial o profesional.",15341.27,104,Proveedor 17,Disponible
4812,PDU TP-Link Plus-837,Energía,TP-Link,Plus-837,"PDU de TP-Link, modelo Plus-837, diseñado para uso doméstico, empresarial o profesional.",9365.78,149,Proveedor 14,Disponible
4813,Multicontacto Huawei Max-250,Energía,Huawei,Max-250,"Multicontacto de Huawei, modelo Max-250, diseñado para uso doméstico, empresarial o profesional.",14236.35,4,Proveedor 24,Disponible
4814,Inversor Lenovo Plus-513,Energía,Lenovo,Plus-513,"Inversor de Lenovo, modelo Plus-513, diseñado para uso doméstico, empresarial o profesional.",7026.1,150,Proveedor 12,Disponible
4815,No break APC Business-733,Energía,APC,Business-733,"No break de APC, modelo Business-733, diseñado para uso doméstico, empresarial o profesional.",1589.04,42,Proveedor 23,Disponible
4816,Batería Epson Basic-847,Energía,Epson,Basic-847,"Batería de Epson, modelo Basic-847, diseñado para uso doméstico, empresarial o profesional.",3814.49,47,Proveedor 16,Disponible
4817,Multicontacto Kingston Enterprise-117,Energía,Kingston,Enterprise-117,"Multicontacto de Kingston, modelo Enterprise-117, diseñado para uso doméstico, empresarial o profesional.",6482.03,123,Proveedor 22,Disponible
4818,Batería AMD Max-532,Energía,AMD,Max-532,"Batería de AMD, modelo Max-532, diseñado para uso doméstico, empresarial o profesional.",3701.02,39,Proveedor 03,Disponible
4819,Fuente de alimentación Cisco Plus-168,Energía,Cisco,Plus-168,"Fuente de alimentación de Cisco, modelo Plus-168, diseñado para uso doméstico, empresarial o profesional.",4521.56,22,Proveedor 18,Disponible
4820,Multicontacto Huawei Basic-415,Energía,Huawei,Basic-415,"Multicontacto de Huawei, modelo Basic-415, diseñado para uso doméstico, empresarial o profesional.",9819.93,115,Proveedor 08,Disponible
4821,Batería Tripp Lite Max-958,Energía,Tripp Lite,Max-958,"Batería de Tripp Lite, modelo Max-958, diseñado para uso doméstico, empresarial o profesional.",2033.2,116,Proveedor 24,Disponible
4822,Cargador universal Samsung Pro-367,Energía,Samsung,Pro-367,"Cargador universal de Samsung, modelo Pro-367, diseñado para uso doméstico, empresarial o profesional.",9240.34,77,Proveedor 05,Disponible
4823,No break Acer Plus-720,Energía,Acer,Plus-720,"No break de Acer, modelo Plus-720, diseñado para uso doméstico, empresarial o profesional.",5433.5,26,Proveedor 01,Disponible
4824,Regulador Epson Enterprise-616,Energía,Epson,Enterprise-616,"Regulador de Epson, modelo Enterprise-616, diseñado para uso doméstico, empresarial o profesional.",9746.8,57,Proveedor 12,Disponible
4825,UPS Tripp Lite Business-798,Energía,Tripp Lite,Business-798,"UPS de Tripp Lite, modelo Business-798, diseñado para uso doméstico, empresarial o profesional.",14068.71,104,Proveedor 14,Disponible
4826,Fuente de alimentación Brother Ultra-409,Energía,Brother,Ultra-409,"Fuente de alimentación de Brother, modelo Ultra-409, diseñado para uso doméstico, empresarial o profesional.",2136.36,23,Proveedor 07,Disponible
4827,Inversor Dell Max-790,Energía,Dell,Max-790,"Inversor de Dell, modelo Max-790, diseñado para uso doméstico, empresarial o profesional.",3961.0,36,Proveedor 12,Disponible
4828,Cargador universal LG Pro-373,Energía,LG,Pro-373,"Cargador universal de LG, modelo Pro-373, diseñado para uso doméstico, empresarial o profesional.",18038.86,107,Proveedor 25,Disponible
4829,Inversor Tripp Lite Enterprise-180,Energía,Tripp Lite,Enterprise-180,"Inversor de Tripp Lite, modelo Enterprise-180, diseñado para uso doméstico, empresarial o profesional.",7147.92,134,Proveedor 25,Disponible
4830,Cargador universal LG Business-271,Energía,LG,Business-271,"Cargador universal de LG, modelo Business-271, diseñado para uso doméstico, empresarial o profesional.",13951.89,125,Proveedor 18,Disponible
4831,Protector de voltaje Samsung Plus-997,Energía,Samsung,Plus-997,"Protector de voltaje de Samsung, modelo Plus-997, diseñado para uso doméstico, empresarial o profesional.",12546.7,14,Proveedor 19,Disponible
4832,Cargador universal Kingston Business-793,Energía,Kingston,Business-793,"Cargador universal de Kingston, modelo Business-793, diseñado para uso doméstico, empresarial o profesional.",15924.65,19,Proveedor 06,Disponible
4833,Cargador universal Huawei Plus-469,Energía,Huawei,Plus-469,"Cargador universal de Huawei, modelo Plus-469, diseñado para uso doméstico, empresarial o profesional.",16201.11,28,Proveedor 13,Disponible
4834,PDU LG Enterprise-735,Energía,LG,Enterprise-735,"PDU de LG, modelo Enterprise-735, diseñado para uso doméstico, empresarial o profesional.",3761.84,137,Proveedor 07,Disponible
4835,UPS Intel Pro-418,Energía,Intel,Pro-418,"UPS de Intel, modelo Pro-418, diseñado para uso doméstico, empresarial o profesional.",10766.75,146,Proveedor 03,Disponible
4836,Cargador universal Cisco Business-156,Energía,Cisco,Business-156,"Cargador universal de Cisco, modelo Business-156, diseñado para uso doméstico, empresarial o profesional.",19856.86,136,Proveedor 03,Disponible
4837,Fuente de alimentación Huawei Pro-365,Energía,Huawei,Pro-365,"Fuente de alimentación de Huawei, modelo Pro-365, diseñado para uso doméstico, empresarial o profesional.",2760.92,44,Proveedor 10,Disponible
4838,Regulador HP Business-722,Energía,HP,Business-722,"Regulador de HP, modelo Business-722, diseñado para uso doméstico, empresarial o profesional.",17556.96,147,Proveedor 15,Disponible
4839,Batería Cisco Enterprise-701,Energía,Cisco,Enterprise-701,"Batería de Cisco, modelo Enterprise-701, diseñado para uso doméstico, empresarial o profesional.",14776.23,26,Proveedor 06,Disponible
4840,UPS APC Plus-258,Energía,APC,Plus-258,"UPS de APC, modelo Plus-258, diseñado para uso doméstico, empresarial o profesional.",9575.59,49,Proveedor 10,Disponible
4841,UPS Dell Plus-841,Energía,Dell,Plus-841,"UPS de Dell, modelo Plus-841, diseñado para uso doméstico, empresarial o profesional.",8181.15,50,Proveedor 08,Disponible
4842,UPS Samsung Business-464,Energía,Samsung,Business-464,"UPS de Samsung, modelo Business-464, diseñado para uso doméstico, empresarial o profesional.",7408.25,13,Proveedor 03,Disponible
4843,Inversor Epson Basic-294,Energía,Epson,Basic-294,"Inversor de Epson, modelo Basic-294, diseñado para uso doméstico, empresarial o profesional.",1413.0,78,Proveedor 10,Disponible
4844,No break Hikvision Ultra-645,Energía,Hikvision,Ultra-645,"No break de Hikvision, modelo Ultra-645, diseñado para uso doméstico, empresarial o profesional.",1987.03,25,Proveedor 02,Disponible
4845,Protector de voltaje Ubiquiti Plus-728,Energía,Ubiquiti,Plus-728,"Protector de voltaje de Ubiquiti, modelo Plus-728, diseñado para uso doméstico, empresarial o profesional.",11093.33,80,Proveedor 11,Disponible
4846,PDU Ubiquiti Business-959,Energía,Ubiquiti,Business-959,"PDU de Ubiquiti, modelo Business-959, diseñado para uso doméstico, empresarial o profesional.",14231.43,60,Proveedor 24,Disponible
4847,Fuente de alimentación Samsung Plus-222,Energía,Samsung,Plus-222,"Fuente de alimentación de Samsung, modelo Plus-222, diseñado para uso doméstico, empresarial o profesional.",15715.94,47,Proveedor 20,Disponible
4848,Protector de voltaje HP Pro-516,Energía,HP,Pro-516,"Protector de voltaje de HP, modelo Pro-516, diseñado para uso doméstico, empresarial o profesional.",18790.5,68,Proveedor 11,Disponible
4849,Regulador Cisco Ultra-414,Energía,Cisco,Ultra-414,"Regulador de Cisco, modelo Ultra-414, diseñado para uso doméstico, empresarial o profesional.",13767.61,26,Proveedor 01,Disponible
4850,Multicontacto HP Business-866,Energía,HP,Business-866,"Multicontacto de HP, modelo Business-866, diseñado para uso doméstico, empresarial o profesional.",7803.29,97,Proveedor 23,Disponible
4851,Protector de voltaje Dell Basic-160,Energía,Dell,Basic-160,"Protector de voltaje de Dell, modelo Basic-160, diseñado para uso doméstico, empresarial o profesional.",17929.64,134,Proveedor 21,Disponible
4852,Regulador ASUS Business-356,Energía,ASUS,Business-356,"Regulador de ASUS, modelo Business-356, diseñado para uso doméstico, empresarial o profesional.",2896.45,31,Proveedor 13,Disponible
4853,Cargador universal Lenovo Ultra-944,Energía,Lenovo,Ultra-944,"Cargador universal de Lenovo, modelo Ultra-944, diseñado para uso doméstico, empresarial o profesional.",10193.29,32,Proveedor 05,Disponible
4854,UPS Brother Plus-753,Energía,Brother,Plus-753,"UPS de Brother, modelo Plus-753, diseñado para uso doméstico, empresarial o profesional.",8191.64,97,Proveedor 20,Disponible
4855,Protector de voltaje Huawei Pro-131,Energía,Huawei,Pro-131,"Protector de voltaje de Huawei, modelo Pro-131, diseñado para uso doméstico, empresarial o profesional.",10699.29,69,Proveedor 16,Disponible
4856,Protector de voltaje Dell Business-103,Energía,Dell,Business-103,"Protector de voltaje de Dell, modelo Business-103, diseñado para uso doméstico, empresarial o profesional.",469.67,145,Proveedor 08,Disponible
4857,Regulador LG Ultra-232,Energía,LG,Ultra-232,"Regulador de LG, modelo Ultra-232, diseñado para uso doméstico, empresarial o profesional.",15261.25,141,Proveedor 21,Disponible
4858,PDU Cisco Business-306,Energía,Cisco,Business-306,"PDU de Cisco, modelo Business-306, diseñado para uso doméstico, empresarial o profesional.",3368.54,7,Proveedor 02,Disponible
4859,PDU Logitech Max-447,Energía,Logitech,Max-447,"PDU de Logitech, modelo Max-447, diseñado para uso doméstico, empresarial o profesional.",12409.77,32,Proveedor 09,Disponible
4860,Batería Tripp Lite Ultra-225,Energía,Tripp Lite,Ultra-225,"Batería de Tripp Lite, modelo Ultra-225, diseñado para uso doméstico, empresarial o profesional.",3108.77,89,Proveedor 03,Disponible
4861,Fuente de alimentación Samsung Pro-834,Energía,Samsung,Pro-834,"Fuente de alimentación de Samsung, modelo Pro-834, diseñado para uso doméstico, empresarial o profesional.",16275.19,84,Proveedor 22,Disponible
4862,Cargador universal TP-Link Business-250,Energía,TP-Link,Business-250,"Cargador universal de TP-Link, modelo Business-250, diseñado para uso doméstico, empresarial o profesional.",18292.17,132,Proveedor 13,Disponible
4863,No break Huawei Basic-394,Energía,Huawei,Basic-394,"No break de Huawei, modelo Basic-394, diseñado para uso doméstico, empresarial o profesional.",11160.26,44,Proveedor 06,Disponible
4864,Fuente de alimentación TP-Link Ultra-901,Energía,TP-Link,Ultra-901,"Fuente de alimentación de TP-Link, modelo Ultra-901, diseñado para uso doméstico, empresarial o profesional.",7332.59,76,Proveedor 16,Disponible
4865,Fuente de alimentación Hikvision Enterprise-508,Energía,Hikvision,Enterprise-508,"Fuente de alimentación de Hikvision, modelo Enterprise-508, diseñado para uso doméstico, empresarial o profesional.",13928.65,87,Proveedor 02,Disponible
4866,Protector de voltaje TP-Link Plus-991,Energía,TP-Link,Plus-991,"Protector de voltaje de TP-Link, modelo Plus-991, diseñado para uso doméstico, empresarial o profesional.",1897.77,128,Proveedor 24,Disponible
4867,Protector de voltaje APC Plus-546,Energía,APC,Plus-546,"Protector de voltaje de APC, modelo Plus-546, diseñado para uso doméstico, empresarial o profesional.",7994.82,66,Proveedor 07,Disponible
4868,No break HP Ultra-437,Energía,HP,Ultra-437,"No break de HP, modelo Ultra-437, diseñado para uso doméstico, empresarial o profesional.",12633.35,90,Proveedor 14,Disponible
4869,Regulador Epson Max-672,Energía,Epson,Max-672,"Regulador de Epson, modelo Max-672, diseñado para uso doméstico, empresarial o profesional.",9969.71,130,Proveedor 17,Disponible
4870,PDU Huawei Plus-535,Energía,Huawei,Plus-535,"PDU de Huawei, modelo Plus-535, diseñado para uso doméstico, empresarial o profesional.",14020.82,60,Proveedor 03,Disponible
4871,Batería Huawei Business-153,Energía,Huawei,Business-153,"Batería de Huawei, modelo Business-153, diseñado para uso doméstico, empresarial o profesional.",8479.64,32,Proveedor 05,Disponible
4872,Protector de voltaje TP-Link Basic-200,Energía,TP-Link,Basic-200,"Protector de voltaje de TP-Link, modelo Basic-200, diseñado para uso doméstico, empresarial o profesional.",16037.45,49,Proveedor 18,Disponible
4873,Multicontacto TP-Link Plus-593,Energía,TP-Link,Plus-593,"Multicontacto de TP-Link, modelo Plus-593, diseñado para uso doméstico, empresarial o profesional.",16656.48,70,Proveedor 22,Disponible
4874,PDU Dell Enterprise-691,Energía,Dell,Enterprise-691,"PDU de Dell, modelo Enterprise-691, diseñado para uso doméstico, empresarial o profesional.",12404.12,54,Proveedor 17,Disponible
4875,No break Acer Plus-224,Energía,Acer,Plus-224,"No break de Acer, modelo Plus-224, diseñado para uso doméstico, empresarial o profesional.",15258.58,65,Proveedor 17,Disponible
4876,Protector de voltaje Samsung Business-351,Energía,Samsung,Business-351,"Protector de voltaje de Samsung, modelo Business-351, diseñado para uso doméstico, empresarial o profesional.",11312.36,145,Proveedor 10,Disponible
4877,Fuente de alimentación Dell Max-828,Energía,Dell,Max-828,"Fuente de alimentación de Dell, modelo Max-828, diseñado para uso doméstico, empresarial o profesional.",15131.34,66,Proveedor 15,Disponible
4878,Protector de voltaje Cisco Plus-338,Energía,Cisco,Plus-338,"Protector de voltaje de Cisco, modelo Plus-338, diseñado para uso doméstico, empresarial o profesional.",6325.6,32,Proveedor 18,Disponible
4879,Batería Intel Plus-195,Energía,Intel,Plus-195,"Batería de Intel, modelo Plus-195, diseñado para uso doméstico, empresarial o profesional.",19156.93,104,Proveedor 16,Disponible
4880,Batería Cisco Enterprise-677,Energía,Cisco,Enterprise-677,"Batería de Cisco, modelo Enterprise-677, diseñado para uso doméstico, empresarial o profesional.",6794.78,56,Proveedor 05,Disponible
4881,Multicontacto Brother Basic-927,Energía,Brother,Basic-927,"Multicontacto de Brother, modelo Basic-927, diseñado para uso doméstico, empresarial o profesional.",11242.72,130,Proveedor 25,Disponible
4882,Cargador universal Huawei Enterprise-741,Energía,Huawei,Enterprise-741,"Cargador universal de Huawei, modelo Enterprise-741, diseñado para uso doméstico, empresarial o profesional.",10692.23,105,Proveedor 11,Disponible
4883,Multicontacto Lenovo Max-270,Energía,Lenovo,Max-270,"Multicontacto de Lenovo, modelo Max-270, diseñado para uso doméstico, empresarial o profesional.",7509.31,136,Proveedor 22,Disponible
4884,Regulador ASUS Max-268,Energía,ASUS,Max-268,"Regulador de ASUS, modelo Max-268, diseñado para uso doméstico, empresarial o profesional.",14408.86,0,Proveedor 25,Agotado
4885,UPS APC Pro-257,Energía,APC,Pro-257,"UPS de APC, modelo Pro-257, diseñado para uso doméstico, empresarial o profesional.",5098.02,53,Proveedor 02,Disponible
4886,Multicontacto APC Max-451,Energía,APC,Max-451,"Multicontacto de APC, modelo Max-451, diseñado para uso doméstico, empresarial o profesional.",8685.1,76,Proveedor 22,Disponible
4887,Multicontacto Brother Ultra-754,Energía,Brother,Ultra-754,"Multicontacto de Brother, modelo Ultra-754, diseñado para uso doméstico, empresarial o profesional.",10030.38,4,Proveedor 20,Disponible
4888,Multicontacto Logitech Plus-920,Energía,Logitech,Plus-920,"Multicontacto de Logitech, modelo Plus-920, diseñado para uso doméstico, empresarial o profesional.",11145.37,122,Proveedor 09,Disponible
4889,Fuente de alimentación Intel Plus-950,Energía,Intel,Plus-950,"Fuente de alimentación de Intel, modelo Plus-950, diseñado para uso doméstico, empresarial o profesional.",11603.12,85,Proveedor 05,Disponible
4890,UPS Epson Plus-751,Energía,Epson,Plus-751,"UPS de Epson, modelo Plus-751, diseñado para uso doméstico, empresarial o profesional.",4213.16,122,Proveedor 11,Disponible
4891,Inversor Samsung Max-743,Energía,Samsung,Max-743,"Inversor de Samsung, modelo Max-743, diseñado para uso doméstico, empresarial o profesional.",3383.15,128,Proveedor 23,Disponible
4892,Protector de voltaje Brother Plus-650,Energía,Brother,Plus-650,"Protector de voltaje de Brother, modelo Plus-650, diseñado para uso doméstico, empresarial o profesional.",14243.62,70,Proveedor 03,Disponible
4893,UPS Kingston Max-495,Energía,Kingston,Max-495,"UPS de Kingston, modelo Max-495, diseñado para uso doméstico, empresarial o profesional.",13757.11,40,Proveedor 14,Disponible
4894,PDU Samsung Enterprise-223,Energía,Samsung,Enterprise-223,"PDU de Samsung, modelo Enterprise-223, diseñado para uso doméstico, empresarial o profesional.",16820.85,30,Proveedor 20,Disponible
4895,Protector de voltaje Brother Ultra-363,Energía,Brother,Ultra-363,"Protector de voltaje de Brother, modelo Ultra-363, diseñado para uso doméstico, empresarial o profesional.",6859.24,68,Proveedor 20,Disponible
4896,Multicontacto LG Enterprise-425,Energía,LG,Enterprise-425,"Multicontacto de LG, modelo Enterprise-425, diseñado para uso doméstico, empresarial o profesional.",1670.84,91,Proveedor 25,Disponible
4897,Multicontacto Kingston Basic-726,Energía,Kingston,Basic-726,"Multicontacto de Kingston, modelo Basic-726, diseñado para uso doméstico, empresarial o profesional.",8215.23,135,Proveedor 20,Disponible
4898,Multicontacto Epson Business-108,Energía,Epson,Business-108,"Multicontacto de Epson, modelo Business-108, diseñado para uso doméstico, empresarial o profesional.",18291.92,12,Proveedor 19,Disponible
4899,Batería LG Business-616,Energía,LG,Business-616,"Batería de LG, modelo Business-616, diseñado para uso doméstico, empresarial o profesional.",16408.99,15,Proveedor 04,Disponible
4900,Multicontacto Acer Enterprise-138,Energía,Acer,Enterprise-138,"Multicontacto de Acer, modelo Enterprise-138, diseñado para uso doméstico, empresarial o profesional.",1945.76,83,Proveedor 19,Disponible
4901,PDU Lenovo Pro-387,Energía,Lenovo,Pro-387,"PDU de Lenovo, modelo Pro-387, diseñado para uso doméstico, empresarial o profesional.",3105.52,134,Proveedor 09,Disponible
4902,Cargador universal Acer Plus-890,Energía,Acer,Plus-890,"Cargador universal de Acer, modelo Plus-890, diseñado para uso doméstico, empresarial o profesional.",13340.67,42,Proveedor 16,Disponible
4903,Multicontacto Ubiquiti Max-149,Energía,Ubiquiti,Max-149,"Multicontacto de Ubiquiti, modelo Max-149, diseñado para uso doméstico, empresarial o profesional.",11462.58,133,Proveedor 25,Disponible
4904,Fuente de alimentación Ubiquiti Business-810,Energía,Ubiquiti,Business-810,"Fuente de alimentación de Ubiquiti, modelo Business-810, diseñado para uso doméstico, empresarial o profesional.",1223.97,21,Proveedor 21,Disponible
4905,Cargador universal Cisco Plus-108,Energía,Cisco,Plus-108,"Cargador universal de Cisco, modelo Plus-108, diseñado para uso doméstico, empresarial o profesional.",15924.27,50,Proveedor 10,Disponible
4906,Cargador universal TP-Link Basic-958,Energía,TP-Link,Basic-958,"Cargador universal de TP-Link, modelo Basic-958, diseñado para uso doméstico, empresarial o profesional.",17123.06,56,Proveedor 15,Disponible
4907,Batería LG Enterprise-639,Energía,LG,Enterprise-639,"Batería de LG, modelo Enterprise-639, diseñado para uso doméstico, empresarial o profesional.",8132.86,124,Proveedor 04,Disponible
4908,Inversor Samsung Plus-379,Energía,Samsung,Plus-379,"Inversor de Samsung, modelo Plus-379, diseñado para uso doméstico, empresarial o profesional.",8482.37,4,Proveedor 12,Disponible
4909,Batería Intel Pro-502,Energía,Intel,Pro-502,"Batería de Intel, modelo Pro-502, diseñado para uso doméstico, empresarial o profesional.",1057.83,111,Proveedor 16,Disponible
4910,Fuente de alimentación Huawei Business-817,Energía,Huawei,Business-817,"Fuente de alimentación de Huawei, modelo Business-817, diseñado para uso doméstico, empresarial o profesional.",2971.28,34,Proveedor 02,Disponible
4911,Inversor Acer Ultra-813,Energía,Acer,Ultra-813,"Inversor de Acer, modelo Ultra-813, diseñado para uso doméstico, empresarial o profesional.",17088.18,76,Proveedor 20,Disponible
4912,Protector de voltaje Dell Basic-713,Energía,Dell,Basic-713,"Protector de voltaje de Dell, modelo Basic-713, diseñado para uso doméstico, empresarial o profesional.",13894.76,135,Proveedor 12,Disponible
4913,Multicontacto Hikvision Business-741,Energía,Hikvision,Business-741,"Multicontacto de Hikvision, modelo Business-741, diseñado para uso doméstico, empresarial o profesional.",18528.36,39,Proveedor 17,Disponible
4914,Inversor Cisco Pro-187,Energía,Cisco,Pro-187,"Inversor de Cisco, modelo Pro-187, diseñado para uso doméstico, empresarial o profesional.",17619.71,91,Proveedor 11,Disponible
4915,Batería Tripp Lite Pro-981,Energía,Tripp Lite,Pro-981,"Batería de Tripp Lite, modelo Pro-981, diseñado para uso doméstico, empresarial o profesional.",637.3,127,Proveedor 15,Disponible
4916,Inversor Samsung Max-242,Energía,Samsung,Max-242,"Inversor de Samsung, modelo Max-242, diseñado para uso doméstico, empresarial o profesional.",2014.48,40,Proveedor 13,Disponible
4917,Regulador Ubiquiti Plus-322,Energía,Ubiquiti,Plus-322,"Regulador de Ubiquiti, modelo Plus-322, diseñado para uso doméstico, empresarial o profesional.",18862.26,94,Proveedor 13,Disponible
4918,PDU APC Plus-395,Energía,APC,Plus-395,"PDU de APC, modelo Plus-395, diseñado para uso doméstico, empresarial o profesional.",15030.67,0,Proveedor 15,Agotado
4919,Cargador universal AMD Enterprise-952,Energía,AMD,Enterprise-952,"Cargador universal de AMD, modelo Enterprise-952, diseñado para uso doméstico, empresarial o profesional.",691.92,123,Proveedor 11,Disponible
4920,UPS Intel Business-683,Energía,Intel,Business-683,"UPS de Intel, modelo Business-683, diseñado para uso doméstico, empresarial o profesional.",18778.63,129,Proveedor 03,Disponible
4921,PDU Brother Plus-479,Energía,Brother,Plus-479,"PDU de Brother, modelo Plus-479, diseñado para uso doméstico, empresarial o profesional.",1603.3,146,Proveedor 22,Disponible
4922,Fuente de alimentación Kingston Basic-912,Energía,Kingston,Basic-912,"Fuente de alimentación de Kingston, modelo Basic-912, diseñado para uso doméstico, empresarial o profesional.",6309.67,42,Proveedor 11,Disponible
4923,Batería HP Ultra-382,Energía,HP,Ultra-382,"Batería de HP, modelo Ultra-382, diseñado para uso doméstico, empresarial o profesional.",12493.27,45,Proveedor 17,Disponible
4924,Batería APC Enterprise-759,Energía,APC,Enterprise-759,"Batería de APC, modelo Enterprise-759, diseñado para uso doméstico, empresarial o profesional.",6892.8,146,Proveedor 16,Disponible
4925,Fuente de alimentación Hikvision Ultra-544,Energía,Hikvision,Ultra-544,"Fuente de alimentación de Hikvision, modelo Ultra-544, diseñado para uso doméstico, empresarial o profesional.",7172.47,81,Proveedor 19,Disponible
4926,No break Brother Basic-470,Energía,Brother,Basic-470,"No break de Brother, modelo Basic-470, diseñado para uso doméstico, empresarial o profesional.",6691.34,67,Proveedor 21,Disponible
4927,Batería Kingston Pro-884,Energía,Kingston,Pro-884,"Batería de Kingston, modelo Pro-884, diseñado para uso doméstico, empresarial o profesional.",8780.21,120,Proveedor 22,Disponible
4928,PDU HP Plus-980,Energía,HP,Plus-980,"PDU de HP, modelo Plus-980, diseñado para uso doméstico, empresarial o profesional.",8357.91,144,Proveedor 06,Disponible
4929,Regulador TP-Link Enterprise-696,Energía,TP-Link,Enterprise-696,"Regulador de TP-Link, modelo Enterprise-696, diseñado para uso doméstico, empresarial o profesional.",5496.22,13,Proveedor 16,Disponible
4930,Multicontacto Epson Plus-985,Energía,Epson,Plus-985,"Multicontacto de Epson, modelo Plus-985, diseñado para uso doméstico, empresarial o profesional.",2472.93,53,Proveedor 12,Disponible
4931,Protector de voltaje Hikvision Ultra-227,Energía,Hikvision,Ultra-227,"Protector de voltaje de Hikvision, modelo Ultra-227, diseñado para uso doméstico, empresarial o profesional.",19883.66,12,Proveedor 04,Disponible
4932,UPS Samsung Business-358,Energía,Samsung,Business-358,"UPS de Samsung, modelo Business-358, diseñado para uso doméstico, empresarial o profesional.",9381.29,58,Proveedor 25,Disponible
4933,Fuente de alimentación AMD Plus-346,Energía,AMD,Plus-346,"Fuente de alimentación de AMD, modelo Plus-346, diseñado para uso doméstico, empresarial o profesional.",13348.44,67,Proveedor 23,Disponible
4934,Cargador universal Brother Pro-277,Energía,Brother,Pro-277,"Cargador universal de Brother, modelo Pro-277, diseñado para uso doméstico, empresarial o profesional.",7209.85,93,Proveedor 15,Disponible
4935,Cargador universal Samsung Ultra-360,Energía,Samsung,Ultra-360,"Cargador universal de Samsung, modelo Ultra-360, diseñado para uso doméstico, empresarial o profesional.",2301.28,87,Proveedor 09,Disponible
4936,PDU Kingston Basic-502,Energía,Kingston,Basic-502,"PDU de Kingston, modelo Basic-502, diseñado para uso doméstico, empresarial o profesional.",10795.85,95,Proveedor 15,Disponible
4937,Batería AMD Business-421,Energía,AMD,Business-421,"Batería de AMD, modelo Business-421, diseñado para uso doméstico, empresarial o profesional.",3245.06,37,Proveedor 18,Disponible
4938,Inversor LG Plus-665,Energía,LG,Plus-665,"Inversor de LG, modelo Plus-665, diseñado para uso doméstico, empresarial o profesional.",598.65,149,Proveedor 12,Disponible
4939,PDU AMD Plus-952,Energía,AMD,Plus-952,"PDU de AMD, modelo Plus-952, diseñado para uso doméstico, empresarial o profesional.",9884.03,128,Proveedor 04,Disponible
4940,Multicontacto Huawei Basic-259,Energía,Huawei,Basic-259,"Multicontacto de Huawei, modelo Basic-259, diseñado para uso doméstico, empresarial o profesional.",15801.44,135,Proveedor 25,Disponible
4941,Fuente de alimentación HP Enterprise-298,Energía,HP,Enterprise-298,"Fuente de alimentación de HP, modelo Enterprise-298, diseñado para uso doméstico, empresarial o profesional.",8358.26,61,Proveedor 07,Disponible
4942,Fuente de alimentación Hikvision Basic-407,Energía,Hikvision,Basic-407,"Fuente de alimentación de Hikvision, modelo Basic-407, diseñado para uso doméstico, empresarial o profesional.",610.3,26,Proveedor 09,Disponible
4943,Multicontacto Intel Ultra-748,Energía,Intel,Ultra-748,"Multicontacto de Intel, modelo Ultra-748, diseñado para uso doméstico, empresarial o profesional.",14397.27,65,Proveedor 24,Disponible
4944,PDU Intel Ultra-837,Energía,Intel,Ultra-837,"PDU de Intel, modelo Ultra-837, diseñado para uso doméstico, empresarial o profesional.",16234.81,62,Proveedor 10,Disponible
4945,UPS Tripp Lite Plus-830,Energía,Tripp Lite,Plus-830,"UPS de Tripp Lite, modelo Plus-830, diseñado para uso doméstico, empresarial o profesional.",6557.0,87,Proveedor 02,Disponible
4946,Cargador universal Acer Ultra-390,Energía,Acer,Ultra-390,"Cargador universal de Acer, modelo Ultra-390, diseñado para uso doméstico, empresarial o profesional.",7614.05,103,Proveedor 02,Disponible
4947,UPS Hikvision Basic-295,Energía,Hikvision,Basic-295,"UPS de Hikvision, modelo Basic-295, diseñado para uso doméstico, empresarial o profesional.",12267.54,99,Proveedor 04,Disponible
4948,No break Dell Ultra-456,Energía,Dell,Ultra-456,"No break de Dell, modelo Ultra-456, diseñado para uso doméstico, empresarial o profesional.",12411.55,7,Proveedor 22,Disponible
4949,No break HP Ultra-867,Energía,HP,Ultra-867,"No break de HP, modelo Ultra-867, diseñado para uso doméstico, empresarial o profesional.",946.5,98,Proveedor 15,Disponible
4950,Protector de voltaje Logitech Max-134,Energía,Logitech,Max-134,"Protector de voltaje de Logitech, modelo Max-134, diseñado para uso doméstico, empresarial o profesional.",9905.4,110,Proveedor 23,Disponible
4951,Protector de voltaje ASUS Max-420,Energía,ASUS,Max-420,"Protector de voltaje de ASUS, modelo Max-420, diseñado para uso doméstico, empresarial o profesional.",6447.87,25,Proveedor 13,Disponible
4952,Regulador HP Business-917,Energía,HP,Business-917,"Regulador de HP, modelo Business-917, diseñado para uso doméstico, empresarial o profesional.",7462.01,60,Proveedor 22,Disponible
4953,Cargador universal Intel Ultra-555,Energía,Intel,Ultra-555,"Cargador universal de Intel, modelo Ultra-555, diseñado para uso doméstico, empresarial o profesional.",8185.63,63,Proveedor 12,Disponible
4954,Batería Ubiquiti Ultra-345,Energía,Ubiquiti,Ultra-345,"Batería de Ubiquiti, modelo Ultra-345, diseñado para uso doméstico, empresarial o profesional.",7518.28,91,Proveedor 23,Disponible
4955,Cargador universal AMD Ultra-146,Energía,AMD,Ultra-146,"Cargador universal de AMD, modelo Ultra-146, diseñado para uso doméstico, empresarial o profesional.",9908.73,116,Proveedor 05,Disponible
4956,Regulador Tripp Lite Max-319,Energía,Tripp Lite,Max-319,"Regulador de Tripp Lite, modelo Max-319, diseñado para uso doméstico, empresarial o profesional.",5584.29,21,Proveedor 07,Disponible
4957,Batería LG Enterprise-209,Energía,LG,Enterprise-209,"Batería de LG, modelo Enterprise-209, diseñado para uso doméstico, empresarial o profesional.",15127.31,1,Proveedor 03,Disponible
4958,Fuente de alimentación Acer Basic-718,Energía,Acer,Basic-718,"Fuente de alimentación de Acer, modelo Basic-718, diseñado para uso doméstico, empresarial o profesional.",9494.89,79,Proveedor 06,Disponible
4959,PDU Kingston Max-332,Energía,Kingston,Max-332,"PDU de Kingston, modelo Max-332, diseñado para uso doméstico, empresarial o profesional.",8786.21,57,Proveedor 11,Disponible
4960,PDU Intel Ultra-552,Energía,Intel,Ultra-552,"PDU de Intel, modelo Ultra-552, diseñado para uso doméstico, empresarial o profesional.",15430.35,16,Proveedor 23,Disponible
4961,Fuente de alimentación APC Basic-300,Energía,APC,Basic-300,"Fuente de alimentación de APC, modelo Basic-300, diseñado para uso doméstico, empresarial o profesional.",14145.98,2,Proveedor 22,Disponible
4962,No break Hikvision Business-838,Energía,Hikvision,Business-838,"No break de Hikvision, modelo Business-838, diseñado para uso doméstico, empresarial o profesional.",4759.46,93,Proveedor 25,Disponible
4963,Multicontacto LG Max-933,Energía,LG,Max-933,"Multicontacto de LG, modelo Max-933, diseñado para uso doméstico, empresarial o profesional.",3279.01,6,Proveedor 17,Disponible
4964,Regulador Samsung Pro-785,Energía,Samsung,Pro-785,"Regulador de Samsung, modelo Pro-785, diseñado para uso doméstico, empresarial o profesional.",8447.84,120,Proveedor 19,Disponible
4965,Fuente de alimentación Dell Pro-618,Energía,Dell,Pro-618,"Fuente de alimentación de Dell, modelo Pro-618, diseñado para uso doméstico, empresarial o profesional.",17313.67,133,Proveedor 13,Disponible
4966,Multicontacto Intel Basic-190,Energía,Intel,Basic-190,"Multicontacto de Intel, modelo Basic-190, diseñado para uso doméstico, empresarial o profesional.",16252.4,32,Proveedor 07,Disponible
4967,Regulador Dell Plus-741,Energía,Dell,Plus-741,"Regulador de Dell, modelo Plus-741, diseñado para uso doméstico, empresarial o profesional.",13239.08,82,Proveedor 06,Disponible
4968,Multicontacto Dell Basic-699,Energía,Dell,Basic-699,"Multicontacto de Dell, modelo Basic-699, diseñado para uso doméstico, empresarial o profesional.",9912.33,139,Proveedor 19,Disponible
4969,Regulador Samsung Enterprise-733,Energía,Samsung,Enterprise-733,"Regulador de Samsung, modelo Enterprise-733, diseñado para uso doméstico, empresarial o profesional.",17336.65,100,Proveedor 25,Disponible
4970,Inversor Hikvision Plus-744,Energía,Hikvision,Plus-744,"Inversor de Hikvision, modelo Plus-744, diseñado para uso doméstico, empresarial o profesional.",12675.03,96,Proveedor 12,Disponible
4971,Batería ASUS Plus-802,Energía,ASUS,Plus-802,"Batería de ASUS, modelo Plus-802, diseñado para uso doméstico, empresarial o profesional.",16424.7,71,Proveedor 10,Disponible
4972,UPS HP Max-199,Energía,HP,Max-199,"UPS de HP, modelo Max-199, diseñado para uso doméstico, empresarial o profesional.",15996.53,136,Proveedor 22,Disponible
4973,Inversor Dell Pro-491,Energía,Dell,Pro-491,"Inversor de Dell, modelo Pro-491, diseñado para uso doméstico, empresarial o profesional.",18446.99,48,Proveedor 17,Disponible
4974,No break Samsung Pro-159,Energía,Samsung,Pro-159,"No break de Samsung, modelo Pro-159, diseñado para uso doméstico, empresarial o profesional.",4320.03,138,Proveedor 04,Disponible
4975,Protector de voltaje Acer Ultra-957,Energía,Acer,Ultra-957,"Protector de voltaje de Acer, modelo Ultra-957, diseñado para uso doméstico, empresarial o profesional.",19036.59,109,Proveedor 17,Disponible
4976,Fuente de alimentación HP Max-897,Energía,HP,Max-897,"Fuente de alimentación de HP, modelo Max-897, diseñado para uso doméstico, empresarial o profesional.",17981.73,127,Proveedor 03,Disponible
4977,Fuente de alimentación Huawei Business-237,Energía,Huawei,Business-237,"Fuente de alimentación de Huawei, modelo Business-237, diseñado para uso doméstico, empresarial o profesional.",3524.8,19,Proveedor 09,Disponible
4978,Cargador universal Epson Pro-348,Energía,Epson,Pro-348,"Cargador universal de Epson, modelo Pro-348, diseñado para uso doméstico, empresarial o profesional.",6641.95,15,Proveedor 04,Disponible
4979,UPS ASUS Ultra-273,Energía,ASUS,Ultra-273,"UPS de ASUS, modelo Ultra-273, diseñado para uso doméstico, empresarial o profesional.",10948.63,99,Proveedor 01,Disponible
4980,Batería TP-Link Max-593,Energía,TP-Link,Max-593,"Batería de TP-Link, modelo Max-593, diseñado para uso doméstico, empresarial o profesional.",17599.38,101,Proveedor 10,Disponible
4981,PDU Brother Basic-849,Energía,Brother,Basic-849,"PDU de Brother, modelo Basic-849, diseñado para uso doméstico, empresarial o profesional.",11566.95,107,Proveedor 22,Disponible
4982,PDU Ubiquiti Basic-656,Energía,Ubiquiti,Basic-656,"PDU de Ubiquiti, modelo Basic-656, diseñado para uso doméstico, empresarial o profesional.",4935.46,119,Proveedor 13,Disponible
4983,Regulador AMD Plus-102,Energía,AMD,Plus-102,"Regulador de AMD, modelo Plus-102, diseñado para uso doméstico, empresarial o profesional.",9792.86,123,Proveedor 23,Disponible
4984,UPS Ubiquiti Pro-196,Energía,Ubiquiti,Pro-196,"UPS de Ubiquiti, modelo Pro-196, diseñado para uso doméstico, empresarial o profesional.",10105.01,10,Proveedor 10,Disponible
4985,Cargador universal APC Enterprise-628,Energía,APC,Enterprise-628,"Cargador universal de APC, modelo Enterprise-628, diseñado para uso doméstico, empresarial o profesional.",8046.35,12,Proveedor 22,Disponible
4986,Fuente de alimentación HP Max-499,Energía,HP,Max-499,"Fuente de alimentación de HP, modelo Max-499, diseñado para uso doméstico, empresarial o profesional.",16324.97,56,Proveedor 02,Disponible
4987,Batería ASUS Ultra-965,Energía,ASUS,Ultra-965,"Batería de ASUS, modelo Ultra-965, diseñado para uso doméstico, empresarial o profesional.",6123.12,84,Proveedor 13,Disponible
4988,Fuente de alimentación AMD Ultra-578,Energía,AMD,Ultra-578,"Fuente de alimentación de AMD, modelo Ultra-578, diseñado para uso doméstico, empresarial o profesional.",6145.58,150,Proveedor 20,Disponible
4989,UPS Huawei Basic-430,Energía,Huawei,Basic-430,"UPS de Huawei, modelo Basic-430, diseñado para uso doméstico, empresarial o profesional.",14429.0,59,Proveedor 20,Disponible
4990,No break Huawei Enterprise-356,Energía,Huawei,Enterprise-356,"No break de Huawei, modelo Enterprise-356, diseñado para uso doméstico, empresarial o profesional.",15972.67,145,Proveedor 02,Disponible
4991,Protector de voltaje Brother Business-115,Energía,Brother,Business-115,"Protector de voltaje de Brother, modelo Business-115, diseñado para uso doméstico, empresarial o profesional.",4781.99,33,Proveedor 11,Disponible
4992,UPS AMD Ultra-799,Energía,AMD,Ultra-799,"UPS de AMD, modelo Ultra-799, diseñado para uso doméstico, empresarial o profesional.",1298.34,141,Proveedor 03,Disponible
4993,Inversor Tripp Lite Max-202,Energía,Tripp Lite,Max-202,"Inversor de Tripp Lite, modelo Max-202, diseñado para uso doméstico, empresarial o profesional.",3959.61,139,Proveedor 05,Disponible
4994,Protector de voltaje Huawei Ultra-111,Energía,Huawei,Ultra-111,"Protector de voltaje de Huawei, modelo Ultra-111, diseñado para uso doméstico, empresarial o profesional.",9381.84,44,Proveedor 04,Disponible
4995,Inversor Epson Basic-712,Energía,Epson,Basic-712,"Inversor de Epson, modelo Basic-712, diseñado para uso doméstico, empresarial o profesional.",5167.12,101,Proveedor 24,Disponible
4996,Regulador Samsung Pro-511,Energía,Samsung,Pro-511,"Regulador de Samsung, modelo Pro-511, diseñado para uso doméstico, empresarial o profesional.",15968.83,35,Proveedor 06,Disponible
4997,UPS Ubiquiti Max-852,Energía,Ubiquiti,Max-852,"UPS de Ubiquiti, modelo Max-852, diseñado para uso doméstico, empresarial o profesional.",18602.14,6,Proveedor 18,Disponible
4998,Cargador universal Hikvision Plus-911,Energía,Hikvision,Plus-911,"Cargador universal de Hikvision, modelo Plus-911, diseñado para uso doméstico, empresarial o profesional.",5707.8,2,Proveedor 05,Disponible
4999,Protector de voltaje Epson Pro-891,Energía,Epson,Pro-891,"Protector de voltaje de Epson, modelo Pro-891, diseñado para uso doméstico, empresarial o profesional.",19874.68,139,Proveedor 08,Disponible
5000,Cargador universal Kingston Pro-798,Energía,Kingston,Pro-798,"Cargador universal de Kingston, modelo Pro-798, diseñado para uso doméstico, empresarial o profesional.",16824.12,21,Proveedor 01,Disponible
